  0
SECTION
  2
HEADER
  9
$ACADVER
  1
AC1024
  9
$ACADMAINTVER
 70
     6
  9
$DWGCODEPAGE
  3
ANSI_1250
  9
$LASTSAVEDBY
  1
mmack
  9
$INSBASE
 10
0.0
 20
0.0
 30
0.0
  9
$EXTMIN
 10
-50.00000000000045
 20
-0.0000000000002423
 30
0.0
  9
$EXTMAX
 10
0.0000000000009663
 20
58.60723257000767
 30
0.0
  9
$LIMMIN
 10
0.0
 20
0.0
  9
$LIMMAX
 10
420.0
 20
297.0
  9
$ORTHOMODE
 70
     1
  9
$REGENMODE
 70
     1
  9
$FILLMODE
 70
     1
  9
$QTEXTMODE
 70
     0
  9
$MIRRTEXT
 70
     0
  9
$LTSCALE
 40
1.0
  9
$ATTMODE
 70
     1
  9
$TEXTSIZE
 40
2.5
  9
$TRACEWID
 40
1.0
  9
$TEXTSTYLE
  7
Standard
  9
$CLAYER
  8
0
  9
$CELTYPE
  6
ByLayer
  9
$CECOLOR
 62
   256
  9
$CELTSCALE
 40
1.0
  9
$DISPSILH
 70
     0
  9
$DIMSCALE
 40
1.0
  9
$DIMASZ
 40
0.18
  9
$DIMEXO
 40
0.0625
  9
$DIMDLI
 40
0.38
  9
$DIMRND
 40
0.0
  9
$DIMDLE
 40
0.0
  9
$DIMEXE
 40
0.18
  9
$DIMTP
 40
0.0
  9
$DIMTM
 40
0.0
  9
$DIMTXT
 40
1.5
  9
$DIMCEN
 40
0.09
  9
$DIMTSZ
 40
0.0
  9
$DIMTOL
 70
     0
  9
$DIMLIM
 70
     0
  9
$DIMTIH
 70
     0
  9
$DIMTOH
 70
     0
  9
$DIMSE1
 70
     1
  9
$DIMSE2
 70
     1
  9
$DIMTAD
 70
     4
  9
$DIMZIN
 70
     0
  9
$DIMTOFFSET
 70
     1
  9
$DIMBLK
  1

  9
$DIMASO
 70
     1
  9
$DIMSHO
 70
     1
  9
$DIMPOST
  1
- <> m -
  9
$DIMAPOST
  1

  9
$DIMALT
 70
     0
  9
$DIMALTD
 70
     2
  9
$DIMALTF
 40
25.4
  9
$DIMLFAC
 40
1.0
  9
$DIMTOFL
 70
     0
  9
$DIMTVP
 40
0.0
  9
$DIMTIX
 70
     0
  9
$DIMSOXD
 70
     0
  9
$DIMSAH
 70
     0
  9
$DIMBLK1
  1

  9
$DIMBLK2
  1

  9
$DIMSTYLE
  2
opis linie
  9
$DIMCLRD
 70
     0
  9
$DIMCLRE
 70
     0
  9
$DIMCLRT
 70
   256
  9
$DIMTFAC
 40
1.0
  9
$DIMGAP
 40
2.5
  9
$DIMJUST
 70
     0
  9
$DIMSD1
 70
     1
  9
$DIMSD2
 70
     1
  9
$DIMTOLJ
 70
     1
  9
$DIMTZIN
 70
     0
  9
$DIMALTZ
 70
     0
  9
$DIMALTTZ
 70
     0
  9
$DIMUPT
 70
     0
  9
$DIMDEC
 70
     0
  9
$DIMTDEC
 70
     0
  9
$DIMALTU
 70
     2
  9
$DIMALTTD
 70
     2
  9
$DIMTXSTY
  7
Standard
  9
$DIMAUNIT
 70
     0
  9
$DIMADEC
 70
     0
  9
$DIMALTRND
 40
0.0
  9
$DIMAZIN
 70
     0
  9
$DIMDSEP
 70
    46
  9
$DIMATFIT
 70
     3
  9
$DIMFRAC
 70
     0
  9
$DIMLDRBLK
  1

  9
$DIMLUNIT
 70
     2
  9
$DIMLWD
 70
    -2
  9
$DIMLWE
 70
    -2
  9
$DIMTMOVE
 70
     0
  9
$DIMFXL
 40
1.0
  9
$DIMFXLON
 70
     0
  9
$DIMJOGANG
 40
0.7853981633974483
  9
$DIMTFILL
 70
     1
  9
$DIMTFILLCLR
 70
     0
  9
$DIMARCSYM
 70
     0
  9
$DIMLTYPE
  6

  9
$DIMLTEX1
  6

  9
$DIMLTEX2
  6

  9
$DIMTXTDIRECTION
 70
     0
  9
$LUNITS
 70
     2
  9
$LUPREC
 70
     4
  9
$SKETCHINC
 40
1.0
  9
$FILLETRAD
 40
0.0
  9
$AUNITS
 70
     0
  9
$AUPREC
 70
     0
  9
$MENU
  1
.
  9
$ELEVATION
 40
0.0
  9
$PELEVATION
 40
0.0
  9
$THICKNESS
 40
0.0
  9
$LIMCHECK
 70
     0
  9
$CHAMFERA
 40
0.0
  9
$CHAMFERB
 40
0.0
  9
$CHAMFERC
 40
0.0
  9
$CHAMFERD
 40
0.0
  9
$SKPOLY
 70
     0
  9
$TDCREATE
 40
2461319.89659051
  9
$TDUCREATE
 40
2461319.813257176
  9
$TDUPDATE
 40
2461322.963161678
  9
$TDUUPDATE
 40
2461322.879828345
  9
$TDINDWG
 40
0.2380200116
  9
$TDUSRTIMER
 40
0.2380190625
  9
$USRTIMER
 70
     1
  9
$ANGBASE
 50
0.0
  9
$ANGDIR
 70
     0
  9
$PDMODE
 70
     0
  9
$PDSIZE
 40
0.0
  9
$PLINEWID
 40
0.0
  9
$SPLFRAME
 70
     0
  9
$SPLINETYPE
 70
     6
  9
$SPLINESEGS
 70
     8
  9
$HANDSEED
  5
26D1
  9
$SURFTAB1
 70
     6
  9
$SURFTAB2
 70
     6
  9
$SURFTYPE
 70
     6
  9
$SURFU
 70
     6
  9
$SURFV
 70
     6
  9
$UCSBASE
  2

  9
$UCSNAME
  2

  9
$UCSORG
 10
0.0
 20
0.0
 30
0.0
  9
$UCSXDIR
 10
1.0
 20
0.0
 30
0.0
  9
$UCSYDIR
 10
0.0
 20
1.0
 30
0.0
  9
$UCSORTHOREF
  2

  9
$UCSORTHOVIEW
 70
     0
  9
$UCSORGTOP
 10
0.0
 20
0.0
 30
0.0
  9
$UCSORGBOTTOM
 10
0.0
 20
0.0
 30
0.0
  9
$UCSORGLEFT
 10
0.0
 20
0.0
 30
0.0
  9
$UCSORGRIGHT
 10
0.0
 20
0.0
 30
0.0
  9
$UCSORGFRONT
 10
0.0
 20
0.0
 30
0.0
  9
$UCSORGBACK
 10
0.0
 20
0.0
 30
0.0
  9
$PUCSBASE
  2

  9
$PUCSNAME
  2

  9
$PUCSORG
 10
0.0
 20
0.0
 30
0.0
  9
$PUCSXDIR
 10
1.0
 20
0.0
 30
0.0
  9
$PUCSYDIR
 10
0.0
 20
1.0
 30
0.0
  9
$PUCSORTHOREF
  2

  9
$PUCSORTHOVIEW
 70
     0
  9
$PUCSORGTOP
 10
0.0
 20
0.0
 30
0.0
  9
$PUCSORGBOTTOM
 10
0.0
 20
0.0
 30
0.0
  9
$PUCSORGLEFT
 10
0.0
 20
0.0
 30
0.0
  9
$PUCSORGRIGHT
 10
0.0
 20
0.0
 30
0.0
  9
$PUCSORGFRONT
 10
0.0
 20
0.0
 30
0.0
  9
$PUCSORGBACK
 10
0.0
 20
0.0
 30
0.0
  9
$USERI1
 70
     0
  9
$USERI2
 70
     0
  9
$USERI3
 70
     0
  9
$USERI4
 70
     0
  9
$USERI5
 70
     0
  9
$USERR1
 40
0.0
  9
$USERR2
 40
0.0
  9
$USERR3
 40
0.0
  9
$USERR4
 40
0.0
  9
$USERR5
 40
0.0
  9
$WORLDVIEW
 70
     1
  9
$SHADEDGE
 70
     3
  9
$SHADEDIF
 70
    70
  9
$TILEMODE
 70
     0
  9
$MAXACTVP
 70
    64
  9
$PINSBASE
 10
0.0
 20
0.0
 30
0.0
  9
$PLIMCHECK
 70
     0
  9
$PEXTMIN
 10
0.0
 20
0.0
 30
0.0
  9
$PEXTMAX
 10
395.0000000000015
 20
286.8294948860808
 30
1.0
  9
$PLIMMIN
 10
-20.0
 20
-5.0
  9
$PLIMMAX
 10
400.0
 20
292.0
  9
$UNITMODE
 70
     0
  9
$VISRETAIN
 70
     1
  9
$PLINEGEN
 70
     0
  9
$PSLTSCALE
 70
     1
  9
$TREEDEPTH
 70
  3020
  9
$CMLSTYLE
  2
Standard
  9
$CMLJUST
 70
     0
  9
$CMLSCALE
 40
20.0
  9
$PROXYGRAPHICS
 70
     1
  9
$MEASUREMENT
 70
     1
  9
$CELWEIGHT
370
    -1
  9
$ENDCAPS
280
     0
  9
$JOINSTYLE
280
     0
  9
$LWDISPLAY
290
     1
  9
$INSUNITS
 70
     6
  9
$HYPERLINKBASE
  1

  9
$STYLESHEET
  1

  9
$XEDIT
290
     1
  9
$CEPSNTYPE
380
     0
  9
$PSTYLEMODE
290
     1
  9
$FINGERPRINTGUID
  2
{78B0F746-B111-4909-95E5-2EF5CBA97683}
  9
$VERSIONGUID
  2
{802A1128-578F-4476-99F9-9F88F1E6F721}
  9
$EXTNAMES
290
     1
  9
$PSVPSCALE
 40
0.0
  9
$OLESTARTUP
290
     0
  9
$SORTENTS
280
   127
  9
$INDEXCTL
280
     0
  9
$HIDETEXT
280
     1
  9
$XCLIPFRAME
280
     0
  9
$HALOGAP
280
     0
  9
$OBSCOLOR
 70
   257
  9
$OBSLTYPE
280
     0
  9
$INTERSECTIONDISPLAY
280
     0
  9
$INTERSECTIONCOLOR
 70
   257
  9
$DIMASSOC
280
     2
  9
$PROJECTNAME
  1

  9
$CAMERADISPLAY
290
     0
  9
$LENSLENGTH
 40
50.0
  9
$CAMERAHEIGHT
 40
0.0
  9
$STEPSPERSEC
 40
2.0
  9
$STEPSIZE
 40
6.0
  9
$3DDWFPREC
 40
2.0
  9
$PSOLWIDTH
 40
5.0
  9
$PSOLHEIGHT
 40
80.0
  9
$LOFTANG1
 40
1.570796326794897
  9
$LOFTANG2
 40
1.570796326794897
  9
$LOFTMAG1
 40
0.0
  9
$LOFTMAG2
 40
0.0
  9
$LOFTPARAM
 70
     7
  9
$LOFTNORMALS
280
     1
  9
$LATITUDE
 40
37.795
  9
$LONGITUDE
 40
-122.394
  9
$NORTHDIRECTION
 40
0.0
  9
$TIMEZONE
 70
 -8000
  9
$LIGHTGLYPHDISPLAY
280
     1
  9
$TILEMODELIGHTSYNCH
280
     1
  9
$CMATERIAL
347
EC
  9
$SOLIDHIST
280
     0
  9
$SHOWHIST
280
     1
  9
$DWFFRAME
280
     2
  9
$DGNFRAME
280
     0
  9
$REALWORLDSCALE
290
     1
  9
$INTERFERECOLOR
 62
     1
  9
$INTERFEREOBJVS
345
F9
  9
$INTERFEREVPVS
346
F6
  9
$CSHADOW
280
     0
  9
$SHADOWPLANELOCATION
 40
0.0
  0
ENDSEC
  0
SECTION
  2
CLASSES
  0
CLASS
  1
ACDBDICTIONARYWDFLT
  2
AcDbDictionaryWithDefault
  3
ObjectDBX Classes
 90
        0
 91
        1
280
     0
281
     0
  0
CLASS
  1
ACDBPLACEHOLDER
  2
AcDbPlaceHolder
  3
ObjectDBX Classes
 90
        0
 91
        1
280
     0
281
     0
  0
CLASS
  1
LAYOUT
  2
AcDbLayout
  3
ObjectDBX Classes
 90
        0
 91
        1
280
     0
281
     0
  0
CLASS
  1
DICTIONARYVAR
  2
AcDbDictionaryVar
  3
ObjectDBX Classes
 90
        0
 91
        1
280
     0
281
     0
  0
CLASS
  1
TABLESTYLE
  2
AcDbTableStyle
  3
ObjectDBX Classes
 90
     4095
 91
        1
280
     0
281
     0
  0
CLASS
  1
MATERIAL
  2
AcDbMaterial
  3
ObjectDBX Classes
 90
     1153
 91
        1
280
     0
281
     0
  0
CLASS
  1
VISUALSTYLE
  2
AcDbVisualStyle
  3
ObjectDBX Classes
 90
     4095
 91
        1
280
     0
281
     0
  0
CLASS
  1
SCALE
  2
AcDbScale
  3
ObjectDBX Classes
 90
     1153
 91
        1
280
     0
281
     0
  0
CLASS
  1
MLEADERSTYLE
  2
AcDbMLeaderStyle
  3
ACDB_MLEADERSTYLE_CLASS
 90
     4095
 91
        1
280
     0
281
     0
  0
CLASS
  1
CELLSTYLEMAP
  2
AcDbCellStyleMap
  3
ObjectDBX Classes
 90
     1152
 91
        1
280
     0
281
     0
  0
CLASS
  1
EXACXREFPANELOBJECT
  2
ExAcXREFPanelObject
  3
EXAC_ESW
 90
     1025
 91
        1
280
     1
281
     0
  0
CLASS
  1
NPOCOLLECTION
  2
AcDbImpNonPersistentObjectsCollection
  3
ObjectDBX Classes
 90
     1153
 91
        1
280
     1
281
     0
  0
CLASS
  1
LAYER_INDEX
  2
AcDbLayerIndex
  3
ObjectDBX Classes
 90
        0
 91
        1
280
     0
281
     0
  0
CLASS
  1
SPATIAL_INDEX
  2
AcDbSpatialIndex
  3
AutoCAD 2000
 90
        0
 91
        1
280
     0
281
     0
  0
CLASS
  1
IDBUFFER
  2
AcDbIdBuffer
  3
ObjectDBX Classes
 90
        0
 91
        1
280
     0
281
     0
  0
CLASS
  1
ACDBSECTIONVIEWSTYLE
  2
AcDbSectionViewStyle
  3
ObjectDBX Classes
 90
     1025
 91
        1
280
     0
281
     0
  0
CLASS
  1
ACDBDETAILVIEWSTYLE
  2
AcDbDetailViewStyle
  3
ObjectDBX Classes
 90
     1025
 91
        1
280
     0
281
     0
  0
CLASS
  1
SUN
  2
AcDbSun
  3
SCENEOE
 90
     1153
 91
        1
280
     0
281
     0
  0
CLASS
  1
SORTENTSTABLE
  2
AcDbSortentsTable
  3
ObjectDBX Classes
 90
        0
 91
        1
280
     0
281
     0
  0
CLASS
  1
MULTILEADER
  2
AcDbMLeader
  3
ACDB_MLEADER_CLASS
 90
     1025
 91
        1
280
     0
281
     1
  0
CLASS
  1
GCDBBLOCKCONSTRAINTCOLORDATA
  2
GcDbBlockConstraintColorData
  3
ACRX_T("ObjectDBX Classes")
 90
     3071
 91
        1
280
     1
281
     0
  0
ENDSEC
  0
SECTION
  2
TABLES
  0
TABLE
  2
VPORT
  5
8
330
0
100
AcDbSymbolTable
 70
     1
  0
VPORT
  5
EA
330
8
100
AcDbSymbolTableRecord
100
AcDbViewportTableRecord
  2
*Active
 70
     0
 10
0.0
 20
0.0
 11
1.0
 21
1.0
 12
7530747.923726565
 22
5721050.542179402
 13
0.0
 23
0.0
 14
10.0
 24
10.0
 15
10.0
 25
10.0
 16
0.0
 26
0.0
 36
1.0
 17
0.0
 27
0.0
 37
0.0
 40
278285.4350711896
 41
2.948096885813149
 42
50.0
 43
0.0
 44
0.0
 50
0.0
 51
0.0
 71
     0
 72
  1000
 73
     1
 74
     3
 75
     0
 76
     0
 77
     0
 78
     0
281
     0
 65
     1
110
0.0
120
0.0
130
0.0
111
1.0
121
0.0
131
0.0
112
0.0
122
1.0
132
0.0
 79
     0
146
0.0
348
F5
 60
     3
 61
     5
292
     1
282
     1
141
0.0
142
0.0
 63
   250
421
  3355443
361
25E
1001
ACAD_NAV_VCDISPLAY
1070
     3
  0
ENDTAB
  0
TABLE
  2
LTYPE
  5
5
330
0
100
AcDbSymbolTable
 70
     6
  0
LTYPE
  5
14
330
5
100
AcDbSymbolTableRecord
100
AcDbLinetypeTableRecord
  2
ByBlock
 70
     0
  3

 72
    65
 73
     0
 40
0.0
  0
LTYPE
  5
15
330
5
100
AcDbSymbolTableRecord
100
AcDbLinetypeTableRecord
  2
ByLayer
 70
     0
  3

 72
    65
 73
     0
 40
0.0
  0
LTYPE
  5
16
330
5
100
AcDbSymbolTableRecord
100
AcDbLinetypeTableRecord
  2
Continuous
 70
     0
  3
Solid line
 72
    65
 73
     0
 40
0.0
  0
LTYPE
  5
3D8
330
5
100
AcDbSymbolTableRecord
100
AcDbLinetypeTableRecord
  2
4002
 70
     0
  3
1,-1 - - - - - - - - - - - - - - - - - -
 72
    65
 73
     2
 40
2.0
 49
1.0
 74
     0
 49
-1.0
 74
     0
  0
LTYPE
  5
449
330
5
100
AcDbSymbolTableRecord
100
AcDbLinetypeTableRecord
  2
GCAD_ISO03W100
 70
     0
  3
ISO dash space __    __    __    __    __    __
 72
    65
 73
     2
 40
30.0
 49
12.0
 74
     0
 49
-18.0
 74
     0
  0
LTYPE
  5
F3C
330
5
100
AcDbSymbolTableRecord
100
AcDbLinetypeTableRecord
  2
SCARPLINE1A
 70
     0
  3
Scarp line(down)--|---|---|---|---|---|---|---|
 72
    65
 73
     2
 40
2.00000000001
 49
2.0
 74
     4
 75
   150
340
F3B
 46
1.0
 50
0.0
 44
0.0
 45
0.0
 49
0.00000000001
 74
     0
  0
LTYPE
  5
1BAD
330
5
100
AcDbSymbolTableRecord
100
AcDbLinetypeTableRecord
  2
ACAD_ISO03W100
 70
     0
  3
 linia kreska spacja __    __    __    __    __
 72
    65
 73
     2
 40
30.0
 49
12.0
 74
     0
 49
-18.0
 74
     0
  0
LTYPE
  5
1BBF
330
5
100
AcDbSymbolTableRecord
100
AcDbLinetypeTableRecord
  2
DGN Style 2
 70
     0
  3
Dgn Style 2
 72
    65
 73
     2
 40
0.0052243461207368
 49
0.0031346076724421
 74
     0
 49
-0.0020897384482947
 74
     0
  0
ENDTAB
  0
TABLE
  2
LAYER
  5
2
102
{ACAD_XDICTIONARY
360
1FF
102
}
330
0
100
AcDbSymbolTable
 70
    39
  0
LAYER
  5
10
102
{ACAD_XDICTIONARY
360
F2F
102
}
330
2
100
AcDbSymbolTableRecord
100
AcDbLayerTableRecord
  2
0
 70
     0
 62
     7
  6
Continuous
370
    -3
390
F
347
EE
1001
AcAecLayerStandard
1000

1000

  0
LAYER
  5
334
102
{ACAD_XDICTIONARY
360
335
102
}
330
2
100
AcDbSymbolTableRecord
100
AcDbLayerTableRecord
  2
!TELE
 70
     0
 62
    30
  6
SCARPLINE1A
370
    50
390
F
347
EE
1001
AcAecLayerStandard
1000

1000

1001
AcCmTransparency
1071
 33554687
  0
LAYER
  5
3CE
102
{ACAD_XDICTIONARY
360
3CF
102
}
330
2
100
AcDbSymbolTableRecord
100
AcDbLayerTableRecord
  2
!tele1
 70
     0
 62
    30
  6
Continuous
370
    50
390
F
347
EE
1001
AcAecLayerStandard
1000

1000

  0
LAYER
  5
3D5
102
{ACAD_XDICTIONARY
360
3D6
102
}
330
2
100
AcDbSymbolTableRecord
100
AcDbLayerTableRecord
  2
!sn
 70
     0
 62
     6
  6
4002
370
    50
390
F
347
EE
1001
AcAecLayerStandard
1000

1000

  0
LAYER
  5
3D9
102
{ACAD_XDICTIONARY
360
3DA
102
}
330
2
100
AcDbSymbolTableRecord
100
AcDbLayerTableRecord
  2
_MM ŚWIATŁOWÓD
 70
     0
 62
     1
  6
Continuous
370
    50
390
F
347
EE
1001
AcAecLayerStandard
1000

1000

1001
AcCmTransparency
1071
 33554687
  0
LAYER
  5
3DD
102
{ACAD_XDICTIONARY
360
3DE
102
}
330
2
100
AcDbSymbolTableRecord
100
AcDbLayerTableRecord
  2
_MM slupy
 70
     0
 62
     5
  6
Continuous
370
    -3
390
F
347
EE
1001
AcAecLayerStandard
1000

1000

1001
AcCmTransparency
1071
 33554687
  0
LAYER
  5
3E0
102
{ACAD_XDICTIONARY
360
3E1
102
}
330
2
100
AcDbSymbolTableRecord
100
AcDbLayerTableRecord
  2
_MM opisy
 70
     0
 62
     7
  6
Continuous
370
    -3
390
F
347
EE
1001
AcAecLayerStandard
1000

1000

1001
AcCmTransparency
1071
 33554687
  0
LAYER
  5
446
102
{ACAD_XDICTIONARY
360
447
102
}
330
2
100
AcDbSymbolTableRecord
100
AcDbLayerTableRecord
  2
!trafo
 70
     0
 62
     6
  6
GCAD_ISO03W100
370
    50
390
F
347
EE
1001
AcAecLayerStandard
1000

1000

  0
LAYER
  5
44E
102
{ACAD_XDICTIONARY
360
44F
102
}
330
2
100
AcDbSymbolTableRecord
100
AcDbLayerTableRecord
  2
_arkusze model
 70
     0
 62
     7
  6
Continuous
290
     0
370
    50
390
F
347
EE
1001
AcAecLayerStandard
1000

1000

1001
AcCmTransparency
1071
 33554687
  0
LAYER
  5
452
102
{ACAD_XDICTIONARY
360
453
102
}
330
2
100
AcDbSymbolTableRecord
100
AcDbLayerTableRecord
  2
_MM LINIA Sn
 70
     0
 62
    40
  6
Continuous
370
    30
390
F
347
EE
1001
AcAecLayerStandard
1000

1000

1001
AcCmTransparency
1071
 33554687
  0
LAYER
  5
455
102
{ACAD_XDICTIONARY
360
456
102
}
330
2
100
AcDbSymbolTableRecord
100
AcDbLayerTableRecord
  2
_mm trafo
 70
     0
 62
     3
  6
Continuous
370
    -3
390
F
347
EE
1001
AcAecLayerStandard
1000

1000

1001
AcCmTransparency
1071
 33554687
  0
LAYER
  5
461
102
{ACAD_XDICTIONARY
360
462
102
}
330
2
100
AcDbSymbolTableRecord
100
AcDbLayerTableRecord
  2
Defpoints
 70
     0
 62
     7
  6
Continuous
290
     0
370
    -3
390
F
347
EE
1001
AcAecLayerStandard
1000

1000

  0
LAYER
  5
464
102
{ACAD_XDICTIONARY
360
465
102
}
330
2
100
AcDbSymbolTableRecord
100
AcDbLayerTableRecord
  2
DIM
 70
     0
 62
     7
  6
Continuous
370
    -3
390
F
347
EE
1001
AcAecLayerStandard
1000

1000

  0
LAYER
  5
467
102
{ACAD_XDICTIONARY
360
468
102
}
330
2
100
AcDbSymbolTableRecord
100
AcDbLayerTableRecord
  2
_numery slupow etap 4 cz. 2
 70
     0
 62
     7
  6
Continuous
370
    40
390
F
347
EE
1001
AcAecLayerStandard
1000

1000

1001
AcCmTransparency
1071
 33554687
  0
LAYER
  5
4D3
102
{ACAD_XDICTIONARY
360
F2D
102
}
330
2
100
AcDbSymbolTableRecord
100
AcDbLayerTableRecord
  2
!wymiary
 70
     0
 62
     7
  6
Continuous
370
    -3
390
F
347
EE
1001
AcAecLayerStandard
1000

1000

1001
AcCmTransparency
1071
 33554687
  0
LAYER
  5
10DA
330
2
100
AcDbSymbolTableRecord
100
AcDbLayerTableRecord
  2
TEXT
 70
     0
 62
     7
  6
Continuous
370
    -3
390
F
347
EE
1001
AcAecLayerStandard
1000

1000

  0
LAYER
  5
1AD8
102
{ACAD_XDICTIONARY
360
1AD9
102
}
330
2
100
AcDbSymbolTableRecord
100
AcDbLayerTableRecord
  2
_MM mufy
 70
     0
 62
     3
  6
Continuous
370
    -3
390
F
347
EE
1001
AcAecLayerStandard
1000

1000

1001
AcCmTransparency
1071
 33554687
  0
LAYER
  5
1BA7
102
{ACAD_XDICTIONARY
360
1BA8
102
}
330
2
100
AcDbSymbolTableRecord
100
AcDbLayerTableRecord
  2
_mm zasięg trafo
 70
     0
 62
     6
  6
ACAD_ISO03W100
370
    35
390
F
347
EE
1001
AcAecLayerStandard
1000

1000

1001
AcCmTransparency
1071
 33554687
  0
LAYER
  5
1BB0
102
{ACAD_XDICTIONARY
360
1BB1
102
}
330
2
100
AcDbSymbolTableRecord
100
AcDbLayerTableRecord
  2
!latarnie
 70
     0
 62
   241
  6
Continuous
290
     0
370
   158
390
F
347
EE
1001
AcAecLayerStandard
1000

1000

1001
AcCmTransparency
1071
 33554687
  0
LAYER
  5
1BB6
102
{ACAD_XDICTIONARY
360
1BB7
102
}
330
2
100
AcDbSymbolTableRecord
100
AcDbLayerTableRecord
  2
_światłowód
 70
     0
 62
    30
  6
Continuous
370
    50
390
F
347
EE
1001
AcAecLayerStandard
1000

1000

1001
AcCmTransparency
1071
 33554687
  0
LAYER
  5
1BB9
102
{ACAD_XDICTIONARY
360
1BBA
102
}
330
2
100
AcDbSymbolTableRecord
100
AcDbLayerTableRecord
  2
@Tabelka
 70
     0
 62
     7
  6
Continuous
370
    13
390
F
347
EE
1001
AcCmTransparency
1071
 33554687
1001
AcAecLayerStandard
1000

1000

  0
LAYER
  5
1BBC
102
{ACAD_XDICTIONARY
360
1BBD
102
}
330
2
100
AcDbSymbolTableRecord
100
AcDbLayerTableRecord
  2
@KonstrTabelki
 70
     0
 62
   253
  6
DGN Style 2
290
     0
370
     0
390
F
347
EE
1001
AcCmTransparency
1071
 33554687
1001
AcAecLayerStandard
1000

1000

  0
LAYER
  5
1BC0
102
{ACAD_XDICTIONARY
360
1BC1
102
}
330
2
100
AcDbSymbolTableRecord
100
AcDbLayerTableRecord
  2
!LEGENDA
 70
     0
 62
     7
  6
Continuous
290
     0
370
    -3
390
F
347
EE
1001
AcAecLayerStandard
1000

1000

  0
LAYER
  5
1F0D
330
2
100
AcDbSymbolTableRecord
100
AcDbLayerTableRecord
  2
!trafo_05-0112
 70
     0
 62
     6
  6
GCAD_ISO03W100
370
    50
390
F
347
EE
  0
LAYER
  5
1F0E
330
2
100
AcDbSymbolTableRecord
100
AcDbLayerTableRecord
  2
!trafo_05-0115
 70
     0
 62
     6
  6
GCAD_ISO03W100
370
    50
390
F
347
EE
  0
LAYER
  5
1F0F
330
2
100
AcDbSymbolTableRecord
100
AcDbLayerTableRecord
  2
!trafo_05-0181
 70
     0
 62
     6
  6
GCAD_ISO03W100
370
    50
390
F
347
EE
  0
LAYER
  5
1F10
330
2
100
AcDbSymbolTableRecord
100
AcDbLayerTableRecord
  2
!trafo_05-0191
 70
     0
 62
     6
  6
GCAD_ISO03W100
370
    50
390
F
347
EE
  0
LAYER
  5
1F11
330
2
100
AcDbSymbolTableRecord
100
AcDbLayerTableRecord
  2
!trafo_05-0195
 70
     0
 62
     6
  6
GCAD_ISO03W100
370
    50
390
F
347
EE
  0
LAYER
  5
1F12
330
2
100
AcDbSymbolTableRecord
100
AcDbLayerTableRecord
  2
!trafo_05-0346
 70
     0
 62
     6
  6
GCAD_ISO03W100
370
    50
390
F
347
EE
  0
LAYER
  5
1F13
330
2
100
AcDbSymbolTableRecord
100
AcDbLayerTableRecord
  2
!trafo_05-0355
 70
     0
 62
     6
  6
GCAD_ISO03W100
370
    50
390
F
347
EE
  0
LAYER
  5
1F14
330
2
100
AcDbSymbolTableRecord
100
AcDbLayerTableRecord
  2
!trafo_05-0398
 70
     0
 62
     6
  6
GCAD_ISO03W100
370
    50
390
F
347
EE
  0
LAYER
  5
1F15
330
2
100
AcDbSymbolTableRecord
100
AcDbLayerTableRecord
  2
!trafo_05-0739
 70
     0
 62
     6
  6
GCAD_ISO03W100
370
    50
390
F
347
EE
  0
LAYER
  5
1F16
330
2
100
AcDbSymbolTableRecord
100
AcDbLayerTableRecord
  2
!trafo_05-0885
 70
     0
 62
     6
  6
GCAD_ISO03W100
370
    50
390
F
347
EE
  0
LAYER
  5
1F17
330
2
100
AcDbSymbolTableRecord
100
AcDbLayerTableRecord
  2
!trafo_05-0917
 70
     0
 62
     6
  6
GCAD_ISO03W100
370
    50
390
F
347
EE
  0
LAYER
  5
1F18
330
2
100
AcDbSymbolTableRecord
100
AcDbLayerTableRecord
  2
!trafo_05-0918
 70
     0
 62
     6
  6
GCAD_ISO03W100
370
    50
390
F
347
EE
  0
LAYER
  5
1F19
330
2
100
AcDbSymbolTableRecord
100
AcDbLayerTableRecord
  2
!trafo_05-1067
 70
     0
 62
     6
  6
GCAD_ISO03W100
370
    50
390
F
347
EE
  0
LAYER
  5
1F1A
330
2
100
AcDbSymbolTableRecord
100
AcDbLayerTableRecord
  2
!trafo_05-1069
 70
     0
 62
     6
  6
GCAD_ISO03W100
370
    50
390
F
347
EE
  0
LAYER
  5
24E9
102
{ACAD_XDICTIONARY
360
24EA
102
}
330
2
100
AcDbSymbolTableRecord
100
AcDbLayerTableRecord
  2
_PRZEWIESZENIA
 70
     0
 62
     6
  6
Continuous
370
    50
390
F
347
EE
1001
AcAecLayerStandard
1000

1000

  0
LAYER
  5
263E
330
2
100
AcDbSymbolTableRecord
100
AcDbLayerTableRecord
  2
HATCH
 70
     0
 62
     7
  6
Continuous
370
    -3
390
F
347
EE
  0
ENDTAB
  0
TABLE
  2
STYLE
  5
3
330
0
100
AcDbSymbolTable
 70
    16
  0
STYLE
  5
11
330
3
100
AcDbSymbolTableRecord
100
AcDbTextStyleTableRecord
  2
Standard
 70
     0
 40
0.0
 41
1.0
 50
0.0
 71
     0
 42
2.5
  3
ARIAL.TTF
  4

1001
ACAD
1000
Arial
1071
       34
  0
STYLE
  5
132
330
3
100
AcDbSymbolTableRecord
100
AcDbTextStyleTableRecord
  2
Annotative
 70
     0
 40
0.0
 41
1.0
 50
0.0
 71
     0
 42
2.5
  3
ARIAL.TTF
  4

1001
AcadAnnotative
1000
AnnotativeData
1002
{
1070
     1
1070
     1
1002
}
1001
ACAD
1000
Arial
1071
       34
  0
STYLE
  5
33D
330
3
100
AcDbSymbolTableRecord
100
AcDbTextStyleTableRecord
  2
Civil-Proposed
 70
     0
 40
0.0117
 41
1.0
 50
0.0
 71
     0
 42
2.5
  3

  4

  0
STYLE
  5
F3B
330
3
100
AcDbSymbolTableRecord
100
AcDbTextStyleTableRecord
  2

 70
     1
 40
0.0
 41
1.0
 50
0.0
 71
     0
 42
2.5
  3
AAA.SHX
  4

  0
STYLE
  5
1BCF
330
3
100
AcDbSymbolTableRecord
100
AcDbTextStyleTableRecord
  2
LEGENDA
 70
     0
 40
0.0
 41
1.0
 50
0.0
 71
     0
 42
2.5
  3
arial.ttf
  4

1001
ACAD
1000
Arial
1071
    60962
  0
STYLE
  5
1DE2
330
3
100
AcDbSymbolTableRecord
100
AcDbTextStyleTableRecord
  2
GA5-SIGN-TEXT
 70
     0
 40
0.0
 41
1.0
 50
0.0
 71
     0
 42
2.5
  3
GA_OZ_PION_0.ttf
  4

1001
ACAD
1000
GA_ZNAKI
1071
       34
  0
STYLE
  5
1DE3
330
3
100
AcDbSymbolTableRecord
100
AcDbTextStyleTableRecord
  2
GA5-ATR-TEXT
 70
     0
 40
0.0
 41
0.9
 50
0.0
 71
     0
 42
2.5
  3
arial.ttf
  4

1001
ACAD
1000
Arial
1071
       34
  0
STYLE
  5
1DE4
330
3
100
AcDbSymbolTableRecord
100
AcDbTextStyleTableRecord
  2
GA5-KP-TEXT
 70
     0
 40
0.0
 41
1.0
 50
0.0
 71
     0
 42
2.5
  3
txt.shx
  4

  0
STYLE
  5
1DE5
330
3
100
AcDbSymbolTableRecord
100
AcDbTextStyleTableRecord
  2
GA5-NIW-TEXT
 70
     0
 40
0.0
 41
1.0
 50
0.0
 71
     0
 42
2.5
  3
txt.shx
  4

  0
STYLE
  5
1DE6
330
3
100
AcDbSymbolTableRecord
100
AcDbTextStyleTableRecord
  2
GA_OZ_PION_TXT
 70
     0
 40
0.0
 41
1.0
 50
0.0
 71
     0
 42
2.5
  3
GA_OZ_PION_0.ttf
  4

1001
ACAD
1000
GA_ZNAKI
1071
       34
  0
STYLE
  5
1DE7
330
3
100
AcDbSymbolTableRecord
100
AcDbTextStyleTableRecord
  2
GA_OZ_PION_ATR
 70
     0
 40
0.0
 41
1.0
 50
0.0
 71
     0
 42
2.5
  3
GA_OZ_PION_0.ttf
  4

1001
ACAD
1000
GA_ZNAKI
1071
       34
  0
STYLE
  5
1DE8
330
3
100
AcDbSymbolTableRecord
100
AcDbTextStyleTableRecord
  2
ga_ub_txt
 70
     0
 40
0.0
 41
1.0
 50
0.0
 71
     0
 42
2.5
  3
GA_OZ_PION_0.ttf
  4

1001
ACAD
1000
GA_ZNAKI
1071
       34
  0
STYLE
  5
1DE9
330
3
100
AcDbSymbolTableRecord
100
AcDbTextStyleTableRecord
  2
GA-ATR-TEXT
 70
     0
 40
0.0
 41
0.9
 50
0.0
 71
     0
 42
2.5
  3
arial.ttf
  4

1001
ACAD
1000
Arial
1071
       34
  0
STYLE
  5
1DEA
330
3
100
AcDbSymbolTableRecord
100
AcDbTextStyleTableRecord
  2
GA-KP-TEXT
 70
     0
 40
0.0
 41
1.0
 50
0.0
 71
     0
 42
2.5
  3
txt.shx
  4

  0
STYLE
  5
1DEB
330
3
100
AcDbSymbolTableRecord
100
AcDbTextStyleTableRecord
  2
GA-NIW-TEXT
 70
     0
 40
0.0
 41
1.0
 50
0.0
 71
     0
 42
2.5
  3
txt.shx
  4

  0
STYLE
  5
1DEC
330
3
100
AcDbSymbolTableRecord
100
AcDbTextStyleTableRecord
  2
GA-SIGN-TEXT
 70
     0
 40
0.0
 41
1.0
 50
0.0
 71
     0
 42
2.5
  3
GA_OZ_PION_0.ttf
  4

1001
ACAD
1000
GA_ZNAKI
1071
       34
  0
ENDTAB
  0
TABLE
  2
VIEW
  5
6
330
0
100
AcDbSymbolTable
 70
     0
  0
ENDTAB
  0
TABLE
  2
UCS
  5
7
330
0
100
AcDbSymbolTable
 70
     0
  0
ENDTAB
  0
TABLE
  2
APPID
  5
9
330
0
100
AcDbSymbolTable
 70
    26
  0
APPID
  5
12
330
9
100
AcDbSymbolTableRecord
100
AcDbRegAppTableRecord
  2
ACAD
 70
     0
  0
APPID
  5
9E
330
9
100
AcDbSymbolTableRecord
100
AcDbRegAppTableRecord
  2
ACAD_PSEXT
 70
     0
  0
APPID
  5
133
330
9
100
AcDbSymbolTableRecord
100
AcDbRegAppTableRecord
  2
AcadAnnoPO
 70
     0
  0
APPID
  5
134
330
9
100
AcDbSymbolTableRecord
100
AcDbRegAppTableRecord
  2
AcadAnnotative
 70
     0
  0
APPID
  5
135
330
9
100
AcDbSymbolTableRecord
100
AcDbRegAppTableRecord
  2
ACAD_DSTYLE_DIMJAG
 70
     0
  0
APPID
  5
136
330
9
100
AcDbSymbolTableRecord
100
AcDbRegAppTableRecord
  2
ACAD_DSTYLE_DIMTALN
 70
     0
  0
APPID
  5
165
330
9
100
AcDbSymbolTableRecord
100
AcDbRegAppTableRecord
  2
ACAD_MLEADERVER
 70
     0
  0
APPID
  5
217
330
9
100
AcDbSymbolTableRecord
100
AcDbRegAppTableRecord
  2
ACAD_NAV_VCDISPLAY
 70
     0
  0
APPID
  5
268
330
9
100
AcDbSymbolTableRecord
100
AcDbRegAppTableRecord
  2
AcCmTransparency
 70
     0
  0
APPID
  5
269
330
9
100
AcDbSymbolTableRecord
100
AcDbRegAppTableRecord
  2
ACAD_DSTYLE_DIMBREAK
 70
     0
  0
APPID
  5
26A
330
9
100
AcDbSymbolTableRecord
100
AcDbRegAppTableRecord
  2
GA-745gt42108ijnhdte5638h15A
 70
     0
  0
APPID
  5
26B
330
9
100
AcDbSymbolTableRecord
100
AcDbRegAppTableRecord
  2
ACAD_EXEMPT_FROM_CAD_STANDARDS
 70
     0
  0
APPID
  5
26C
330
9
100
AcDbSymbolTableRecord
100
AcDbRegAppTableRecord
  2
PLOTTRANSPARENCY
 70
     0
  0
APPID
  5
26D
330
9
100
AcDbSymbolTableRecord
100
AcDbRegAppTableRecord
  2
AcAecLayerStandard
 70
     0
  0
APPID
  5
26E
330
9
100
AcDbSymbolTableRecord
100
AcDbRegAppTableRecord
  2
AcDbBlockRepETag
 70
     0
  0
APPID
  5
26F
330
9
100
AcDbSymbolTableRecord
100
AcDbRegAppTableRecord
  2
AcDbDynamicBlockGUID
 70
     0
  0
APPID
  5
270
330
9
100
AcDbSymbolTableRecord
100
AcDbRegAppTableRecord
  2
AcDbDynamicBlockTrueName
 70
     0
  0
APPID
  5
271
330
9
100
AcDbSymbolTableRecord
100
AcDbRegAppTableRecord
  2
AcDbBlockRepBTag
 70
     0
  0
APPID
  5
272
330
9
100
AcDbSymbolTableRecord
100
AcDbRegAppTableRecord
  2
AcLayerTools
 70
     0
  0
APPID
  5
3EC
330
9
100
AcDbSymbolTableRecord
100
AcDbRegAppTableRecord
  2
GradientColor1ACI
 70
     0
  0
APPID
  5
3ED
330
9
100
AcDbSymbolTableRecord
100
AcDbRegAppTableRecord
  2
GradientColor2ACI
 70
     0
  0
APPID
  5
3EF
330
9
100
AcDbSymbolTableRecord
100
AcDbRegAppTableRecord
  2
HATCHBACKGROUNDCOLOR
 70
     0
  0
APPID
  5
1F0C
330
9
100
AcDbSymbolTableRecord
100
AcDbRegAppTableRecord
  2
PZT_ARKUSZE
 70
     0
  0
APPID
  5
24F2
330
9
100
AcDbSymbolTableRecord
100
AcDbRegAppTableRecord
  2
_APP7
 70
     0
  0
APPID
  5
24F3
330
9
100
AcDbSymbolTableRecord
100
AcDbRegAppTableRecord
  2
_APP8
 70
     0
  0
APPID
  5
24F4
330
9
100
AcDbSymbolTableRecord
100
AcDbRegAppTableRecord
  2
_APP9
 70
     0
  0
ENDTAB
  0
TABLE
  2
DIMSTYLE
  5
A
330
0
100
AcDbSymbolTable
 70
     6
100
AcDbDimStyleTable
  0
DIMSTYLE
105
1B0
330
A
100
AcDbSymbolTableRecord
100
AcDbDimStyleTableRecord
  2
Standard
 70
     0
178
     0
340
11
  0
DIMSTYLE
105
137
330
A
100
AcDbSymbolTableRecord
100
AcDbDimStyleTableRecord
  2
Annotative
 70
     0
 40
0.0
 41
2.5
 42
0.625
 43
3.75
 44
1.25
 73
     0
 74
     0
 77
     1
 78
     8
140
2.5
141
2.5
143
0.03937007874016
147
0.625
171
     3
172
     1
178
     0
271
     2
272
     2
274
     3
278
    44
283
     0
284
     8
340
11
1001
AcadAnnotative
1000
AnnotativeData
1002
{
1070
     1
1070
     1
1002
}
1001
ACAD_DSTYLE_DIMJAG
1070
   388
1040
1.5
1001
ACAD_DSTYLE_DIMTALN
1070
   392
1070
     0
  0
DIMSTYLE
105
27
330
A
100
AcDbSymbolTableRecord
100
AcDbDimStyleTableRecord
  2
ISO-25
 70
     0
 41
2.5
 42
0.625
 43
3.75
 44
1.25
 73
     0
 74
     0
 77
     1
 78
     8
140
2.5
141
2.5
143
0.03937007874016
147
0.625
171
     3
172
     1
178
     0
271
     2
272
     2
274
     3
278
    44
283
     0
284
     8
340
11
  0
DIMSTYLE
105
3E4
330
A
100
AcDbSymbolTableRecord
100
AcDbDimStyleTableRecord
  2
opis linie
 70
     0
  3
- <> m -
 69
     1
 70
     0
 73
     0
 74
     0
 75
     1
 76
     1
 77
     4
140
1.5
147
2.5
271
     0
178
   256
271
     0
272
     0
281
     1
282
     1
340
11
1001
AcadAnnotative
1000
AnnotativeData
1002
{
1070
     1
1070
     0
1002
}
1001
ACAD_DSTYLE_DIMJAG
1070
   388
1040
1.5
1001
ACAD_DSTYLE_DIMTALN
1070
   392
1070
     0
  0
DIMSTYLE
105
1DD8
330
A
100
AcDbSymbolTableRecord
100
AcDbDimStyleTableRecord
  2
GA5-LEADER
 70
     0
 41
1.0
 42
1.0
 43
1.0
 44
1.0
 73
     0
 74
     0
 77
     1
 78
     8
140
1.0
141
1.0
143
0.03937007874016
147
1.0
171
     3
172
     1
178
     0
271
     2
272
     2
274
     3
278
    44
283
     0
284
     8
340
11
  0
DIMSTYLE
105
1DD9
330
A
100
AcDbSymbolTableRecord
100
AcDbDimStyleTableRecord
  2
GA-LEADER
 70
     0
 41
1.0
 42
1.0
 43
1.0
 44
1.0
 73
     0
 74
     0
 77
     1
 78
     8
140
1.0
141
1.0
143
0.03937007874016
147
1.0
171
     3
172
     1
178
     0
271
     2
272
     2
274
     3
278
    44
283
     0
284
     8
340
11
1001
ACAD_DSTYLE_DIMBREAK
1070
   391
1040
3.75
1001
ACAD_DSTYLE_DIMJAG
1070
   388
1040
1.5
1001
ACAD_DSTYLE_DIMTALN
1070
   392
1070
     0
  0
ENDTAB
  0
TABLE
  2
BLOCK_RECORD
  5
1
330
0
100
AcDbSymbolTable
 70
   340
  0
BLOCK_RECORD
  5
1F
102
{ACAD_XDICTIONARY
360
F4A
102
}
330
1
100
AcDbSymbolTableRecord
100
AcDbBlockTableRecord
  2
*Model_Space
340
22
 70
     0
280
     1
281
     0
  0
BLOCK_RECORD
  5
D2
330
1
100
AcDbSymbolTableRecord
100
AcDbBlockTableRecord
  2
*Paper_Space
340
D3
 70
     0
280
     1
281
     0
  0
BLOCK_RECORD
  5
38B
330
1
100
AcDbSymbolTableRecord
100
AcDbBlockTableRecord
  2
TerminatorOpen_0.5
340
0
 70
     0
280
     1
281
     0
  0
BLOCK_RECORD
  5
391
330
1
100
AcDbSymbolTableRecord
100
AcDbBlockTableRecord
  2
_NONE
340
0
 70
     0
280
     1
281
     0
  0
BLOCK_RECORD
  5
414
330
1
100
AcDbSymbolTableRecord
100
AcDbBlockTableRecord
  2
q
340
0
102
{BLKREFS
331
0
331
0
331
0
331
0
331
0
331
0
331
0
331
0
331
0
331
0
331
0
331
0
331
0
331
0
331
0
331
0
331
0
331
0
331
0
331
0
331
0
331
0
331
0
331
0
331
0
331
0
331
0
331
0
331
0
331
0
331
0
331
0
331
0
331
0
331
0
331
0
331
0
331
0
331
0
331
0
331
0
331
0
331
0
331
0
331
0
331
0
331
0
331
0
331
0
331
0
331
0
331
0
331
0
331
0
331
0
331
0
331
0
331
0
331
0
331
0
331
0
331
0
331
0
331
0
331
0
331
0
331
0
331
0
331
0
331
0
331
0
331
0
331
0
331
0
331
0
331
0
331
0
331
0
331
0
331
0
331
0
331
0
331
0
331
0
331
0
331
0
331
0
331
0
331
0
331
0
331
0
331
0
331
0
331
0
331
0
331
0
331
0
331
0
331
0
331
0
331
0
331
0
331
0
331
0
331
0
331
0
331
0
331
0
331
0
331
0
331
0
331
0
331
0
331
0
331
0
331
0
331
0
331
0
331
0
331
0
331
0
331
0
331
0
331
0
331
0
331
0
331
0
331
0
331
0
331
0
331
0
331
0
331
0
331
0
331
0
331
0
331
0
331
0
331
0
331
0
331
0
331
0
331
0
331
0
331
0
331
0
331
0
331
0
331
0
331
0
331
0
331
0
331
0
331
0
331
0
331
0
331
0
331
0
331
0
331
0
331
0
331
0
331
0
331
0
331
0
331
0
331
0
331
0
331
0
331
0
331
0
331
0
331
0
331
0
331
0
331
0
331
0
331
0
331
0
331
0
331
0
331
0
331
0
331
0
331
0
331
0
331
0
331
0
331
0
331
0
331
0
331
0
331
0
331
0
331
0
331
0
331
0
331
0
331
0
331
0
331
0
331
0
331
0
331
0
331
0
331
0
331
0
331
0
331
0
331
0
331
0
331
0
331
0
331
0
331
0
331
0
331
0
331
0
331
0
331
0
331
0
102
}
 70
     6
280
     1
281
     0
1001
AcadAnnotative
1000
AnnotativeData
1002
{
1070
     1
1070
     0
1002
}
1001
AcDbDynamicBlockGUID
1000
{cd593c64-676b-44a3-b377-c6d96458307d}
  0
BLOCK_RECORD
  5
417
330
1
100
AcDbSymbolTableRecord
100
AcDbBlockTableRecord
  2
ZN
340
0
102
{BLKREFS
331
0
331
0
331
0
331
0
331
0
331
0
331
0
331
0
331
0
331
0
331
0
331
0
331
416
102
}
 70
     6
280
     1
281
     0
1001
AcadAnnotative
1000
AnnotativeData
1002
{
1070
     1
1070
     0
1002
}
  0
BLOCK_RECORD
  5
41F
330
1
100
AcDbSymbolTableRecord
100
AcDbBlockTableRecord
  2
R
340
0
102
{BLKREFS
331
0
331
0
331
0
331
0
331
0
331
0
331
0
331
0
331
0
331
0
331
0
331
0
331
0
331
0
331
0
331
0
331
0
331
0
331
0
331
0
331
0
331
0
331
0
331
0
331
0
331
0
331
0
331
0
331
0
331
0
331
0
331
0
331
0
331
0
331
0
331
0
331
0
331
0
331
0
331
0
331
0
331
0
331
0
331
0
331
0
331
0
331
0
331
0
331
0
331
0
331
0
331
0
331
0
331
0
331
0
331
0
331
0
331
0
331
0
331
0
331
0
331
0
331
0
331
0
331
0
331
0
331
0
331
0
331
0
331
0
331
0
331
0
331
0
331
0
331
0
331
0
331
0
331
0
331
0
331
0
331
0
331
0
331
0
331
0
331
0
331
0
331
0
331
0
331
0
331
0
331
0
331
0
331
0
331
0
331
0
331
0
102
}
 70
     6
280
     1
281
     0
1001
AcadAnnotative
1000
AnnotativeData
1002
{
1070
     1
1070
     0
1002
}
  0
BLOCK_RECORD
  5
429
330
1
100
AcDbSymbolTableRecord
100
AcDbBlockTableRecord
  2
e2
340
0
102
{BLKREFS
331
0
331
0
102
}
 70
     6
280
     1
281
     0
1001
AcadAnnotative
1000
AnnotativeData
1002
{
1070
     1
1070
     0
1002
}
1001
AcDbDynamicBlockGUID
1000
{5c54bd5d-fc93-4cdf-b97e-ab5bd89b824d}
  0
BLOCK_RECORD
  5
42D
330
1
100
AcDbSymbolTableRecord
100
AcDbBlockTableRecord
  2
E
340
0
102
{BLKREFS
331
0
331
0
331
0
331
0
331
0
331
0
331
0
331
0
331
0
331
0
331
0
331
0
331
0
331
0
331
0
331
0
331
0
331
0
331
0
331
0
331
42C
102
}
 70
     6
280
     1
281
     0
1001
AcadAnnotative
1000
AnnotativeData
1002
{
1070
     1
1070
     0
1002
}
  0
BLOCK_RECORD
  5
49C
330
1
100
AcDbSymbolTableRecord
100
AcDbBlockTableRecord
  2
trafo
340
0
102
{BLKREFS
331
0
331
0
331
0
331
0
331
0
331
0
331
0
331
0
331
0
331
0
331
0
331
0
331
0
331
0
102
}
 70
     6
280
     1
281
     0
1001
AcadAnnotative
1000
AnnotativeData
1002
{
1070
     1
1070
     0
1002
}
  0
BLOCK_RECORD
  5
4D5
330
1
100
AcDbSymbolTableRecord
100
AcDbBlockTableRecord
  2
*D88
340
0
 70
     0
280
     1
281
     0
  0
BLOCK_RECORD
  5
4DD
330
1
100
AcDbSymbolTableRecord
100
AcDbBlockTableRecord
  2
*D89
340
0
 70
     0
280
     1
281
     0
  0
BLOCK_RECORD
  5
4E5
330
1
100
AcDbSymbolTableRecord
100
AcDbBlockTableRecord
  2
*D90
340
0
 70
     0
280
     1
281
     0
  0
BLOCK_RECORD
  5
4ED
330
1
100
AcDbSymbolTableRecord
100
AcDbBlockTableRecord
  2
*D91
340
0
 70
     0
280
     1
281
     0
  0
BLOCK_RECORD
  5
4F5
330
1
100
AcDbSymbolTableRecord
100
AcDbBlockTableRecord
  2
*D92
340
0
 70
     0
280
     1
281
     0
  0
BLOCK_RECORD
  5
4FD
330
1
100
AcDbSymbolTableRecord
100
AcDbBlockTableRecord
  2
*D93
340
0
 70
     0
280
     1
281
     0
  0
BLOCK_RECORD
  5
505
330
1
100
AcDbSymbolTableRecord
100
AcDbBlockTableRecord
  2
*D94
340
0
 70
     0
280
     1
281
     0
  0
BLOCK_RECORD
  5
50D
330
1
100
AcDbSymbolTableRecord
100
AcDbBlockTableRecord
  2
*D95
340
0
 70
     0
280
     1
281
     0
  0
BLOCK_RECORD
  5
515
330
1
100
AcDbSymbolTableRecord
100
AcDbBlockTableRecord
  2
*D96
340
0
 70
     0
280
     1
281
     0
  0
BLOCK_RECORD
  5
51D
330
1
100
AcDbSymbolTableRecord
100
AcDbBlockTableRecord
  2
*D97
340
0
 70
     0
280
     1
281
     0
  0
BLOCK_RECORD
  5
525
330
1
100
AcDbSymbolTableRecord
100
AcDbBlockTableRecord
  2
*D98
340
0
 70
     0
280
     1
281
     0
  0
BLOCK_RECORD
  5
52D
330
1
100
AcDbSymbolTableRecord
100
AcDbBlockTableRecord
  2
*D99
340
0
 70
     0
280
     1
281
     0
  0
BLOCK_RECORD
  5
535
330
1
100
AcDbSymbolTableRecord
100
AcDbBlockTableRecord
  2
*D100
340
0
 70
     0
280
     1
281
     0
  0
BLOCK_RECORD
  5
53D
330
1
100
AcDbSymbolTableRecord
100
AcDbBlockTableRecord
  2
*D101
340
0
 70
     0
280
     1
281
     0
  0
BLOCK_RECORD
  5
545
330
1
100
AcDbSymbolTableRecord
100
AcDbBlockTableRecord
  2
*D102
340
0
 70
     0
280
     1
281
     0
  0
BLOCK_RECORD
  5
54D
330
1
100
AcDbSymbolTableRecord
100
AcDbBlockTableRecord
  2
*D103
340
0
 70
     0
280
     1
281
     0
  0
BLOCK_RECORD
  5
555
330
1
100
AcDbSymbolTableRecord
100
AcDbBlockTableRecord
  2
*D104
340
0
 70
     0
280
     1
281
     0
  0
BLOCK_RECORD
  5
55D
330
1
100
AcDbSymbolTableRecord
100
AcDbBlockTableRecord
  2
*D105
340
0
 70
     0
280
     1
281
     0
  0
BLOCK_RECORD
  5
565
330
1
100
AcDbSymbolTableRecord
100
AcDbBlockTableRecord
  2
*D106
340
0
 70
     0
280
     1
281
     0
  0
BLOCK_RECORD
  5
56D
330
1
100
AcDbSymbolTableRecord
100
AcDbBlockTableRecord
  2
*D107
340
0
 70
     0
280
     1
281
     0
  0
BLOCK_RECORD
  5
575
330
1
100
AcDbSymbolTableRecord
100
AcDbBlockTableRecord
  2
*D108
340
0
 70
     0
280
     1
281
     0
  0
BLOCK_RECORD
  5
57D
330
1
100
AcDbSymbolTableRecord
100
AcDbBlockTableRecord
  2
*D109
340
0
 70
     0
280
     1
281
     0
  0
BLOCK_RECORD
  5
585
330
1
100
AcDbSymbolTableRecord
100
AcDbBlockTableRecord
  2
*D110
340
0
 70
     0
280
     1
281
     0
  0
BLOCK_RECORD
  5
58D
330
1
100
AcDbSymbolTableRecord
100
AcDbBlockTableRecord
  2
*D111
340
0
 70
     0
280
     1
281
     0
  0
BLOCK_RECORD
  5
595
330
1
100
AcDbSymbolTableRecord
100
AcDbBlockTableRecord
  2
*D112
340
0
 70
     0
280
     1
281
     0
  0
BLOCK_RECORD
  5
59D
330
1
100
AcDbSymbolTableRecord
100
AcDbBlockTableRecord
  2
*D113
340
0
 70
     0
280
     1
281
     0
  0
BLOCK_RECORD
  5
5A5
330
1
100
AcDbSymbolTableRecord
100
AcDbBlockTableRecord
  2
*D114
340
0
 70
     0
280
     1
281
     0
  0
BLOCK_RECORD
  5
5AD
330
1
100
AcDbSymbolTableRecord
100
AcDbBlockTableRecord
  2
*D115
340
0
 70
     0
280
     1
281
     0
  0
BLOCK_RECORD
  5
5B5
330
1
100
AcDbSymbolTableRecord
100
AcDbBlockTableRecord
  2
*D116
340
0
 70
     0
280
     1
281
     0
  0
BLOCK_RECORD
  5
5BD
330
1
100
AcDbSymbolTableRecord
100
AcDbBlockTableRecord
  2
*D117
340
0
 70
     0
280
     1
281
     0
  0
BLOCK_RECORD
  5
5C5
330
1
100
AcDbSymbolTableRecord
100
AcDbBlockTableRecord
  2
*D118
340
0
 70
     0
280
     1
281
     0
  0
BLOCK_RECORD
  5
5CD
330
1
100
AcDbSymbolTableRecord
100
AcDbBlockTableRecord
  2
*D119
340
0
 70
     0
280
     1
281
     0
  0
BLOCK_RECORD
  5
5D5
330
1
100
AcDbSymbolTableRecord
100
AcDbBlockTableRecord
  2
*D120
340
0
 70
     0
280
     1
281
     0
  0
BLOCK_RECORD
  5
5DD
330
1
100
AcDbSymbolTableRecord
100
AcDbBlockTableRecord
  2
*D121
340
0
 70
     0
280
     1
281
     0
  0
BLOCK_RECORD
  5
5E5
330
1
100
AcDbSymbolTableRecord
100
AcDbBlockTableRecord
  2
*D122
340
0
 70
     0
280
     1
281
     0
  0
BLOCK_RECORD
  5
5ED
330
1
100
AcDbSymbolTableRecord
100
AcDbBlockTableRecord
  2
*D123
340
0
 70
     0
280
     1
281
     0
  0
BLOCK_RECORD
  5
5F5
330
1
100
AcDbSymbolTableRecord
100
AcDbBlockTableRecord
  2
*D124
340
0
 70
     0
280
     1
281
     0
  0
BLOCK_RECORD
  5
5FD
330
1
100
AcDbSymbolTableRecord
100
AcDbBlockTableRecord
  2
*D125
340
0
 70
     0
280
     1
281
     0
  0
BLOCK_RECORD
  5
605
330
1
100
AcDbSymbolTableRecord
100
AcDbBlockTableRecord
  2
*D126
340
0
 70
     0
280
     1
281
     0
  0
BLOCK_RECORD
  5
60D
330
1
100
AcDbSymbolTableRecord
100
AcDbBlockTableRecord
  2
*D127
340
0
 70
     0
280
     1
281
     0
  0
BLOCK_RECORD
  5
615
330
1
100
AcDbSymbolTableRecord
100
AcDbBlockTableRecord
  2
*D128
340
0
 70
     0
280
     1
281
     0
  0
BLOCK_RECORD
  5
61D
330
1
100
AcDbSymbolTableRecord
100
AcDbBlockTableRecord
  2
*D129
340
0
 70
     0
280
     1
281
     0
  0
BLOCK_RECORD
  5
625
330
1
100
AcDbSymbolTableRecord
100
AcDbBlockTableRecord
  2
*D130
340
0
 70
     0
280
     1
281
     0
  0
BLOCK_RECORD
  5
62D
330
1
100
AcDbSymbolTableRecord
100
AcDbBlockTableRecord
  2
*D131
340
0
 70
     0
280
     1
281
     0
  0
BLOCK_RECORD
  5
635
330
1
100
AcDbSymbolTableRecord
100
AcDbBlockTableRecord
  2
*D132
340
0
 70
     0
280
     1
281
     0
  0
BLOCK_RECORD
  5
63D
330
1
100
AcDbSymbolTableRecord
100
AcDbBlockTableRecord
  2
*D133
340
0
 70
     0
280
     1
281
     0
  0
BLOCK_RECORD
  5
645
330
1
100
AcDbSymbolTableRecord
100
AcDbBlockTableRecord
  2
*D134
340
0
 70
     0
280
     1
281
     0
  0
BLOCK_RECORD
  5
64D
330
1
100
AcDbSymbolTableRecord
100
AcDbBlockTableRecord
  2
*D135
340
0
 70
     0
280
     1
281
     0
  0
BLOCK_RECORD
  5
655
330
1
100
AcDbSymbolTableRecord
100
AcDbBlockTableRecord
  2
*D136
340
0
 70
     0
280
     1
281
     0
  0
BLOCK_RECORD
  5
65D
330
1
100
AcDbSymbolTableRecord
100
AcDbBlockTableRecord
  2
*D137
340
0
 70
     0
280
     1
281
     0
  0
BLOCK_RECORD
  5
665
330
1
100
AcDbSymbolTableRecord
100
AcDbBlockTableRecord
  2
*D138
340
0
 70
     0
280
     1
281
     0
  0
BLOCK_RECORD
  5
66D
330
1
100
AcDbSymbolTableRecord
100
AcDbBlockTableRecord
  2
*D139
340
0
 70
     0
280
     1
281
     0
  0
BLOCK_RECORD
  5
675
330
1
100
AcDbSymbolTableRecord
100
AcDbBlockTableRecord
  2
*D140
340
0
 70
     0
280
     1
281
     0
  0
BLOCK_RECORD
  5
67D
330
1
100
AcDbSymbolTableRecord
100
AcDbBlockTableRecord
  2
*D141
340
0
 70
     0
280
     1
281
     0
  0
BLOCK_RECORD
  5
685
330
1
100
AcDbSymbolTableRecord
100
AcDbBlockTableRecord
  2
*D142
340
0
 70
     0
280
     1
281
     0
  0
BLOCK_RECORD
  5
68D
330
1
100
AcDbSymbolTableRecord
100
AcDbBlockTableRecord
  2
*D143
340
0
 70
     0
280
     1
281
     0
  0
BLOCK_RECORD
  5
695
330
1
100
AcDbSymbolTableRecord
100
AcDbBlockTableRecord
  2
*D144
340
0
 70
     0
280
     1
281
     0
  0
BLOCK_RECORD
  5
69D
330
1
100
AcDbSymbolTableRecord
100
AcDbBlockTableRecord
  2
*D145
340
0
 70
     0
280
     1
281
     0
  0
BLOCK_RECORD
  5
6A5
330
1
100
AcDbSymbolTableRecord
100
AcDbBlockTableRecord
  2
*D146
340
0
 70
     0
280
     1
281
     0
  0
BLOCK_RECORD
  5
6AD
330
1
100
AcDbSymbolTableRecord
100
AcDbBlockTableRecord
  2
*D147
340
0
 70
     0
280
     1
281
     0
  0
BLOCK_RECORD
  5
6B5
330
1
100
AcDbSymbolTableRecord
100
AcDbBlockTableRecord
  2
*D148
340
0
 70
     0
280
     1
281
     0
  0
BLOCK_RECORD
  5
6BD
330
1
100
AcDbSymbolTableRecord
100
AcDbBlockTableRecord
  2
*D149
340
0
 70
     0
280
     1
281
     0
  0
BLOCK_RECORD
  5
6C5
330
1
100
AcDbSymbolTableRecord
100
AcDbBlockTableRecord
  2
*D150
340
0
 70
     0
280
     1
281
     0
  0
BLOCK_RECORD
  5
6CD
330
1
100
AcDbSymbolTableRecord
100
AcDbBlockTableRecord
  2
*D151
340
0
 70
     0
280
     1
281
     0
  0
BLOCK_RECORD
  5
6D5
330
1
100
AcDbSymbolTableRecord
100
AcDbBlockTableRecord
  2
*D152
340
0
 70
     0
280
     1
281
     0
  0
BLOCK_RECORD
  5
6DD
330
1
100
AcDbSymbolTableRecord
100
AcDbBlockTableRecord
  2
*D153
340
0
 70
     0
280
     1
281
     0
  0
BLOCK_RECORD
  5
6E5
330
1
100
AcDbSymbolTableRecord
100
AcDbBlockTableRecord
  2
*D154
340
0
 70
     0
280
     1
281
     0
  0
BLOCK_RECORD
  5
6ED
330
1
100
AcDbSymbolTableRecord
100
AcDbBlockTableRecord
  2
*D155
340
0
 70
     0
280
     1
281
     0
  0
BLOCK_RECORD
  5
6F5
330
1
100
AcDbSymbolTableRecord
100
AcDbBlockTableRecord
  2
*D156
340
0
 70
     0
280
     1
281
     0
  0
BLOCK_RECORD
  5
6FD
330
1
100
AcDbSymbolTableRecord
100
AcDbBlockTableRecord
  2
*D157
340
0
 70
     0
280
     1
281
     0
  0
BLOCK_RECORD
  5
705
330
1
100
AcDbSymbolTableRecord
100
AcDbBlockTableRecord
  2
*D158
340
0
 70
     0
280
     1
281
     0
  0
BLOCK_RECORD
  5
70D
330
1
100
AcDbSymbolTableRecord
100
AcDbBlockTableRecord
  2
*D159
340
0
 70
     0
280
     1
281
     0
  0
BLOCK_RECORD
  5
715
330
1
100
AcDbSymbolTableRecord
100
AcDbBlockTableRecord
  2
*D160
340
0
 70
     0
280
     1
281
     0
  0
BLOCK_RECORD
  5
71D
330
1
100
AcDbSymbolTableRecord
100
AcDbBlockTableRecord
  2
*D161
340
0
 70
     0
280
     1
281
     0
  0
BLOCK_RECORD
  5
725
330
1
100
AcDbSymbolTableRecord
100
AcDbBlockTableRecord
  2
*D162
340
0
 70
     0
280
     1
281
     0
  0
BLOCK_RECORD
  5
72D
330
1
100
AcDbSymbolTableRecord
100
AcDbBlockTableRecord
  2
*D163
340
0
 70
     0
280
     1
281
     0
  0
BLOCK_RECORD
  5
735
330
1
100
AcDbSymbolTableRecord
100
AcDbBlockTableRecord
  2
*D164
340
0
 70
     0
280
     1
281
     0
  0
BLOCK_RECORD
  5
73D
330
1
100
AcDbSymbolTableRecord
100
AcDbBlockTableRecord
  2
*D165
340
0
 70
     0
280
     1
281
     0
  0
BLOCK_RECORD
  5
745
330
1
100
AcDbSymbolTableRecord
100
AcDbBlockTableRecord
  2
*D166
340
0
 70
     0
280
     1
281
     0
  0
BLOCK_RECORD
  5
74D
330
1
100
AcDbSymbolTableRecord
100
AcDbBlockTableRecord
  2
*D167
340
0
 70
     0
280
     1
281
     0
  0
BLOCK_RECORD
  5
755
330
1
100
AcDbSymbolTableRecord
100
AcDbBlockTableRecord
  2
*D168
340
0
 70
     0
280
     1
281
     0
  0
BLOCK_RECORD
  5
75D
330
1
100
AcDbSymbolTableRecord
100
AcDbBlockTableRecord
  2
*D169
340
0
 70
     0
280
     1
281
     0
  0
BLOCK_RECORD
  5
765
330
1
100
AcDbSymbolTableRecord
100
AcDbBlockTableRecord
  2
*D170
340
0
 70
     0
280
     1
281
     0
  0
BLOCK_RECORD
  5
76D
330
1
100
AcDbSymbolTableRecord
100
AcDbBlockTableRecord
  2
*D171
340
0
 70
     0
280
     1
281
     0
  0
BLOCK_RECORD
  5
775
330
1
100
AcDbSymbolTableRecord
100
AcDbBlockTableRecord
  2
*D172
340
0
 70
     0
280
     1
281
     0
  0
BLOCK_RECORD
  5
77D
330
1
100
AcDbSymbolTableRecord
100
AcDbBlockTableRecord
  2
*D173
340
0
 70
     0
280
     1
281
     0
  0
BLOCK_RECORD
  5
785
330
1
100
AcDbSymbolTableRecord
100
AcDbBlockTableRecord
  2
*D174
340
0
 70
     0
280
     1
281
     0
  0
BLOCK_RECORD
  5
78D
330
1
100
AcDbSymbolTableRecord
100
AcDbBlockTableRecord
  2
*D175
340
0
 70
     0
280
     1
281
     0
  0
BLOCK_RECORD
  5
795
330
1
100
AcDbSymbolTableRecord
100
AcDbBlockTableRecord
  2
*D176
340
0
 70
     0
280
     1
281
     0
  0
BLOCK_RECORD
  5
79D
330
1
100
AcDbSymbolTableRecord
100
AcDbBlockTableRecord
  2
*D177
340
0
 70
     0
280
     1
281
     0
  0
BLOCK_RECORD
  5
7A5
330
1
100
AcDbSymbolTableRecord
100
AcDbBlockTableRecord
  2
*D178
340
0
 70
     0
280
     1
281
     0
  0
BLOCK_RECORD
  5
7AD
330
1
100
AcDbSymbolTableRecord
100
AcDbBlockTableRecord
  2
*D179
340
0
 70
     0
280
     1
281
     0
  0
BLOCK_RECORD
  5
7B5
330
1
100
AcDbSymbolTableRecord
100
AcDbBlockTableRecord
  2
*D180
340
0
 70
     0
280
     1
281
     0
  0
BLOCK_RECORD
  5
7BD
330
1
100
AcDbSymbolTableRecord
100
AcDbBlockTableRecord
  2
*D181
340
0
 70
     0
280
     1
281
     0
  0
BLOCK_RECORD
  5
7C5
330
1
100
AcDbSymbolTableRecord
100
AcDbBlockTableRecord
  2
*D182
340
0
 70
     0
280
     1
281
     0
  0
BLOCK_RECORD
  5
7CD
330
1
100
AcDbSymbolTableRecord
100
AcDbBlockTableRecord
  2
*D183
340
0
 70
     0
280
     1
281
     0
  0
BLOCK_RECORD
  5
7D5
330
1
100
AcDbSymbolTableRecord
100
AcDbBlockTableRecord
  2
*D184
340
0
 70
     0
280
     1
281
     0
  0
BLOCK_RECORD
  5
7DD
330
1
100
AcDbSymbolTableRecord
100
AcDbBlockTableRecord
  2
*D185
340
0
 70
     0
280
     1
281
     0
  0
BLOCK_RECORD
  5
7E5
330
1
100
AcDbSymbolTableRecord
100
AcDbBlockTableRecord
  2
*D186
340
0
 70
     0
280
     1
281
     0
  0
BLOCK_RECORD
  5
7ED
330
1
100
AcDbSymbolTableRecord
100
AcDbBlockTableRecord
  2
*D187
340
0
 70
     0
280
     1
281
     0
  0
BLOCK_RECORD
  5
7F5
330
1
100
AcDbSymbolTableRecord
100
AcDbBlockTableRecord
  2
*D188
340
0
 70
     0
280
     1
281
     0
  0
BLOCK_RECORD
  5
7FD
330
1
100
AcDbSymbolTableRecord
100
AcDbBlockTableRecord
  2
*D189
340
0
 70
     0
280
     1
281
     0
  0
BLOCK_RECORD
  5
805
330
1
100
AcDbSymbolTableRecord
100
AcDbBlockTableRecord
  2
*D190
340
0
 70
     0
280
     1
281
     0
  0
BLOCK_RECORD
  5
80D
330
1
100
AcDbSymbolTableRecord
100
AcDbBlockTableRecord
  2
*D191
340
0
 70
     0
280
     1
281
     0
  0
BLOCK_RECORD
  5
815
330
1
100
AcDbSymbolTableRecord
100
AcDbBlockTableRecord
  2
*D192
340
0
 70
     0
280
     1
281
     0
  0
BLOCK_RECORD
  5
81D
330
1
100
AcDbSymbolTableRecord
100
AcDbBlockTableRecord
  2
*D193
340
0
 70
     0
280
     1
281
     0
  0
BLOCK_RECORD
  5
825
330
1
100
AcDbSymbolTableRecord
100
AcDbBlockTableRecord
  2
*D194
340
0
 70
     0
280
     1
281
     0
  0
BLOCK_RECORD
  5
82D
330
1
100
AcDbSymbolTableRecord
100
AcDbBlockTableRecord
  2
*D195
340
0
 70
     0
280
     1
281
     0
  0
BLOCK_RECORD
  5
835
330
1
100
AcDbSymbolTableRecord
100
AcDbBlockTableRecord
  2
*D196
340
0
 70
     0
280
     1
281
     0
  0
BLOCK_RECORD
  5
83D
330
1
100
AcDbSymbolTableRecord
100
AcDbBlockTableRecord
  2
*D197
340
0
 70
     0
280
     1
281
     0
  0
BLOCK_RECORD
  5
845
330
1
100
AcDbSymbolTableRecord
100
AcDbBlockTableRecord
  2
*D198
340
0
 70
     0
280
     1
281
     0
  0
BLOCK_RECORD
  5
84D
330
1
100
AcDbSymbolTableRecord
100
AcDbBlockTableRecord
  2
*D199
340
0
 70
     0
280
     1
281
     0
  0
BLOCK_RECORD
  5
855
330
1
100
AcDbSymbolTableRecord
100
AcDbBlockTableRecord
  2
*D200
340
0
 70
     0
280
     1
281
     0
  0
BLOCK_RECORD
  5
85D
330
1
100
AcDbSymbolTableRecord
100
AcDbBlockTableRecord
  2
*D201
340
0
 70
     0
280
     1
281
     0
  0
BLOCK_RECORD
  5
865
330
1
100
AcDbSymbolTableRecord
100
AcDbBlockTableRecord
  2
*D202
340
0
 70
     0
280
     1
281
     0
  0
BLOCK_RECORD
  5
86D
330
1
100
AcDbSymbolTableRecord
100
AcDbBlockTableRecord
  2
*D203
340
0
 70
     0
280
     1
281
     0
  0
BLOCK_RECORD
  5
875
330
1
100
AcDbSymbolTableRecord
100
AcDbBlockTableRecord
  2
*D204
340
0
 70
     0
280
     1
281
     0
  0
BLOCK_RECORD
  5
87D
330
1
100
AcDbSymbolTableRecord
100
AcDbBlockTableRecord
  2
*D205
340
0
 70
     0
280
     1
281
     0
  0
BLOCK_RECORD
  5
885
330
1
100
AcDbSymbolTableRecord
100
AcDbBlockTableRecord
  2
*D206
340
0
 70
     0
280
     1
281
     0
  0
BLOCK_RECORD
  5
88D
330
1
100
AcDbSymbolTableRecord
100
AcDbBlockTableRecord
  2
*D207
340
0
 70
     0
280
     1
281
     0
  0
BLOCK_RECORD
  5
895
330
1
100
AcDbSymbolTableRecord
100
AcDbBlockTableRecord
  2
*D208
340
0
 70
     0
280
     1
281
     0
  0
BLOCK_RECORD
  5
89D
330
1
100
AcDbSymbolTableRecord
100
AcDbBlockTableRecord
  2
*D209
340
0
 70
     0
280
     1
281
     0
  0
BLOCK_RECORD
  5
8A5
330
1
100
AcDbSymbolTableRecord
100
AcDbBlockTableRecord
  2
*D210
340
0
 70
     0
280
     1
281
     0
  0
BLOCK_RECORD
  5
8AD
330
1
100
AcDbSymbolTableRecord
100
AcDbBlockTableRecord
  2
*D211
340
0
 70
     0
280
     1
281
     0
  0
BLOCK_RECORD
  5
8B5
330
1
100
AcDbSymbolTableRecord
100
AcDbBlockTableRecord
  2
*D212
340
0
 70
     0
280
     1
281
     0
  0
BLOCK_RECORD
  5
8BD
330
1
100
AcDbSymbolTableRecord
100
AcDbBlockTableRecord
  2
*D213
340
0
 70
     0
280
     1
281
     0
  0
BLOCK_RECORD
  5
8C5
330
1
100
AcDbSymbolTableRecord
100
AcDbBlockTableRecord
  2
*D214
340
0
 70
     0
280
     1
281
     0
  0
BLOCK_RECORD
  5
8CD
330
1
100
AcDbSymbolTableRecord
100
AcDbBlockTableRecord
  2
*D215
340
0
 70
     0
280
     1
281
     0
  0
BLOCK_RECORD
  5
8D5
330
1
100
AcDbSymbolTableRecord
100
AcDbBlockTableRecord
  2
*D216
340
0
 70
     0
280
     1
281
     0
  0
BLOCK_RECORD
  5
8DD
330
1
100
AcDbSymbolTableRecord
100
AcDbBlockTableRecord
  2
*D217
340
0
 70
     0
280
     1
281
     0
  0
BLOCK_RECORD
  5
8E5
330
1
100
AcDbSymbolTableRecord
100
AcDbBlockTableRecord
  2
*D218
340
0
 70
     0
280
     1
281
     0
  0
BLOCK_RECORD
  5
8ED
330
1
100
AcDbSymbolTableRecord
100
AcDbBlockTableRecord
  2
*D219
340
0
 70
     0
280
     1
281
     0
  0
BLOCK_RECORD
  5
8F5
330
1
100
AcDbSymbolTableRecord
100
AcDbBlockTableRecord
  2
*D220
340
0
 70
     0
280
     1
281
     0
  0
BLOCK_RECORD
  5
8FD
330
1
100
AcDbSymbolTableRecord
100
AcDbBlockTableRecord
  2
*D221
340
0
 70
     0
280
     1
281
     0
  0
BLOCK_RECORD
  5
905
330
1
100
AcDbSymbolTableRecord
100
AcDbBlockTableRecord
  2
*D222
340
0
 70
     0
280
     1
281
     0
  0
BLOCK_RECORD
  5
90D
330
1
100
AcDbSymbolTableRecord
100
AcDbBlockTableRecord
  2
*D223
340
0
 70
     0
280
     1
281
     0
  0
BLOCK_RECORD
  5
915
330
1
100
AcDbSymbolTableRecord
100
AcDbBlockTableRecord
  2
*D224
340
0
 70
     0
280
     1
281
     0
  0
BLOCK_RECORD
  5
91D
330
1
100
AcDbSymbolTableRecord
100
AcDbBlockTableRecord
  2
*D225
340
0
 70
     0
280
     1
281
     0
  0
BLOCK_RECORD
  5
925
330
1
100
AcDbSymbolTableRecord
100
AcDbBlockTableRecord
  2
*D226
340
0
 70
     0
280
     1
281
     0
  0
BLOCK_RECORD
  5
92D
330
1
100
AcDbSymbolTableRecord
100
AcDbBlockTableRecord
  2
*D227
340
0
 70
     0
280
     1
281
     0
  0
BLOCK_RECORD
  5
935
330
1
100
AcDbSymbolTableRecord
100
AcDbBlockTableRecord
  2
*D228
340
0
 70
     0
280
     1
281
     0
  0
BLOCK_RECORD
  5
93D
330
1
100
AcDbSymbolTableRecord
100
AcDbBlockTableRecord
  2
*D229
340
0
 70
     0
280
     1
281
     0
  0
BLOCK_RECORD
  5
945
330
1
100
AcDbSymbolTableRecord
100
AcDbBlockTableRecord
  2
*D230
340
0
 70
     0
280
     1
281
     0
  0
BLOCK_RECORD
  5
94D
330
1
100
AcDbSymbolTableRecord
100
AcDbBlockTableRecord
  2
*D231
340
0
 70
     0
280
     1
281
     0
  0
BLOCK_RECORD
  5
955
330
1
100
AcDbSymbolTableRecord
100
AcDbBlockTableRecord
  2
*D232
340
0
 70
     0
280
     1
281
     0
  0
BLOCK_RECORD
  5
95D
330
1
100
AcDbSymbolTableRecord
100
AcDbBlockTableRecord
  2
*D233
340
0
 70
     0
280
     1
281
     0
  0
BLOCK_RECORD
  5
965
330
1
100
AcDbSymbolTableRecord
100
AcDbBlockTableRecord
  2
*D234
340
0
 70
     0
280
     1
281
     0
  0
BLOCK_RECORD
  5
96D
330
1
100
AcDbSymbolTableRecord
100
AcDbBlockTableRecord
  2
*D235
340
0
 70
     0
280
     1
281
     0
  0
BLOCK_RECORD
  5
975
330
1
100
AcDbSymbolTableRecord
100
AcDbBlockTableRecord
  2
*D236
340
0
 70
     0
280
     1
281
     0
  0
BLOCK_RECORD
  5
97D
330
1
100
AcDbSymbolTableRecord
100
AcDbBlockTableRecord
  2
*D237
340
0
 70
     0
280
     1
281
     0
  0
BLOCK_RECORD
  5
985
330
1
100
AcDbSymbolTableRecord
100
AcDbBlockTableRecord
  2
*D238
340
0
 70
     0
280
     1
281
     0
  0
BLOCK_RECORD
  5
98D
330
1
100
AcDbSymbolTableRecord
100
AcDbBlockTableRecord
  2
*D239
340
0
 70
     0
280
     1
281
     0
  0
BLOCK_RECORD
  5
995
330
1
100
AcDbSymbolTableRecord
100
AcDbBlockTableRecord
  2
*D240
340
0
 70
     0
280
     1
281
     0
  0
BLOCK_RECORD
  5
99D
330
1
100
AcDbSymbolTableRecord
100
AcDbBlockTableRecord
  2
*D241
340
0
 70
     0
280
     1
281
     0
  0
BLOCK_RECORD
  5
9A5
330
1
100
AcDbSymbolTableRecord
100
AcDbBlockTableRecord
  2
*D242
340
0
 70
     0
280
     1
281
     0
  0
BLOCK_RECORD
  5
9AD
330
1
100
AcDbSymbolTableRecord
100
AcDbBlockTableRecord
  2
*D243
340
0
 70
     0
280
     1
281
     0
  0
BLOCK_RECORD
  5
9B5
330
1
100
AcDbSymbolTableRecord
100
AcDbBlockTableRecord
  2
*D244
340
0
 70
     0
280
     1
281
     0
  0
BLOCK_RECORD
  5
9BD
330
1
100
AcDbSymbolTableRecord
100
AcDbBlockTableRecord
  2
*D245
340
0
 70
     0
280
     1
281
     0
  0
BLOCK_RECORD
  5
9C5
330
1
100
AcDbSymbolTableRecord
100
AcDbBlockTableRecord
  2
*D246
340
0
 70
     0
280
     1
281
     0
  0
BLOCK_RECORD
  5
9CD
330
1
100
AcDbSymbolTableRecord
100
AcDbBlockTableRecord
  2
*D247
340
0
 70
     0
280
     1
281
     0
  0
BLOCK_RECORD
  5
9D5
330
1
100
AcDbSymbolTableRecord
100
AcDbBlockTableRecord
  2
*D248
340
0
 70
     0
280
     1
281
     0
  0
BLOCK_RECORD
  5
9DD
330
1
100
AcDbSymbolTableRecord
100
AcDbBlockTableRecord
  2
*D249
340
0
 70
     0
280
     1
281
     0
  0
BLOCK_RECORD
  5
9E5
330
1
100
AcDbSymbolTableRecord
100
AcDbBlockTableRecord
  2
*D250
340
0
 70
     0
280
     1
281
     0
  0
BLOCK_RECORD
  5
9ED
330
1
100
AcDbSymbolTableRecord
100
AcDbBlockTableRecord
  2
*D251
340
0
 70
     0
280
     1
281
     0
  0
BLOCK_RECORD
  5
9F5
330
1
100
AcDbSymbolTableRecord
100
AcDbBlockTableRecord
  2
*D252
340
0
 70
     0
280
     1
281
     0
  0
BLOCK_RECORD
  5
9FD
330
1
100
AcDbSymbolTableRecord
100
AcDbBlockTableRecord
  2
*D253
340
0
 70
     0
280
     1
281
     0
  0
BLOCK_RECORD
  5
A05
330
1
100
AcDbSymbolTableRecord
100
AcDbBlockTableRecord
  2
*D254
340
0
 70
     0
280
     1
281
     0
  0
BLOCK_RECORD
  5
A0D
330
1
100
AcDbSymbolTableRecord
100
AcDbBlockTableRecord
  2
*D255
340
0
 70
     0
280
     1
281
     0
  0
BLOCK_RECORD
  5
A15
330
1
100
AcDbSymbolTableRecord
100
AcDbBlockTableRecord
  2
*D256
340
0
 70
     0
280
     1
281
     0
  0
BLOCK_RECORD
  5
A1D
330
1
100
AcDbSymbolTableRecord
100
AcDbBlockTableRecord
  2
*D257
340
0
 70
     0
280
     1
281
     0
  0
BLOCK_RECORD
  5
A25
330
1
100
AcDbSymbolTableRecord
100
AcDbBlockTableRecord
  2
*D258
340
0
 70
     0
280
     1
281
     0
  0
BLOCK_RECORD
  5
A2D
330
1
100
AcDbSymbolTableRecord
100
AcDbBlockTableRecord
  2
*D259
340
0
 70
     0
280
     1
281
     0
  0
BLOCK_RECORD
  5
A35
330
1
100
AcDbSymbolTableRecord
100
AcDbBlockTableRecord
  2
*D260
340
0
 70
     0
280
     1
281
     0
  0
BLOCK_RECORD
  5
A3D
330
1
100
AcDbSymbolTableRecord
100
AcDbBlockTableRecord
  2
*D261
340
0
 70
     0
280
     1
281
     0
  0
BLOCK_RECORD
  5
A45
330
1
100
AcDbSymbolTableRecord
100
AcDbBlockTableRecord
  2
*D262
340
0
 70
     0
280
     1
281
     0
  0
BLOCK_RECORD
  5
A4D
330
1
100
AcDbSymbolTableRecord
100
AcDbBlockTableRecord
  2
*D263
340
0
 70
     0
280
     1
281
     0
  0
BLOCK_RECORD
  5
A55
330
1
100
AcDbSymbolTableRecord
100
AcDbBlockTableRecord
  2
*D264
340
0
 70
     0
280
     1
281
     0
  0
BLOCK_RECORD
  5
A5D
330
1
100
AcDbSymbolTableRecord
100
AcDbBlockTableRecord
  2
*D265
340
0
 70
     0
280
     1
281
     0
  0
BLOCK_RECORD
  5
A65
330
1
100
AcDbSymbolTableRecord
100
AcDbBlockTableRecord
  2
*D266
340
0
 70
     0
280
     1
281
     0
  0
BLOCK_RECORD
  5
A6D
330
1
100
AcDbSymbolTableRecord
100
AcDbBlockTableRecord
  2
*D267
340
0
 70
     0
280
     1
281
     0
  0
BLOCK_RECORD
  5
A75
330
1
100
AcDbSymbolTableRecord
100
AcDbBlockTableRecord
  2
*D268
340
0
 70
     0
280
     1
281
     0
  0
BLOCK_RECORD
  5
A7D
330
1
100
AcDbSymbolTableRecord
100
AcDbBlockTableRecord
  2
*D269
340
0
 70
     0
280
     1
281
     0
  0
BLOCK_RECORD
  5
A85
330
1
100
AcDbSymbolTableRecord
100
AcDbBlockTableRecord
  2
*D270
340
0
 70
     0
280
     1
281
     0
  0
BLOCK_RECORD
  5
A8D
330
1
100
AcDbSymbolTableRecord
100
AcDbBlockTableRecord
  2
*D271
340
0
 70
     0
280
     1
281
     0
  0
BLOCK_RECORD
  5
A95
330
1
100
AcDbSymbolTableRecord
100
AcDbBlockTableRecord
  2
*D272
340
0
 70
     0
280
     1
281
     0
  0
BLOCK_RECORD
  5
A9D
330
1
100
AcDbSymbolTableRecord
100
AcDbBlockTableRecord
  2
*D273
340
0
 70
     0
280
     1
281
     0
  0
BLOCK_RECORD
  5
AA5
330
1
100
AcDbSymbolTableRecord
100
AcDbBlockTableRecord
  2
*D274
340
0
 70
     0
280
     1
281
     0
  0
BLOCK_RECORD
  5
AAD
330
1
100
AcDbSymbolTableRecord
100
AcDbBlockTableRecord
  2
*D275
340
0
 70
     0
280
     1
281
     0
  0
BLOCK_RECORD
  5
AB5
330
1
100
AcDbSymbolTableRecord
100
AcDbBlockTableRecord
  2
*D276
340
0
 70
     0
280
     1
281
     0
  0
BLOCK_RECORD
  5
ABD
330
1
100
AcDbSymbolTableRecord
100
AcDbBlockTableRecord
  2
*D277
340
0
 70
     0
280
     1
281
     0
  0
BLOCK_RECORD
  5
AC5
330
1
100
AcDbSymbolTableRecord
100
AcDbBlockTableRecord
  2
*D278
340
0
 70
     0
280
     1
281
     0
  0
BLOCK_RECORD
  5
ACD
330
1
100
AcDbSymbolTableRecord
100
AcDbBlockTableRecord
  2
*D279
340
0
 70
     0
280
     1
281
     0
  0
BLOCK_RECORD
  5
AD5
330
1
100
AcDbSymbolTableRecord
100
AcDbBlockTableRecord
  2
*D280
340
0
 70
     0
280
     1
281
     0
  0
BLOCK_RECORD
  5
ADD
330
1
100
AcDbSymbolTableRecord
100
AcDbBlockTableRecord
  2
*D281
340
0
 70
     0
280
     1
281
     0
  0
BLOCK_RECORD
  5
AE5
330
1
100
AcDbSymbolTableRecord
100
AcDbBlockTableRecord
  2
*D282
340
0
 70
     0
280
     1
281
     0
  0
BLOCK_RECORD
  5
AED
330
1
100
AcDbSymbolTableRecord
100
AcDbBlockTableRecord
  2
*D283
340
0
 70
     0
280
     1
281
     0
  0
BLOCK_RECORD
  5
AF5
330
1
100
AcDbSymbolTableRecord
100
AcDbBlockTableRecord
  2
*D284
340
0
 70
     0
280
     1
281
     0
  0
BLOCK_RECORD
  5
AFD
330
1
100
AcDbSymbolTableRecord
100
AcDbBlockTableRecord
  2
*D285
340
0
 70
     0
280
     1
281
     0
  0
BLOCK_RECORD
  5
B05
330
1
100
AcDbSymbolTableRecord
100
AcDbBlockTableRecord
  2
*D286
340
0
 70
     0
280
     1
281
     0
  0
BLOCK_RECORD
  5
B0D
330
1
100
AcDbSymbolTableRecord
100
AcDbBlockTableRecord
  2
*D287
340
0
 70
     0
280
     1
281
     0
  0
BLOCK_RECORD
  5
B15
330
1
100
AcDbSymbolTableRecord
100
AcDbBlockTableRecord
  2
*D288
340
0
 70
     0
280
     1
281
     0
  0
BLOCK_RECORD
  5
B1D
330
1
100
AcDbSymbolTableRecord
100
AcDbBlockTableRecord
  2
*D289
340
0
 70
     0
280
     1
281
     0
  0
BLOCK_RECORD
  5
B25
330
1
100
AcDbSymbolTableRecord
100
AcDbBlockTableRecord
  2
*D290
340
0
 70
     0
280
     1
281
     0
  0
BLOCK_RECORD
  5
B2D
330
1
100
AcDbSymbolTableRecord
100
AcDbBlockTableRecord
  2
*D291
340
0
 70
     0
280
     1
281
     0
  0
BLOCK_RECORD
  5
B35
330
1
100
AcDbSymbolTableRecord
100
AcDbBlockTableRecord
  2
*D292
340
0
 70
     0
280
     1
281
     0
  0
BLOCK_RECORD
  5
B3D
330
1
100
AcDbSymbolTableRecord
100
AcDbBlockTableRecord
  2
*D293
340
0
 70
     0
280
     1
281
     0
  0
BLOCK_RECORD
  5
B45
330
1
100
AcDbSymbolTableRecord
100
AcDbBlockTableRecord
  2
*D294
340
0
 70
     0
280
     1
281
     0
  0
BLOCK_RECORD
  5
B4D
330
1
100
AcDbSymbolTableRecord
100
AcDbBlockTableRecord
  2
*D295
340
0
 70
     0
280
     1
281
     0
  0
BLOCK_RECORD
  5
B55
330
1
100
AcDbSymbolTableRecord
100
AcDbBlockTableRecord
  2
*D296
340
0
 70
     0
280
     1
281
     0
  0
BLOCK_RECORD
  5
B5D
330
1
100
AcDbSymbolTableRecord
100
AcDbBlockTableRecord
  2
*D297
340
0
 70
     0
280
     1
281
     0
  0
BLOCK_RECORD
  5
B65
330
1
100
AcDbSymbolTableRecord
100
AcDbBlockTableRecord
  2
*D298
340
0
 70
     0
280
     1
281
     0
  0
BLOCK_RECORD
  5
B6D
330
1
100
AcDbSymbolTableRecord
100
AcDbBlockTableRecord
  2
*D299
340
0
 70
     0
280
     1
281
     0
  0
BLOCK_RECORD
  5
B75
330
1
100
AcDbSymbolTableRecord
100
AcDbBlockTableRecord
  2
*D300
340
0
 70
     0
280
     1
281
     0
  0
BLOCK_RECORD
  5
B7D
330
1
100
AcDbSymbolTableRecord
100
AcDbBlockTableRecord
  2
*D301
340
0
 70
     0
280
     1
281
     0
  0
BLOCK_RECORD
  5
B85
330
1
100
AcDbSymbolTableRecord
100
AcDbBlockTableRecord
  2
*D302
340
0
 70
     0
280
     1
281
     0
  0
BLOCK_RECORD
  5
B8D
330
1
100
AcDbSymbolTableRecord
100
AcDbBlockTableRecord
  2
*D303
340
0
 70
     0
280
     1
281
     0
  0
BLOCK_RECORD
  5
B95
330
1
100
AcDbSymbolTableRecord
100
AcDbBlockTableRecord
  2
*D304
340
0
 70
     0
280
     1
281
     0
  0
BLOCK_RECORD
  5
B9D
330
1
100
AcDbSymbolTableRecord
100
AcDbBlockTableRecord
  2
*D305
340
0
 70
     0
280
     1
281
     0
  0
BLOCK_RECORD
  5
BA5
330
1
100
AcDbSymbolTableRecord
100
AcDbBlockTableRecord
  2
*D306
340
0
 70
     0
280
     1
281
     0
  0
BLOCK_RECORD
  5
BB5
330
1
100
AcDbSymbolTableRecord
100
AcDbBlockTableRecord
  2
*D308
340
0
 70
     0
280
     1
281
     0
  0
BLOCK_RECORD
  5
BBD
330
1
100
AcDbSymbolTableRecord
100
AcDbBlockTableRecord
  2
*D309
340
0
 70
     0
280
     1
281
     0
  0
BLOCK_RECORD
  5
BC5
330
1
100
AcDbSymbolTableRecord
100
AcDbBlockTableRecord
  2
*D310
340
0
 70
     0
280
     1
281
     0
  0
BLOCK_RECORD
  5
BCD
330
1
100
AcDbSymbolTableRecord
100
AcDbBlockTableRecord
  2
*D311
340
0
 70
     0
280
     1
281
     0
  0
BLOCK_RECORD
  5
BD5
330
1
100
AcDbSymbolTableRecord
100
AcDbBlockTableRecord
  2
*D312
340
0
 70
     0
280
     1
281
     0
  0
BLOCK_RECORD
  5
BDD
330
1
100
AcDbSymbolTableRecord
100
AcDbBlockTableRecord
  2
*D313
340
0
 70
     0
280
     1
281
     0
  0
BLOCK_RECORD
  5
BE5
330
1
100
AcDbSymbolTableRecord
100
AcDbBlockTableRecord
  2
*D314
340
0
 70
     0
280
     1
281
     0
  0
BLOCK_RECORD
  5
BED
330
1
100
AcDbSymbolTableRecord
100
AcDbBlockTableRecord
  2
*D315
340
0
 70
     0
280
     1
281
     0
  0
BLOCK_RECORD
  5
BF5
330
1
100
AcDbSymbolTableRecord
100
AcDbBlockTableRecord
  2
*D316
340
0
 70
     0
280
     1
281
     0
  0
BLOCK_RECORD
  5
BFD
330
1
100
AcDbSymbolTableRecord
100
AcDbBlockTableRecord
  2
*D317
340
0
 70
     0
280
     1
281
     0
  0
BLOCK_RECORD
  5
C05
330
1
100
AcDbSymbolTableRecord
100
AcDbBlockTableRecord
  2
*D318
340
0
 70
     0
280
     1
281
     0
  0
BLOCK_RECORD
  5
C0D
330
1
100
AcDbSymbolTableRecord
100
AcDbBlockTableRecord
  2
*D319
340
0
 70
     0
280
     1
281
     0
  0
BLOCK_RECORD
  5
C15
330
1
100
AcDbSymbolTableRecord
100
AcDbBlockTableRecord
  2
*D320
340
0
 70
     0
280
     1
281
     0
  0
BLOCK_RECORD
  5
C1D
330
1
100
AcDbSymbolTableRecord
100
AcDbBlockTableRecord
  2
*D321
340
0
 70
     0
280
     1
281
     0
  0
BLOCK_RECORD
  5
C25
330
1
100
AcDbSymbolTableRecord
100
AcDbBlockTableRecord
  2
*D322
340
0
 70
     0
280
     1
281
     0
  0
BLOCK_RECORD
  5
C2D
330
1
100
AcDbSymbolTableRecord
100
AcDbBlockTableRecord
  2
*D323
340
0
 70
     0
280
     1
281
     0
  0
BLOCK_RECORD
  5
C35
330
1
100
AcDbSymbolTableRecord
100
AcDbBlockTableRecord
  2
*D324
340
0
 70
     0
280
     1
281
     0
  0
BLOCK_RECORD
  5
C3D
330
1
100
AcDbSymbolTableRecord
100
AcDbBlockTableRecord
  2
*D325
340
0
 70
     0
280
     1
281
     0
  0
BLOCK_RECORD
  5
C45
330
1
100
AcDbSymbolTableRecord
100
AcDbBlockTableRecord
  2
*D326
340
0
 70
     0
280
     1
281
     0
  0
BLOCK_RECORD
  5
C4D
330
1
100
AcDbSymbolTableRecord
100
AcDbBlockTableRecord
  2
*D327
340
0
 70
     0
280
     1
281
     0
  0
BLOCK_RECORD
  5
C55
330
1
100
AcDbSymbolTableRecord
100
AcDbBlockTableRecord
  2
*D328
340
0
 70
     0
280
     1
281
     0
  0
BLOCK_RECORD
  5
C5D
330
1
100
AcDbSymbolTableRecord
100
AcDbBlockTableRecord
  2
*D329
340
0
 70
     0
280
     1
281
     0
  0
BLOCK_RECORD
  5
C65
330
1
100
AcDbSymbolTableRecord
100
AcDbBlockTableRecord
  2
*D330
340
0
 70
     0
280
     1
281
     0
  0
BLOCK_RECORD
  5
C6D
330
1
100
AcDbSymbolTableRecord
100
AcDbBlockTableRecord
  2
*D331
340
0
 70
     0
280
     1
281
     0
  0
BLOCK_RECORD
  5
C75
330
1
100
AcDbSymbolTableRecord
100
AcDbBlockTableRecord
  2
*D332
340
0
 70
     0
280
     1
281
     0
  0
BLOCK_RECORD
  5
C7D
330
1
100
AcDbSymbolTableRecord
100
AcDbBlockTableRecord
  2
*D333
340
0
 70
     0
280
     1
281
     0
  0
BLOCK_RECORD
  5
C85
330
1
100
AcDbSymbolTableRecord
100
AcDbBlockTableRecord
  2
*D334
340
0
 70
     0
280
     1
281
     0
  0
BLOCK_RECORD
  5
C9D
330
1
100
AcDbSymbolTableRecord
100
AcDbBlockTableRecord
  2
*D337
340
0
 70
     0
280
     1
281
     0
  0
BLOCK_RECORD
  5
CA5
330
1
100
AcDbSymbolTableRecord
100
AcDbBlockTableRecord
  2
*D338
340
0
 70
     0
280
     1
281
     0
  0
BLOCK_RECORD
  5
CAD
330
1
100
AcDbSymbolTableRecord
100
AcDbBlockTableRecord
  2
*D339
340
0
 70
     0
280
     1
281
     0
  0
BLOCK_RECORD
  5
CB5
330
1
100
AcDbSymbolTableRecord
100
AcDbBlockTableRecord
  2
*D340
340
0
 70
     0
280
     1
281
     0
  0
BLOCK_RECORD
  5
CBD
330
1
100
AcDbSymbolTableRecord
100
AcDbBlockTableRecord
  2
*D341
340
0
 70
     0
280
     1
281
     0
  0
BLOCK_RECORD
  5
CC5
330
1
100
AcDbSymbolTableRecord
100
AcDbBlockTableRecord
  2
*D342
340
0
 70
     0
280
     1
281
     0
  0
BLOCK_RECORD
  5
CCD
330
1
100
AcDbSymbolTableRecord
100
AcDbBlockTableRecord
  2
*D343
340
0
 70
     0
280
     1
281
     0
  0
BLOCK_RECORD
  5
CD5
330
1
100
AcDbSymbolTableRecord
100
AcDbBlockTableRecord
  2
*D344
340
0
 70
     0
280
     1
281
     0
  0
BLOCK_RECORD
  5
CDD
330
1
100
AcDbSymbolTableRecord
100
AcDbBlockTableRecord
  2
*D345
340
0
 70
     0
280
     1
281
     0
  0
BLOCK_RECORD
  5
CE5
330
1
100
AcDbSymbolTableRecord
100
AcDbBlockTableRecord
  2
*D346
340
0
 70
     0
280
     1
281
     0
  0
BLOCK_RECORD
  5
CED
330
1
100
AcDbSymbolTableRecord
100
AcDbBlockTableRecord
  2
*D347
340
0
 70
     0
280
     1
281
     0
  0
BLOCK_RECORD
  5
CF5
330
1
100
AcDbSymbolTableRecord
100
AcDbBlockTableRecord
  2
*D348
340
0
 70
     0
280
     1
281
     0
  0
BLOCK_RECORD
  5
CFD
330
1
100
AcDbSymbolTableRecord
100
AcDbBlockTableRecord
  2
*D349
340
0
 70
     0
280
     1
281
     0
  0
BLOCK_RECORD
  5
D05
330
1
100
AcDbSymbolTableRecord
100
AcDbBlockTableRecord
  2
*D350
340
0
 70
     0
280
     1
281
     0
  0
BLOCK_RECORD
  5
D0D
330
1
100
AcDbSymbolTableRecord
100
AcDbBlockTableRecord
  2
*D351
340
0
 70
     0
280
     1
281
     0
  0
BLOCK_RECORD
  5
D15
330
1
100
AcDbSymbolTableRecord
100
AcDbBlockTableRecord
  2
*D352
340
0
 70
     0
280
     1
281
     0
  0
BLOCK_RECORD
  5
D1D
330
1
100
AcDbSymbolTableRecord
100
AcDbBlockTableRecord
  2
*D353
340
0
 70
     0
280
     1
281
     0
  0
BLOCK_RECORD
  5
D25
330
1
100
AcDbSymbolTableRecord
100
AcDbBlockTableRecord
  2
*D354
340
0
 70
     0
280
     1
281
     0
  0
BLOCK_RECORD
  5
D2D
330
1
100
AcDbSymbolTableRecord
100
AcDbBlockTableRecord
  2
*D355
340
0
 70
     0
280
     1
281
     0
  0
BLOCK_RECORD
  5
D35
330
1
100
AcDbSymbolTableRecord
100
AcDbBlockTableRecord
  2
*D356
340
0
 70
     0
280
     1
281
     0
  0
BLOCK_RECORD
  5
D3D
330
1
100
AcDbSymbolTableRecord
100
AcDbBlockTableRecord
  2
*D357
340
0
 70
     0
280
     1
281
     0
  0
BLOCK_RECORD
  5
D45
330
1
100
AcDbSymbolTableRecord
100
AcDbBlockTableRecord
  2
*D358
340
0
 70
     0
280
     1
281
     0
  0
BLOCK_RECORD
  5
D4D
330
1
100
AcDbSymbolTableRecord
100
AcDbBlockTableRecord
  2
*D359
340
0
 70
     0
280
     1
281
     0
  0
BLOCK_RECORD
  5
D55
330
1
100
AcDbSymbolTableRecord
100
AcDbBlockTableRecord
  2
*D360
340
0
 70
     0
280
     1
281
     0
  0
BLOCK_RECORD
  5
D5D
330
1
100
AcDbSymbolTableRecord
100
AcDbBlockTableRecord
  2
*D361
340
0
 70
     0
280
     1
281
     0
  0
BLOCK_RECORD
  5
D65
330
1
100
AcDbSymbolTableRecord
100
AcDbBlockTableRecord
  2
*D362
340
0
 70
     0
280
     1
281
     0
  0
BLOCK_RECORD
  5
D6D
330
1
100
AcDbSymbolTableRecord
100
AcDbBlockTableRecord
  2
*D363
340
0
 70
     0
280
     1
281
     0
  0
BLOCK_RECORD
  5
D75
330
1
100
AcDbSymbolTableRecord
100
AcDbBlockTableRecord
  2
*D364
340
0
 70
     0
280
     1
281
     0
  0
BLOCK_RECORD
  5
D7D
330
1
100
AcDbSymbolTableRecord
100
AcDbBlockTableRecord
  2
*D365
340
0
 70
     0
280
     1
281
     0
  0
BLOCK_RECORD
  5
D85
330
1
100
AcDbSymbolTableRecord
100
AcDbBlockTableRecord
  2
*D366
340
0
 70
     0
280
     1
281
     0
  0
BLOCK_RECORD
  5
D8D
330
1
100
AcDbSymbolTableRecord
100
AcDbBlockTableRecord
  2
*D367
340
0
 70
     0
280
     1
281
     0
  0
BLOCK_RECORD
  5
D95
330
1
100
AcDbSymbolTableRecord
100
AcDbBlockTableRecord
  2
*D368
340
0
 70
     0
280
     1
281
     0
  0
BLOCK_RECORD
  5
D9D
330
1
100
AcDbSymbolTableRecord
100
AcDbBlockTableRecord
  2
*D369
340
0
 70
     0
280
     1
281
     0
  0
BLOCK_RECORD
  5
DA5
330
1
100
AcDbSymbolTableRecord
100
AcDbBlockTableRecord
  2
*D370
340
0
 70
     0
280
     1
281
     0
  0
BLOCK_RECORD
  5
DAD
330
1
100
AcDbSymbolTableRecord
100
AcDbBlockTableRecord
  2
*D371
340
0
 70
     0
280
     1
281
     0
  0
BLOCK_RECORD
  5
DB5
330
1
100
AcDbSymbolTableRecord
100
AcDbBlockTableRecord
  2
*D372
340
0
 70
     0
280
     1
281
     0
  0
BLOCK_RECORD
  5
DBD
330
1
100
AcDbSymbolTableRecord
100
AcDbBlockTableRecord
  2
*D373
340
0
 70
     0
280
     1
281
     0
  0
BLOCK_RECORD
  5
DC5
330
1
100
AcDbSymbolTableRecord
100
AcDbBlockTableRecord
  2
*D374
340
0
 70
     0
280
     1
281
     0
  0
BLOCK_RECORD
  5
DCD
330
1
100
AcDbSymbolTableRecord
100
AcDbBlockTableRecord
  2
*D375
340
0
 70
     0
280
     1
281
     0
  0
BLOCK_RECORD
  5
DD5
330
1
100
AcDbSymbolTableRecord
100
AcDbBlockTableRecord
  2
*D376
340
0
 70
     0
280
     1
281
     0
  0
BLOCK_RECORD
  5
DDD
330
1
100
AcDbSymbolTableRecord
100
AcDbBlockTableRecord
  2
*D377
340
0
 70
     0
280
     1
281
     0
  0
BLOCK_RECORD
  5
DE5
330
1
100
AcDbSymbolTableRecord
100
AcDbBlockTableRecord
  2
*D378
340
0
 70
     0
280
     1
281
     0
  0
BLOCK_RECORD
  5
DED
330
1
100
AcDbSymbolTableRecord
100
AcDbBlockTableRecord
  2
*D379
340
0
 70
     0
280
     1
281
     0
  0
BLOCK_RECORD
  5
DF5
330
1
100
AcDbSymbolTableRecord
100
AcDbBlockTableRecord
  2
*D380
340
0
 70
     0
280
     1
281
     0
  0
BLOCK_RECORD
  5
DFD
330
1
100
AcDbSymbolTableRecord
100
AcDbBlockTableRecord
  2
*D381
340
0
 70
     0
280
     1
281
     0
  0
BLOCK_RECORD
  5
E05
330
1
100
AcDbSymbolTableRecord
100
AcDbBlockTableRecord
  2
*D382
340
0
 70
     0
280
     1
281
     0
  0
BLOCK_RECORD
  5
E0D
330
1
100
AcDbSymbolTableRecord
100
AcDbBlockTableRecord
  2
*D383
340
0
 70
     0
280
     1
281
     0
  0
BLOCK_RECORD
  5
E15
330
1
100
AcDbSymbolTableRecord
100
AcDbBlockTableRecord
  2
*D384
340
0
 70
     0
280
     1
281
     0
  0
BLOCK_RECORD
  5
E1D
330
1
100
AcDbSymbolTableRecord
100
AcDbBlockTableRecord
  2
*D385
340
0
 70
     0
280
     1
281
     0
  0
BLOCK_RECORD
  5
E25
330
1
100
AcDbSymbolTableRecord
100
AcDbBlockTableRecord
  2
*D386
340
0
 70
     0
280
     1
281
     0
  0
BLOCK_RECORD
  5
E2D
330
1
100
AcDbSymbolTableRecord
100
AcDbBlockTableRecord
  2
*D387
340
0
 70
     0
280
     1
281
     0
  0
BLOCK_RECORD
  5
E35
330
1
100
AcDbSymbolTableRecord
100
AcDbBlockTableRecord
  2
*D388
340
0
 70
     0
280
     1
281
     0
  0
BLOCK_RECORD
  5
E3D
330
1
100
AcDbSymbolTableRecord
100
AcDbBlockTableRecord
  2
*D389
340
0
 70
     0
280
     1
281
     0
  0
BLOCK_RECORD
  5
E45
330
1
100
AcDbSymbolTableRecord
100
AcDbBlockTableRecord
  2
*D390
340
0
 70
     0
280
     1
281
     0
  0
BLOCK_RECORD
  5
E4D
330
1
100
AcDbSymbolTableRecord
100
AcDbBlockTableRecord
  2
*D391
340
0
 70
     0
280
     1
281
     0
  0
BLOCK_RECORD
  5
E55
330
1
100
AcDbSymbolTableRecord
100
AcDbBlockTableRecord
  2
*D392
340
0
 70
     0
280
     1
281
     0
  0
BLOCK_RECORD
  5
E5D
330
1
100
AcDbSymbolTableRecord
100
AcDbBlockTableRecord
  2
*D393
340
0
 70
     0
280
     1
281
     0
  0
BLOCK_RECORD
  5
E65
330
1
100
AcDbSymbolTableRecord
100
AcDbBlockTableRecord
  2
*D394
340
0
 70
     0
280
     1
281
     0
  0
BLOCK_RECORD
  5
E6D
330
1
100
AcDbSymbolTableRecord
100
AcDbBlockTableRecord
  2
*D395
340
0
 70
     0
280
     1
281
     0
  0
BLOCK_RECORD
  5
E75
330
1
100
AcDbSymbolTableRecord
100
AcDbBlockTableRecord
  2
*D396
340
0
 70
     0
280
     1
281
     0
  0
BLOCK_RECORD
  5
E7D
330
1
100
AcDbSymbolTableRecord
100
AcDbBlockTableRecord
  2
*D397
340
0
 70
     0
280
     1
281
     0
  0
BLOCK_RECORD
  5
E85
330
1
100
AcDbSymbolTableRecord
100
AcDbBlockTableRecord
  2
*D398
340
0
 70
     0
280
     1
281
     0
  0
BLOCK_RECORD
  5
E8D
330
1
100
AcDbSymbolTableRecord
100
AcDbBlockTableRecord
  2
*D399
340
0
 70
     0
280
     1
281
     0
  0
BLOCK_RECORD
  5
E95
330
1
100
AcDbSymbolTableRecord
100
AcDbBlockTableRecord
  2
*D400
340
0
 70
     0
280
     1
281
     0
  0
BLOCK_RECORD
  5
E9D
330
1
100
AcDbSymbolTableRecord
100
AcDbBlockTableRecord
  2
*D401
340
0
 70
     0
280
     1
281
     0
  0
BLOCK_RECORD
  5
EA5
330
1
100
AcDbSymbolTableRecord
100
AcDbBlockTableRecord
  2
*D402
340
0
 70
     0
280
     1
281
     0
  0
BLOCK_RECORD
  5
EAD
330
1
100
AcDbSymbolTableRecord
100
AcDbBlockTableRecord
  2
*D403
340
0
 70
     0
280
     1
281
     0
  0
BLOCK_RECORD
  5
EB5
330
1
100
AcDbSymbolTableRecord
100
AcDbBlockTableRecord
  2
*D404
340
0
 70
     0
280
     1
281
     0
  0
BLOCK_RECORD
  5
EBD
330
1
100
AcDbSymbolTableRecord
100
AcDbBlockTableRecord
  2
*D405
340
0
 70
     0
280
     1
281
     0
  0
BLOCK_RECORD
  5
EC5
330
1
100
AcDbSymbolTableRecord
100
AcDbBlockTableRecord
  2
*D406
340
0
 70
     0
280
     1
281
     0
  0
BLOCK_RECORD
  5
ECD
330
1
100
AcDbSymbolTableRecord
100
AcDbBlockTableRecord
  2
*D407
340
0
 70
     0
280
     1
281
     0
  0
BLOCK_RECORD
  5
ED5
330
1
100
AcDbSymbolTableRecord
100
AcDbBlockTableRecord
  2
*D408
340
0
 70
     0
280
     1
281
     0
  0
BLOCK_RECORD
  5
EDD
330
1
100
AcDbSymbolTableRecord
100
AcDbBlockTableRecord
  2
*D409
340
0
 70
     0
280
     1
281
     0
  0
BLOCK_RECORD
  5
EE5
330
1
100
AcDbSymbolTableRecord
100
AcDbBlockTableRecord
  2
*D410
340
0
 70
     0
280
     1
281
     0
  0
BLOCK_RECORD
  5
EED
330
1
100
AcDbSymbolTableRecord
100
AcDbBlockTableRecord
  2
*D411
340
0
 70
     0
280
     1
281
     0
  0
BLOCK_RECORD
  5
EF5
330
1
100
AcDbSymbolTableRecord
100
AcDbBlockTableRecord
  2
*D412
340
0
 70
     0
280
     1
281
     0
  0
BLOCK_RECORD
  5
EFD
330
1
100
AcDbSymbolTableRecord
100
AcDbBlockTableRecord
  2
*D413
340
0
 70
     0
280
     1
281
     0
  0
BLOCK_RECORD
  5
F05
330
1
100
AcDbSymbolTableRecord
100
AcDbBlockTableRecord
  2
*D414
340
0
 70
     0
280
     1
281
     0
  0
BLOCK_RECORD
  5
F0D
330
1
100
AcDbSymbolTableRecord
100
AcDbBlockTableRecord
  2
*D415
340
0
 70
     0
280
     1
281
     0
  0
BLOCK_RECORD
  5
F15
330
1
100
AcDbSymbolTableRecord
100
AcDbBlockTableRecord
  2
*D416
340
0
 70
     0
280
     1
281
     0
  0
BLOCK_RECORD
  5
F1D
330
1
100
AcDbSymbolTableRecord
100
AcDbBlockTableRecord
  2
*D417
340
0
 70
     0
280
     1
281
     0
  0
BLOCK_RECORD
  5
1B15
330
1
100
AcDbSymbolTableRecord
100
AcDbBlockTableRecord
  2
mufa
340
0
310
28000000200000002000000001002000000000000010000001000000010000000000000000000000F0D44E22FFFFFFFFFFFFFFFFFFFFFFFFFFFFFFFFFFFFFFFFFFFFFFFFFFFFFFFFFFFFFFFFFFFFFFFFFFFFFFFFFFFFFFFFFFFFFFFFFFFFFFFFFFFFFFFFFFFFFFFFFFFFFFFFFFFFFFFFFFFFFFFFFFFFFFFFFFFFFFFFFFFFFF
310
FFFFFFFFFFFFFFFFFFFFFFFFFFFFFFFFFFFFFFFFFFFFFFFFFFFFFFFFFFFFFFFFFFFFFFFFFFFFFFFFFFFFFFFFFFFFFFFFFFFFFFFFFFFFFFFFFFFFFFFFFFFFFFFFFFFFFFFFFFFFFFFFFFFFFFFFFFFFFFFFFFFFFFFFFFFFFFFFFFFFFFFFFFFFFFFFFF00FF00FF00FF00FF00FF00FFFFFFFFFFFFFFFFFFFFFFFFFFFFFFFFFFFFFF
310
FFFFFFFFFFFFFFFFFFFFFFFFFFFFFFFFFFFFFFFFFFFFFFFFFFFFFFFFFFFFFFFFFFFFFFFFFFFFFFFFFFFFFFFFFFFFFFFFFFFFFFFFFFFFFFFFFFFFFFFFFFFFFFFFFFFFFFFFFFFFFFFFFFFFFFFFFFFFFFFFFFFFFFFFFFFF00FF00FF00FF00FF00FF00FF00FF00FF00FF00FF00FF00FF00FF00FF00FF00FF00FF00FFFFFFFFFFFF
310
FFFFFFFFFFFFFFFFFFFFFFFFFFFFFFFFFFFFFFFFFFFFFFFFFFFFFFFFFFFFFFFFFFFFFFFFFFFFFFFFFFFFFFFFFFFFFFFFFFFFFFFFFFFFFFFFFFFFFFFFFFFFFFFFFFFFFFFFFFFFFFFFFFFFFFFFFFFFFFFFFFFFFF00FF00FF00FF00FF00FF00FF00FF00FF00FF00FF00FF00FF00FF00FF00FF00FF00FF00FF00FF00FF00FF00FF
310
00FF00FFFFFFFFFFFFFFFFFFFFFFFFFFFFFFFFFFFFFFFFFFFFFFFFFFFFFFFFFFFFFFFFFFFFFFFFFFFFFFFFFFFFFFFFFFFFFFFFFFFFFFFFFFFFFFFFFFFFFFFFFFFFFFFFFFFFFFFFFFFFFFFFFFFFFFFFFF00FF00FF00FF00FF00FF00FF00FF00FF00FF00FF00FF00FF00FF00FF00FF00FF00FF00FF00FF00FF00FF00FF00FF00
310
FF00FF00FF00FF00FFFFFFFFFFFFFFFFFFFFFFFFFFFFFFFFFFFFFFFFFFFFFFFFFFFFFFFFFFFFFFFFFFFFFFFFFFFFFFFFFFFFFFFFFFFFFFFFFFFFFFFFFFFFFFFFFFFFFFFFFFFFFFFFFFFFFFFFFF00FF00FF00FF00FF00FF00FF00FF00FF00FF00FF00FF00FF00FF00FF00FF00FF00FF00FF00FF00FF00FF00FF00FF00FF00FF
310
00FF00FF00FF00FF00FFFFFFFFFFFFFFFFFFFFFFFFFFFFFFFFFFFFFFFFFFFFFFFFFFFFFFFFFFFFFFFFFFFFFFFFFFFFFFFFFFFFFFFFFFFFFFFFFFFFFFFFFFFFFFFFFFFFFFFFFFFFFFFFFFFFFFFFFF00FF00FF00FF00FF00FF00FF00FF00FF00FF00FF00FF00FF00FF00FFFFFFFFFFFFFFFFFF00FF00FF00FF00FF00FF00FF00
310
FF00FF00FF00FF00FF00FF00FF00FFFFFFFFFFFFFFFFFFFFFFFFFFFFFFFFFFFFFFFFFFFFFFFFFFFFFFFFFFFFFFFFFFFFFFFFFFFFFFFFFFFFFFFFFFFFFFFFFFFFFFFFFFFFFFFFFFFFFFFFFF00FF00FF00FF00FF00FF00FF00FF00FF00FF00FF00FF00FFFFFFFFFFFFFFFFFFFFFFFFFFFFFFFFFFFFFFFFFF00FF00FF00FF00FF
310
00FF00FF00FF00FF00FF00FF00FF00FFFFFFFFFFFFFFFFFFFFFFFFFFFFFFFFFFFFFFFFFFFFFFFFFFFFFFFFFFFFFFFFFFFFFFFFFFFFFFFFFFFFFFFFFFFFFFFFFFFFFFFFFFFFFFFFFFFFFFFFFF00FF00FF00FF00FF00FF00FF00FF00FF00FF00FFFFFFFFFFFFFFFFFFFFFFFFFFFFFFFFFFFFFFFFFFFFFFFFFFFFFFFFFF00FF00
310
FF00FF00FF00FF00FF00FF00FF00FF00FFFFFFFFFFFFFFFFFFFFFFFFFFFFFFFFFFFFFFFFFFFFFFFFFFFFFFFFFFFFFFFFFFFFFFFFFFFFFFFFFFFFFFFFFFFFFFFFFFFFFFFFFFFFFFFFFFFFFFFFFF00FF00FF00FF00FF00FF00FF00FF00FF00FF00FFFFFFFFFFFFFFFFFFFFFFFFFFFFFFFFFFFFFFFFFFFFFFFFFFFFFFFFFFFFFF
310
FFFF00FF00FF00FF00FF00FF00FF00FF00FF00FF00FFFFFFFFFFFFFFFFFFFFFFFFFFFFFFFFFFFFFFFFFFFFFFFFFFFFFFFFFFFFFFFFFFFFFFFFFFFFFFFFFFFFFFFFFFFFFFFFFFFFFFFFFFFFFFFFFF00FF00FF00FF00FF00FF00FF00FF00FF00FF00FFFFFFFFFFFFFFFFFFFFFFFFFFFFFFFFFFFFFFFFFFFFFFFFFFFFFFFFFFFF
310
FFFFFF00FF00FF00FF00FF00FF00FF00FF00FF00FF00FFFFFFFFFFFFFFFFFFFFFFFFFFFFFFFFFFFFFFFFFFFFFFFFFFFFFFFFFFFFFFFFFFFFFFFFFFFFFFFFFFFFFFFFFFFFFFFFFFFFFFFFFFFFFFFFFF00FF00FF00FF00FF00FF00FF00FF00FF00FF00FFFFFFFFFFFFFFFFFFFFFFFFFFFFFFFFFFFFFFFFFFFFFFFFFFFFFFFFFF
310
00FF00FF00FF00FF00FF00FF00FF00FF00FF00FF00FF00FFFFFFFFFFFFFFFFFFFFFFFFFFFFFFFFFFFFFFFFFFFFFFFFFFFFFFFFFFFFFFFFFFFFFFFFFFFFFFFFFFFFFFFFFFFFFFFFFFFFFFFFFFFFFFFFFF00FF00FF00FF00FF00FF00FF00FF00FF00FF00FF00FF00FFFFFFFFFFFFFFFFFFFFFFFFFFFFFFFFFFFFFFFFFFFFFFFF
310
FF00FF00FF00FF00FF00FF00FF00FF00FF00FF00FFFFFFFFFFFFFFFFFFFFFFFFFFFFFFFFFFFFFFFFFFFFFFFFFFFFFFFFFFFFFFFFFFFFFFFFFFFFFFFFFFFFFFFFFFFFFFFFFFFFFFFFFFFFFFFFFFFFFFFFFF00FF00FF00FF00FF00FF00FF00FF00FF00FF00FF00FF00FF00FF00FFFFFFFFFFFFFFFFFFFFFFFFFFFFFFFFFF00FF
310
00FF00FF00FF00FF00FF00FF00FF00FF00FF00FF00FFFFFFFFFFFFFFFFFFFFFFFFFFFFFFFFFFFFFFFFFFFFFFFFFFFFFFFFFFFFFFFFFFFFFFFFFFFFFFFFFFFFFFFFFFFFFFFFFFFFFFFFFFFFFFFFFFFFFFFFFFFFFFFFFF00FF00FF00FF00FF00FF00FF00FF00FF00FF00FF00FF00FF00FF00FF00FF00FF00FF00FF00FF00FF00
310
FF00FF00FF00FF00FF00FF00FF00FF00FF00FF00FF00FFFFFFFFFFFFFFFFFFFFFFFFFFFFFFFFFFFFFFFFFFFFFFFFFFFFFFFFFFFFFFFFFFFFFFFFFFFFFFFFFFFFFFFFFFFFFFFFFFFFFFFFFFFFFFFFFFFFFFFFFFFFFFFFFF00FF00FF00FF00FF00FF00FF00FF00FF00FF00FF00FF00FF00FF00FF00FF00FF00FF00FF00FF00FF
310
00FF00FF00FF00FF00FF00FF00FF00FF00FF00FFFFFFFFFFFFFFFFFFFFFFFFFFFFFFFFFFFFFFFFFF00FF00FF00FF00FFFFFFFFFFFFFFFFFFFFFFFFFFFFFFFFFFFFFFFFFFFFFFFFFFFFFFFFFFFFFFFFFFFFFFFFFFFFFFFFFFFFFFFFFF00FF00FF00FF00FF00FF00FF00FF00FF00FF00FF00FF00FF00FF00FF00FF00FF00FF00
310
FF00FF00FF00FF00FF00FF00FF00FF00FFFFFFFFFFFFFFFFFFFFFFFFFFFFFFFFFFFFFFFFFFFFFFFFFF00FF00FF00FF00FFFFFFFFFFFFFFFFFFFFFFFFFFFFFFFFFFFFFFFFFFFFFFFFFFFFFFFFFFFFFFFFFFFFFFFFFFFFFFFFFFFFFFFFFFFFFFFFFF00FF00FF00FF00FF00FF00FF00FF00FF00FF00FF00FF00FF00FF00FF00FF
310
00FF00FF00FF00FF00FF00FF00FFFFFFFFFFFFFFFFFFFFFFFFFFFFFFFFFFFFFFFFFFFFFFFFFFFFFFFFFF00FF00FF00FF00FF00FF00FFFFFFFFFFFFFFFFFFFFFFFFFFFFFFFFFFFFFFFFFFFFFFFFFFFFFFFFFFFFFFFFFFFFFFFFFFFFFFFFFFFFFFFFFFFFFFFFFFFFFFFFFF00FF00FF00FF00FF00FF00FF00FF00FF00FF00FF00
310
FF00FF00FF00FFFFFFFFFF00FF00FFFFFFFFFF00FF00FFFFFFFFFFFFFFFFFFFFFFFFFFFFFFFFFF00FF00FF00FF00FF00FF00FF00FF00FFFFFFFFFFFFFFFFFFFFFFFFFFFFFFFFFFFFFFFFFFFFFFFFFFFFFFFFFFFFFFFFFFFFFFFFFFFFFFFFFFFFFFFFFFFFFFFFFFFFFFFFFFFFFFFFFFFFFFFFFFFFFFFFFF00FF00FFFFFFFFFF
310
FFFFFFFFFFFFFFFFFFFFFFFF00FF00FFFFFFFFFFFFFFFFFF00FF00FFFFFFFFFFFFFFFFFFFFFFFFFF00FF00FFFFFFFFFF00FF00FF00FF00FFFFFFFFFFFFFFFFFFFFFFFFFFFFFFFFFFFFFFFFFFFFFFFFFFFFFFFFFFFFFFFFFFFFFFFFFFFFFFFFFFFFFFFFFFFFFFFFFF00FF00FF00FF00FF00FF00FFFFFFFFFF00FF00FF00FF00
310
FFFFFFFFFFFFFFFFFFFFFFFFFFFFFFFFFF00FF00FFFFFFFFFF00FF00FFFFFFFFFFFFFFFFFF00FF00FF00FF00FFFFFFFFFF00FF00FF00FF00FFFFFFFFFFFFFFFFFFFFFFFFFFFFFFFFFFFFFFFFFFFFFFFFFFFFFFFFFFFFFFFFFFFFFFFFFFFFFFFFFFFFFFFFFF00FF00FFFFFFFFFFFFFFFFFF00FF00FFFFFFFFFFFFFFFFFF00FF
310
00FF00FF00FFFFFFFFFFFFFFFFFFFFFFFFFF00FF00FFFFFFFFFFFFFFFFFF00FF00FFFFFFFFFFFFFFFFFF00FF00FFFFFFFFFFFFFFFFFF00FF00FF00FF00FFFFFFFFFFFFFFFFFFFFFFFFFFFFFFFFFFFFFFFFFFFFFFFFFF00FF00FFFFFFFFFFFFFFFFFFFFFFFFFFFFFFFFFFFFFFFFFFFFFFFFFFFFFFFFFF00FF00FFFFFFFFFF00
310
FF00FF00FF00FFFFFFFFFFFFFFFFFFFFFFFFFFFFFFFFFFFFFFFFFFFFFFFFFF00FF00FFFFFFFFFFFFFFFFFFFFFFFFFFFFFFFFFFFFFFFFFF00FF00FF00FF00FFFFFFFFFFFFFFFFFFFFFFFFFFFFFFFFFFFFFFFFFFFFFFFFFF00FF00FFFFFFFFFFFFFFFFFFFFFFFFFFFFFFFFFFFFFFFFFFFFFFFFFF00FF00FF00FF00FFFFFFFFFF
310
00FF00FF00FF00FFFFFFFFFFFFFFFFFFFFFFFFFF00FF00FFFFFFFFFFFFFFFFFF00FF00FFFFFFFFFFFFFFFFFFFFFFFFFFFFFFFFFFFFFFFFFFFFFFFFFFFFFFFFFFFFFFFFFFFFFFFFFFFFFFFFFFFFFFFFFFFFFFFFFFFFFFFFFF00FF00FFFFFFFFFFFFFFFFFFFFFFFFFFFFFFFFFF00FF00FF00FF00FFFFFFFFFF00FF00FFFFFFFF
310
FFFFFFFFFF00FF00FF00FF00FFFFFFFFFF00FF00FFFFFFFFFFFFFFFFFFFFFFFFFF00FF00FFFFFFFFFFFFFFFFFFFFFFFFFFFFFFFFFFFFFFFFFFFFFFFFFFFFFFFFFFFFFFFFFFFFFFFFFFFFFFFFFFFFFFFFFFFFFFFFFFFFFFFFFF00FF00FFFFFFFFFFFFFFFFFFFFFFFFFFFFFFFFFFFFFFFFFFFFFFFFFFFFFFFFFFFFFFFFFF00FF
310
00FFFFFFFFFFFFFFFFFF00FF00FF00FF00FF00FF00FFFFFFFFFFFFFFFFFFFFFFFFFFFFFFFFFFFFFFFFFFFFFFFFFFFFFFFFFFFFFFFFFFFFFFFFFFFFFFFFFFFFFFFFFFFFFFFFFFFFFFFFFFFFFFFFFFFFFFFFFFFFFFFFFF00FF00FF00FF00FF00FF00FF00FF00FF00FF00FFFFFFFFFFFFFFFFFFFFFFFFFFFFFFFFFFFFFFFFFF00
310
FF00FFFFFFFFFFFFFFFFFFFFFFFFFFFFFFFFFFFFFFFFFFFFFFFFFFFFFFFFFFFFFFFFFFFFFFFFFFFFFFFFFFFFFFFFFFFFFFFFFFFFFFFFFFFFFFFFFFFFFFFFFFFFFFFFFFFFFFFFFFFFFFFFFFFFFFFFFFFFFFFFFFFFFFFFFF00FF00FF00FF00FFFFFFFFFFFFFFFFFFFFFFFFFF00FF00FFFFFFFFFFFFFFFFFFFFFFFFFFFFFFFFFF
310
FFFFFFFFFFFFFFFFFFFFFFFFFFFFFFFFFFFFFFFFFFFFFFFFFFFFFFFFFFFFFFFFFFFFFFFFFFFFFFFFFFFFFFFFFFFFFFFFFFFFFFFFFFFFFFFFFFFFFFFFFFFFFFFFFFFFFFFFFFFFFFFFFFFFFFFFFFFFFFFFFFFFFFFFFFFFFFFF00FF00FF00FF00FFFFFFFFFFFFFFFFFFFFFFFFFF00FF00FF00FF00FFFFFFFFFFFFFFFFFFFFFFFF
310
FFFFFFFFFFFFFFFFFFFFFFFFFFFFFFFFFFFFFFFFFFFFFFFFFFFFFFFFFFFFFFFFFFFFFFFFFFFFFFFFFFFFFFFFFFFFFFFFFFFFFFFFFFFFFFFFFFFFFFFFFFFFFFFFFFFFFFFFFFFFFFFFFFFFFFFFFFFFFFFFFFFFFFFFFFFFFFFFFF00FF00FF00FF00FFFFFFFFFFFFFFFFFFFFFFFFFFFFFFFFFFFFFFFFFFFFFFFFFFFFFFFFFFFFFF
310
FFFFFFFFFFFFFFFFFFFFFFFFFFFFFFFFFFFFFFFFFFFFFFFFFFFFFFFFFFFFFFFFFFFFFFFFFFFFFFFFFFFFFFFFFFFFFFFFFFFFFFFFFFFFFFFFFFFFFFFFFFFFFFFFFFFFFFFFFFFFFFFFFFFFFFFFFFFFFFFFFFFFFFFFFFFFFFFFFFFFFFFFFFFFFFFFFFFFFFFFFFFFFFFFFFFFFFFFFFFFFFFFFFFFFFFFFFFFFFFFFFFFFFFFFFFFFF
310
FFFFFFFFFFFFFFFFFFFFFFFFFFFFFFFFFFFFFFFFFFFFFFFFFFFFFFFFFFFFFFFFFFFFFFFFFFFFFFFFFFFFFFFFFFFFFFFFFFFFFFFFFFFFFFFFFFFFFFFFFFFFFFFFFFFFFFFFFFFFFFFFFFFFFFFFFFFFFFFFFFFFFFFFFFFFFFFFFFFFFFFFFFFFFFFFFFFFFFFFFFFFFFFFFFFFFFFFFFFFFFFFFFFFFFFFFFFFFFFFFFFFFFFFFFFFFF
310
FFFFFFFFFFFFFFFFFFFFFFFFFFFFFFFFFFFFFFFFFFFFFFFFFFFFFFFFFFFFFFFFFFFFFFFFFFFFFFFFFFFFFFFFFFFFFFFFFFFFFFFFFFFFFFFFFFFFFFFFFFFFFFFFFFFFFFFFFFFFFFFF
102
{BLKREFS
331
0
331
0
331
0
331
0
331
0
331
0
331
0
331
0
331
0
331
0
331
0
331
0
331
0
331
0
331
0
331
0
331
0
331
0
331
0
331
0
331
0
331
0
331
0
331
0
331
0
331
0
331
0
331
0
331
0
331
0
331
0
331
0
331
0
331
0
331
0
331
0
331
0
331
0
331
0
331
0
331
0
331
0
331
0
331
0
331
0
331
0
331
0
331
0
331
0
331
0
331
0
331
0
331
0
331
0
331
0
331
0
331
0
331
0
331
0
331
0
331
0
331
0
331
0
331
0
331
0
331
0
331
0
331
0
331
0
331
0
331
0
331
0
331
0
331
0
331
0
331
0
331
0
331
0
331
0
331
0
331
0
331
0
331
0
331
0
331
0
331
0
331
0
331
0
331
0
331
0
331
0
331
0
331
0
331
0
331
0
331
0
331
0
331
0
331
0
331
0
331
0
331
0
331
0
331
0
331
0
331
0
331
0
331
0
331
0
102
}
 70
     6
280
     1
281
     0
  0
BLOCK_RECORD
  5
1BF5
330
1
100
AcDbSymbolTableRecord
100
AcDbBlockTableRecord
  2
tabelka
340
0
310
280000002000000020000000010008000000000000040000000000003B157540000000000000000000000000000080000080000000808000800000008000800080800000C0C0C000C0DCC000F0CAA6000020400000206000002080000020A0000020C0000020E00000400000004020000040400000406000004080000040A0
310
000040C0000040E00000600000006020000060400000606000006080000060A0000060C0000060E00000800000008020000080400000806000008080000080A0000080C0000080E00000A0000000A0200000A0400000A0600000A0800000A0A00000A0C00000A0E00000C0000000C0200000C0400000C0600000C0800000C0
310
A00000C0C00000C0E00000E0000000E0200000E0400000E0600000E0800000E0A00000E0C00000E0E00040000000400020004000400040006000400080004000A0004000C0004000E00040200000402020004020400040206000402080004020A0004020C0004020E000404000004040200040404000404060004040800040
310
40A0004040C0004040E00040600000406020004060400040606000406080004060A0004060C0004060E00040800000408020004080400040806000408080004080A0004080C0004080E00040A0000040A0200040A0400040A0600040A0800040A0A00040A0C00040A0E00040C0000040C0200040C0400040C0600040C08000
310
40C0A00040C0C00040C0E00040E0000040E0200040E0400040E0600040E0800040E0A00040E0C00040E0E00080000000800020008000400080006000800080008000A0008000C0008000E00080200000802020008020400080206000802080008020A0008020C0008020E00080400000804020008040400080406000804080
310
008040A0008040C0008040E00080600000806020008060400080606000806080008060A0008060C0008060E00080800000808020008080400080806000808080008080A0008080C0008080E00080A0000080A0200080A0400080A0600080A0800080A0A00080A0C00080A0E00080C0000080C0200080C0400080C0600080C0
310
800080C0A00080C0C00080C0E00080E0000080E0200080E0400080E0600080E0800080E0A00080E0C00080E0E000C0000000C0002000C0004000C0006000C0008000C000A000C000C000C000E000C0200000C0202000C0204000C0206000C0208000C020A000C020C000C020E000C0400000C0402000C0404000C0406000C0
310
408000C040A000C040C000C040E000C0600000C0602000C0604000C0606000C0608000C060A000C060C000C060E000C0800000C0802000C0804000C0806000C0808000C080A000C080C000C080E000C0A00000C0A02000C0A04000C0A06000C0A08000C0A0A000C0A0C000C0A0E000C0C00000C0C02000C0C04000C0C06000
310
C0C08000C0C0A000F0FBFF00A4A0A000808080000000FF0000FF000000FFFF00FF000000FF00FF00FFFF0000FFFFFF0000000000000000000000000000000000000000000000000000000000000000000000000000000000000000000000000000000000000000000000000000000000000000000000000000000000000000
310
0000000000000000000000000000000000000000D8FFFFFFFFBF0A0000000000EAFFFFFFFF1E000000000000000000000000FFFFFFFFFFFFFFFFFFFFFFFFFFFFFFFFFFFFFFFF08FFFFFFFFFFFFFFFFFFFF00FFFFF7F7F7F7F7F7F7F7F7F7F7F7F7F7F5F6EE09F6EEF7F7FFFFFFFFFFFFFF00FFFFF7F7F7F7F7F7F7F7F7F7ED
310
FFFFFFFFFFFFFFFFFFFFFFFFFFFFFFFFFFFF00FFFFFFFFFFFFFFFFFFFFFFFFFFFFFFFFFFFFFFFFFFFFFFFFFFFFFFFFFFFFFF00FFFFFFFFFFFFFFFFFFFFFFFFFFFFFFFFFFFFFFFFFFFFFFFFFFFFFFFFFFFFFF00FF09FFFFFFFFFFFFFFFFFFFFFFFFFFFFFFF6FFFFFFFFFFFFFFFFFFF609FFFF00FFFFFFFFFFFFFFFFFFFFFFFF
310
FFFFFFFFFFFFFFFFFFFFFFFFFFFFFFFFFFFFFF00FFFFFFFFFFFFFFFFFFFFFFFFFFFFFFFFFFFFFFFFFFFFFFFFFFFFFFFFFFFFFF00FFFFFFFFFFFFFFFFFFFFFFFFFFFFFFFFFFFFFFFFFFFFFFFFFFFFFFFFFFFFFF00FF09FFFFFFFFFFFFFFFFFFFFFFFFFFFFFFFFFFFFFFFFFFFFFFFFFFFFFFF6FF00FFFFFFFFFFFFFFFFFFFFFF
310
FFFFFFFFFFFFFFFFFFFFFFFFFFFFFFFFFFFFFFFF00FFEDFFFFFFFFFFFFFFFFFFF6F707F6FFF6F7FFFFFFFFFFFFFFFFFFFFFFFFFF00FFEDFFFFFFFFFFFFFFFFFFFF07F609FFF607FFFFFFFFFFFFFFFFFFFFFFFFFF00FFFFFFFFFFFFFFFFFFFFFFFFFFFFF6FFFF07FFFFFFFFFFFFFFFFFFFFFFFFFF00FFFFFFFFFFFFFFFFFFFF
310
FFFFFFFFFFFFFFFFFFFFFFFFFFFFFFFFFFFFFFFFFF00FFFFFFFFFFFFFFFFFFFFFFFFFFFFFFFFFFFFFFFFFFFFFFFFFFFFFFFFFFFFFF00FFFFFFFFFFFFFFFFFFFFFFFFFFFFFFFFFFFFFFFFFFFFFFFFFFFFFFFFFFFFFF00FF09FFFFFFFFFFFFFFFFFFFFFFFFFFFFFFFFFFFFFFFFFFFFEEF7F7F7F7F7FF00FFFFFFFFFFFFFFFFFF
310
FFFFFFFFFFFFFFFFFFFFFFFFFFFFFFFFFFFFFFFFFFFF00FFFFFFFFFFFFFFFFFFFFFFFFFFFFFFFFFFFFFFFFFFFFFFFFFFFFFFFFFFFFFF00FFFFFFFFFFFFFFFFFFFFFFFFFFFFFFFFFFFFFFFFFFFFFFF608F7F7F7F7F7FF00FFFF09FFFFFF08EEF6F6FFF6FFFFFFFFFFFFFFFFFFFFF60707F7F7F7F7F7FF00FFFFFFFFFFFFFFFF
310
FFFFFFFFFFFFFFFFFFFFFFFFFFFFFFFFFFFFFFFFFFFFFF00000009FFFFFFFFFFFFBF0000D8FFFFFFFFFFB700D8FF1E000000000000000000000090FFFFBF9B09FFB70000D8FFF6FFFFFFF65DEAFF1E0000000000000000000000009AF59D9BEB075D0000509B12F307439A9BAB9D1200000000000000000000000000000000
310
0000000000000000000000000000000000000000000000000000000000000000000000000000000000000000000000000000000000000000
102
{BLKREFS
331
20E1
331
1C68
331
1F1F
331
1F31
331
1F43
331
1F55
331
1F67
331
1F79
331
1F8B
331
1F9D
331
1FAF
331
1FC1
331
1FD3
331
1FE5
331
1FF7
331
2009
331
201B
331
202D
331
203F
331
2051
331
2063
331
2075
331
2087
331
2099
331
20AB
331
20BD
331
20CF
331
21DD
331
20F3
331
2105
331
2117
331
2129
331
213B
331
214D
331
215F
331
2171
331
2183
331
2195
331
21A7
331
21B9
331
21CB
331
25D5
102
}
 70
     6
280
     1
281
     0
1001
AcDbDynamicBlockGUID
1000
{935d7591-dc4e-434f-8050-e622e3a57e8e}
  0
BLOCK_RECORD
  5
1C51
330
1
100
AcDbSymbolTableRecord
100
AcDbBlockTableRecord
  2
legenda
340
0
102
{BLKREFS
331
20E2
331
0
331
1F20
331
1F32
331
1F44
331
1F56
331
1F68
331
1F7A
331
1F8C
331
1F9E
331
1FB0
331
1FC2
331
1FD4
331
1FE6
331
1FF8
331
200A
331
201C
331
202E
331
2040
331
2052
331
2064
331
2076
331
2088
331
209A
331
20AC
331
20BE
331
20D0
331
21DE
331
20F4
331
2106
331
2118
331
212A
331
213C
331
214E
331
2160
331
2172
331
2184
331
2196
331
21A8
331
21BA
331
21CC
331
25D6
102
}
 70
     6
280
     1
281
     0
1001
AcadAnnotative
1000
AnnotativeData
1002
{
1070
     1
1070
     0
1002
}
1001
AcDbDynamicBlockGUID
1000
{958656df-02a9-4265-8503-9d25c5234b5d}
  0
BLOCK_RECORD
  5
1DD1
330
1
100
AcDbSymbolTableRecord
100
AcDbBlockTableRecord
  2
gaStandard
340
0
 70
     4
280
     1
281
     0
  0
BLOCK_RECORD
  5
25CF
330
1
100
AcDbSymbolTableRecord
100
AcDbBlockTableRecord
  2
*Paper_Space639
340
25E2
 70
     0
280
     1
281
     0
  0
ENDTAB
  0
ENDSEC
  0
SECTION
  2
BLOCKS
  0
BLOCK
  5
20
330
1F
100
AcDbEntity
  8
0
100
AcDbBlockBegin
  2
*Model_Space
 70
     0
 10
0.0
 20
0.0
 30
0.0
  3
*Model_Space
  1

  0
ENDBLK
  5
21
330
1F
100
AcDbEntity
  8
0
100
AcDbBlockEnd
  0
BLOCK
  5
D4
330
D2
100
AcDbEntity
 67
     1
  8
0
100
AcDbBlockBegin
  2
*Paper_Space
 70
     0
 10
0.0
 20
0.0
 30
0.0
  3
*Paper_Space
  1

  0
ENDBLK
  5
D5
330
D2
100
AcDbEntity
 67
     1
  8
0
100
AcDbBlockEnd
  0
BLOCK
  5
38C
330
38B
100
AcDbEntity
  8
0
100
AcDbBlockBegin
  2
TerminatorOpen_0.5
 70
     0
 10
0.0
 20
0.0
 30
0.0
  3
TerminatorOpen_0.5
  1

  0
LINE
  5
38D
330
38B
100
AcDbEntity
  8
0
  6
ByBlock
 62
     0
370
    -2
100
AcDbLine
 10
0.0
 20
0.0
 30
0.0
 11
-1.0
 21
0.0
 31
0.0
  0
LINE
  5
38E
330
38B
100
AcDbEntity
  8
0
  6
ByBlock
 62
     0
370
    -2
100
AcDbLine
 10
0.0
 20
0.0
 30
0.0
 11
-1.0
 21
0.25
 31
0.0
  0
LINE
  5
38F
330
38B
100
AcDbEntity
  8
0
  6
ByBlock
 62
     0
370
    -2
100
AcDbLine
 10
0.0
 20
0.0
 30
0.0
 11
-1.0
 21
-0.25
 31
0.0
  0
ENDBLK
  5
390
330
38B
100
AcDbEntity
  8
0
100
AcDbBlockEnd
  0
BLOCK
  5
392
330
391
100
AcDbEntity
  8
!TELE
100
AcDbBlockBegin
  2
_NONE
 70
     0
 10
0.0
 20
0.0
 30
0.0
  3
_NONE
  1
Acad:XRef
  0
ENDBLK
  5
393
330
391
100
AcDbEntity
  8
!TELE
100
AcDbBlockEnd
  0
BLOCK
  5
415
330
414
100
AcDbEntity
  8
_MM slupy
100
AcDbBlockBegin
  2
q
 70
     0
 10
0.0
 20
0.0
 30
0.0
  3
q
  1
Acad:XRef
  0
INSERT
  5
416
330
414
100
AcDbEntity
  8
_MM slupy
100
AcDbBlockReference
  2
ZN
 10
0.0
 20
0.0
 30
0.0
  0
MULTILEADER
  5
41C
330
414
100
AcDbEntity
  8
_MM opisy
160
              1084
310
3C040000110000000C00000013000000993A00000C0000000E000000120000000C00000016000000000000C20C00000014000000010000006C000000070000000400000090B1177143041340E28A7679EC67274000000000000000001FF6276E7A6C2D40E28A7679EC67274000000000000000001FF6276E7A6C2D40AF9276
310
08AA341940000000000000000090B1177143041340AF927608AA34194000000000000000000C0000000E00000007000000D000000026000000D649D4A540AC1240E28A7679EC672340000000000000000000000000000000000000000000000000000000000000F03F000000000000F03F0000000000000000000000000000
310
0000730042017500700020006E004E00000007000000010000000000000000000040000000000000F03F0000000000000000000000000000F03F00000000000000000000000000000000000000000000000000000000EE0000002200000041007200690061006C00000041005200490041004C002E00540054004600000000
310
000000D000000026000000B53F15A4892712408F2907D396571940000000000000000000000000000000000000000000000000000000000000F03F000000000000F03F0000000000000000000000000000000050002D00310030002F005A004E00000007000000010000000000000000000040000000000000F03F00000000
310
00000000000000000000F03F00000000000000000000000000000000000000000000000000000000EE0000002200000041007200690061006C00000041005200490041004C002E005400540046000000000000000C000000130000009A3A00009C000000200000000500000020632FE286080E40E28A7679EC672940000000
310
00000000001FF6276E7A6C2F40E28A7679EC67294000000000000000001FF6276E7A6C2F40AF927608AA341540000000000000000020632FE286080E40AF927608AA341540000000000000000020632FE286080E40E28A7679EC672940000000000000000000000000000000000000000000000000000000000000F03F0C00
310
000013000000112700000C0000001300000001000000540000000700000003000000638CB4CAAC5DE23FBAD33251F7BDEA3F0000000000000000000000000000000000000000000000000000000000000000EA4850216F66D13FDE9B170BC840EF3F00000000000000000C00000013000000891300006C0000002000000003
310
000000D8B05C5BE410DB3FCC3725AE5FFFEC3F000000000000000020632FE28608064015F9DC6E109B1740000000000000000020632FE28608064015F9DC6E109B1740000000000000000000000000000000000000000000000000000000000000F03F0C000000130000001127000054000000200000000200000020632FE2
310
8608064015F9DC6E109B1740000000000000000020632FE286080E4015F9DC6E109B1740000000000000000000000000000000000000000000000000000000000000F03F
100
AcDbMLeader
270
     2
300
CONTEXT_DATA{
 40
1.0
 10
3.754163519927161
 20
5.901429874646301
 30
0.0
 41
2.0
140
1.0
145
1.0
174
     5
175
     5
176
     0
177
     0
290
     1
304
\pxql;słup nN\PP-10/ZN
 11
0.0
 21
0.0
 31
1.0
340
11
 12
4.754163519927161
 22
11.70297603199055
 32
0.0
 13
1.0
 23
0.0
 33
0.0
 42
0.0
 43
0.0
 44
0.0
 45
1.0
170
     1
 90
-1073741824
171
     1
172
     5
 91
-1023410175
141
1.0
 92
        0
291
     1
292
     1
173
     0
293
     0
142
0.0
143
0.0
294
     0
295
     0
296
     0
110
1.71737227216363
120
-1.420251553878188
130
0.0
111
1.0
121
0.0
131
0.0
112
0.0
122
1.0
132
0.0
297
     0
302
LEADER{
290
     1
291
     1
 10
2.754163519927161
 20
5.901429874646301
 30
0.0
 11
1.0
 21
0.0
 31
0.0
 90
        0
 40
1.0
304
LEADER_LINE{
 10
0.0
 20
0.0
 30
0.0
 10
2.754163519927161
 20
5.901429874646301
 30
0.0
 91
        0
 92
-1056964608
305
}
271
     0
303
}
272
     9
273
     9
301
}
340
12E
 90
   279552
170
     1
 91
-1056964608
341
14
171
    -2
290
     1
291
     1
 41
1.0
 42
1.0
172
     2
343
11
173
     5
 95
        5
174
     1
175
     2
 92
-1056964608
292
     1
 93
-1056964608
 10
1.0
 20
1.0
 30
1.0
 43
0.0
176
     0
293
     0
294
     0
178
     0
179
     1
 45
1.0
271
     0
272
     9
273
     9
1001
ACAD_MLEADERVER
1070
     2
  0
ENDBLK
  5
41D
330
414
100
AcDbEntity
  8
_MM slupy
100
AcDbBlockEnd
  0
BLOCK
  5
418
330
417
100
AcDbEntity
  8
_MM ŚWIATŁOWÓD
100
AcDbBlockBegin
  2
ZN
 70
     0
 10
0.0
 20
0.0
 30
0.0
  3
ZN
  1
Acad:XRef
  0
HATCH
  5
419
330
417
100
AcDbEntity
  8
_MM slupy
440
 33554687
100
AcDbHatch
 10
0.0
 20
0.0
 30
0.0
210
0.0
220
0.0
230
1.0
  2
SOLID
 70
     1
 71
     0
 91
        1
 92
        7
 72
     1
 73
     1
 93
        2
 10
0.0
 20
-0.8571021789684892
 42
0.0
 10
0.0
 20
0.8571021789684892
 42
0.9999999999999999
 97
        0
 75
     1
 76
     1
 47
0.0
 98
        1
 10
-0.2585831470787525
 20
0.461884805932641
450
        0
451
        0
460
0.0
461
1.0
452
        0
462
0.0
453
        2
463
0.0
 63
     5
421
      255
463
1.0
 63
     2
421
 16776960
470
LINEAR
1001
ACAD
1010
0.0
1020
0.0
1030
0.0
1001
AcadAnnotative
1000
AnnotativeData
1002
{
1070
     1
1070
     0
1002
}
1001
HATCHBACKGROUNDCOLOR
1071
-939524096
1000

1000

  0
CIRCLE
  5
41A
330
417
100
AcDbEntity
  8
_MM slupy
100
AcDbCircle
 10
0.0
 20
0.0
 30
0.0
 40
0.8571021786401598
  0
ENDBLK
  5
41B
330
417
100
AcDbEntity
  8
_MM ŚWIATŁOWÓD
100
AcDbBlockEnd
  0
BLOCK
  5
420
330
41F
100
AcDbEntity
  8
_MM ŚWIATŁOWÓD
100
AcDbBlockBegin
  2
R
 70
     0
 10
0.0
 20
0.0
 30
0.0
  3
R
  1
Acad:XRef
  0
HATCH
  5
421
330
41F
100
AcDbEntity
  8
_MM slupy
440
 33554687
100
AcDbHatch
 10
0.0
 20
0.0
 30
0.0
210
0.0
220
0.0
230
1.0
  2
SOLID
 70
     1
 71
     0
 91
        1
 92
        7
 72
     1
 73
     1
 93
        2
 10
0.9308777833357453
 20
0.8571021808311343
 42
0.0
 10
0.9308777833357453
 20
-0.857102177105844
 42
0.9999999999999999
 97
        0
 75
     1
 76
     1
 47
0.0
 98
        1
 10
1.189460930414498
 20
-0.4618848040699959
450
        0
451
        0
460
0.0
461
1.0
452
        0
462
0.0
453
        2
463
0.0
 63
     5
421
      255
463
1.0
 63
     2
421
 16776960
470
LINEAR
1001
ACAD
1010
0.0
1020
0.0
1030
0.0
1001
AcadAnnotative
1000
AnnotativeData
1002
{
1070
     1
1070
     0
1002
}
1001
HATCHBACKGROUNDCOLOR
1071
-939524096
1000

1000

  0
CIRCLE
  5
422
330
41F
100
AcDbEntity
  8
_MM slupy
100
AcDbCircle
 10
0.9308777833357453
 20
0.0000000018626451
 30
0.0
 40
0.8571021786401598
  0
HATCH
  5
423
330
41F
100
AcDbEntity
  8
_MM slupy
440
 33554687
100
AcDbHatch
 10
0.0
 20
0.0
 30
0.0
210
0.0
220
0.0
230
1.0
  2
SOLID
 70
     1
 71
     0
 91
        1
 92
        7
 72
     1
 73
     1
 93
        2
 10
-0.9308777833357453
 20
-0.8571021798998117
 42
0.0
 10
-0.9308777833357453
 20
0.8571021780371666
 42
0.9999999999999999
 97
        0
 75
     1
 76
     1
 47
0.0
 98
        1
 10
-1.189460930414498
 20
0.4618848050013185
450
        0
451
        0
460
0.0
461
1.0
452
        0
462
0.0
453
        2
463
0.0
 63
     5
421
      255
463
1.0
 63
     2
421
 16776960
470
LINEAR
1001
ACAD
1010
0.0
1020
0.0
1030
0.0
1001
AcadAnnotative
1000
AnnotativeData
1002
{
1070
     1
1070
     0
1002
}
1001
HATCHBACKGROUNDCOLOR
1071
-939524096
1000

1000

  0
CIRCLE
  5
424
330
41F
100
AcDbEntity
  8
_MM slupy
100
AcDbCircle
 10
-0.9308777833357453
 20
-0.0000000009313226
 30
0.0
 40
0.8571021786401598
  0
LWPOLYLINE
  5
425
330
41F
100
AcDbEntity
  8
_MM slupy
100
AcDbPolyline
 90
        2
 70
     0
 43
0.0
 10
-0.9308777833357453
 20
0.8571021780371666
 10
0.9308777833357453
 20
0.8571021808311343
  0
LWPOLYLINE
  5
426
330
41F
100
AcDbEntity
  8
_MM slupy
100
AcDbPolyline
 90
        2
 70
     0
 43
0.0
 10
-0.9308777833357453
 20
-0.8571021798998117
 10
0.9308777833357453
 20
-0.857102177105844
  0
ENDBLK
  5
427
330
41F
100
AcDbEntity
  8
_MM ŚWIATŁOWÓD
100
AcDbBlockEnd
  0
BLOCK
  5
42A
330
429
100
AcDbEntity
  8
!sn
100
AcDbBlockBegin
  2
e2
 70
     0
 10
0.0
 20
0.0
 30
0.0
  3
e2
  1

  0
MULTILEADER
  5
42B
330
429
100
AcDbEntity
  8
_MM opisy
160
              1068
310
2C040000110000000C00000013000000993A00000C0000000E000000120000000C00000016000000000000C20C00000014000000010000006C000000070000000400000000003032E1D612400000C887732329400000000000000000BCA96EB0025D31400000C887732329400000000000000000BCA96EB0025D314008A4E9
310
C183391B40000000000000000000003032E1D6124008A4E9C183391B4000000000000000000C0000000E00000007000000D0000000260000004698EC66DE7E12400000C88773232540000000000000000000000000000000000000000000000000000000000000F03F000000000000F03F0000000000000000000000000000
310
0000730042017500700020006E004E00000007000000010000000000000000000040000000000000F03F0000000000000000000000000000F03F00000000000000000000000000000000000000000000000000000000EE0000002200000041007200690061006C00000041005200490041004C002E00540054004600000000
310
000000D8000000260000001FDE8423137C1240CB13AAEFA4CE1C40000000000000000000000000000000000000000000000000000000000000F03F000000000000F03F000000000000000000000000000000002D00310030002C0035002F00310030002F004500000000000A00000001000000000000000000004000000000
310
0000F03F0000000000000000000000000000F03F00000000000000000000000000000000000000000000000000000000EE0000002200000041007200690061006C00000041005200490041004C002E005400540046000000000000000C000000130000009A3A00009C000000200000000500000000006064C2AD0D400000C8
310
8773232B400000000000000000BCA96EB0025D32400000C88773232B400000000000000000BCA96EB0025D324008A4E9C183391740000000000000000000006064C2AD0D4008A4E9C183391740000000000000000000006064C2AD0D400000C88773232B400000000000000000000000000000000000000000000000000000
310
00000000F03F0C00000013000000112700000C00000013000000010000005400000007000000030000003022E81251CCE03FBD6A3C80F2C0EB3F0000000000000000000000000000303E0000000000000000000000000000000090126C5C3D8ECB3F8B4692E697B3EF3F00000000000000000C000000130000008913000054
310
0000002000000002000000D426036AE0AFD73FA458673345BAED3F000000000000000000006064C2AD0540317A10560B351B40000000000000000000000000000000000000000000000000000000000000F03F0C000000130000001127000054000000200000000200000000006064C2AD0540317A10560B351B4000000000
310
0000000000006064C2AD0D40317A10560B351B40000000000000000000000000000000000000000000000000000000000000F03F
100
AcDbMLeader
270
     2
300
CONTEXT_DATA{
 40
1.0
 10
3.709843429736793
 20
6.80180105662889
 30
0.0
 41
2.0
140
1.0
145
1.0
174
     5
175
     5
176
     0
177
     0
290
     1
304
\pxql;słup nN\P-10,5/10/E
 11
0.0
 21
0.0
 31
1.0
340
11
 12
4.709843429736793
 22
12.56924080196768
 32
0.0
 13
1.0
 23
0.0
 33
0.0
 42
0.0
 43
0.0
 44
0.0
 45
1.0
170
     1
 90
-1073741824
171
     1
172
     5
 91
-1023410175
141
1.0
 92
        0
291
     1
292
     1
173
     0
293
     0
142
0.0
143
0.0
294
     0
295
     0
296
     0
110
1.71737227216363
120
-1.420251553878188
130
0.0
111
1.0
121
0.0
131
0.0
112
0.0
122
1.0
132
0.0
297
     0
302
LEADER{
290
     1
291
     1
 10
2.709843429736793
 20
6.80180105662889
 30
0.0
 11
1.0
 21
0.0
 31
0.0
 90
        0
 40
1.0
304
LEADER_LINE{
 10
0.0000000037252903
 20
0.0
 30
0.0
 91
        0
 92
-1056964608
305
}
271
     0
303
}
272
     9
273
     9
301
}
340
12E
 90
   279552
170
     1
 91
-1056964608
341
14
171
    -2
290
     1
291
     1
 41
1.0
 42
1.0
172
     2
343
11
173
     5
 95
        5
174
     1
175
     0
 92
-1056964608
292
     1
 93
-1056964608
 10
1.0
 20
1.0
 30
1.0
 43
0.0
176
     0
293
     0
294
     0
178
     0
179
     1
 45
1.0
271
     0
272
     9
273
     9
1001
ACAD_MLEADERVER
1070
     2
  0
INSERT
  5
42C
330
429
100
AcDbEntity
  8
0
100
AcDbBlockReference
  2
E
 10
0.0
 20
0.0
 30
0.0
  0
ENDBLK
  5
433
330
429
100
AcDbEntity
  8
!sn
100
AcDbBlockEnd
  0
BLOCK
  5
42E
330
42D
100
AcDbEntity
  8
_MM ŚWIATŁOWÓD
100
AcDbBlockBegin
  2
E
 70
     0
 10
0.0
 20
0.0
 30
0.0
  3
E
  1
Acad:XRef
  0
CIRCLE
  5
42F
330
42D
100
AcDbEntity
  8
_MM slupy
100
AcDbCircle
 10
0.0
 20
0.0
 30
0.0
 40
0.8571021786401598
  0
HATCH
  5
430
330
42D
100
AcDbEntity
  8
_MM slupy
100
AcDbHatch
 10
0.0
 20
0.0
 30
0.0
210
0.0
220
0.0
230
1.0
  2
SOLID
 70
     1
 71
     0
 91
        1
 92
        7
 72
     1
 73
     1
 93
        2
 10
0.2659733965992928
 20
0.3717533545568585
 42
1.000000004499574
 10
-0.2659733928740022
 20
-0.3717533508315684
 42
1.000000004499573
 97
        0
 75
     1
 76
     1
 47
0.0076109542855809
 98
        1
 10
0.0037275701761246
 20
-0.0523459548130631
450
        0
451
        0
460
0.0
461
0.0
452
        0
462
0.0
453
        2
463
0.0
 63
     5
421
      255
463
1.0
 63
     2
421
 16776960
470
LINEAR
1001
GradientColor1ACI
1070
     5
1001
GradientColor2ACI
1070
     2
1001
ACAD
1010
0.0
1020
0.0
1030
0.0
  0
CIRCLE
  5
431
330
42D
100
AcDbEntity
  8
_MM slupy
100
AcDbCircle
 10
0.0000000037252903
 20
0.0
 30
0.0
 40
0.4571021786401597
  0
ENDBLK
  5
432
330
42D
100
AcDbEntity
  8
_MM ŚWIATŁOWÓD
100
AcDbBlockEnd
  0
BLOCK
  5
49D
330
49C
100
AcDbEntity
  8
_arkusze model
100
AcDbBlockBegin
  2
trafo
 70
     0
 10
0.0
 20
0.0
 30
0.0
  3
trafo
  1

  0
LWPOLYLINE
  5
49E
330
49C
100
AcDbEntity
  8
_mm trafo
100
AcDbPolyline
 90
        5
 70
   129
 43
0.0
 10
-0.5169995911419392
 20
-1.523946878500283
 10
1.644884634763002
 20
-0.9619457693770528
 10
0.9839746840298176
 20
1.58041718415916
 10
-1.171670658513904
 20
0.9924604445695877
 10
-0.5169995911419392
 20
-1.523946878500283
  0
HATCH
  5
49F
330
49C
100
AcDbEntity
  8
_mm trafo
100
AcDbHatch
 10
0.0
 20
0.0
 30
0.0
210
0.0
220
0.0
230
1.0
  2
SOLID
 70
     1
 71
     0
 91
        1
 92
        7
 72
     0
 73
     1
 93
        4
 10
-1.154536539688706
 20
1.016924733296037
 10
-0.5218138257041574
 20
-1.505090727470815
 10
1.644884638488293
 20
-0.9619457712396979
 10
1.006149406544864
 20
1.586078689433634
 97
        0
 75
     1
 76
     1
 47
0.0122615982672015
 98
        1
 10
-0.3378079012036324
 20
0.2822133973240852
450
        0
451
        0
460
0.0
461
0.0
452
        0
462
0.0
453
        2
463
0.0
 63
     5
421
      255
463
1.0
 63
     2
421
 16776960
470
LINEAR
1001
GradientColor1ACI
1070
     5
1001
GradientColor2ACI
1070
     2
1001
ACAD
1010
0.0
1020
0.0
1030
0.0
  0
LINE
  5
4A0
330
49C
100
AcDbEntity
  8
_MM LINIA Sn
 62
     2
370
    60
100
AcDbLine
 10
0.5828169202432036
 20
-0.9153794357553124
 30
0.0
 11
-0.321801271289587
 21
-0.231092756614089
 31
0.0
  0
LINE
  5
4A1
330
49C
100
AcDbEntity
  8
_MM LINIA Sn
 62
     2
370
    60
100
AcDbLine
 10
-0.321801271289587
 20
-0.231092756614089
 30
0.0
 11
0.576448961161077
 21
0.0235602678731084
 31
0.0
  0
LINE
  5
4A2
330
49C
100
AcDbEntity
  8
_MM LINIA Sn
 62
     2
370
    60
100
AcDbLine
 10
0.576448961161077
 20
0.0235602678731084
 30
0.0
 11
-0.4304556539282203
 21
0.8992878803983331
 31
0.0
  0
LINE
  5
4A3
330
49C
100
AcDbEntity
  8
_MM LINIA Sn
 62
     2
370
    60
100
AcDbLine
 10
0.4099786086007953
 20
-0.8960715467110276
 30
0.0
 11
0.5828169202432036
 21
-0.9153794357553124
 31
0.0
  0
LINE
  5
4A4
330
49C
100
AcDbEntity
  8
_MM LINIA Sn
 62
     2
370
    60
100
AcDbLine
 10
0.5828169202432036
 20
-0.9153794357553124
 30
0.0
 11
0.5547992568463087
 21
-0.7203441979363561
 31
0.0
  0
LINE
  5
4A5
330
49C
100
AcDbEntity
  8
_MM LINIA Sn
 62
     2
370
    60
100
AcDbLine
 10
0.5547992568463087
 20
-0.7203441979363561
 30
0.0
 11
0.4099786086007953
 21
-0.8960715467110276
 31
0.0
  0
ENDBLK
  5
4A6
330
49C
100
AcDbEntity
  8
_arkusze model
100
AcDbBlockEnd
  0
BLOCK
  5
4D6
330
4D5
100
AcDbEntity
  8
0
100
AcDbBlockBegin
  2
*D88
 70
     1
 10
0.0
 20
0.0
 30
0.0
  3
*D88
  1

  0
MTEXT
  5
4D8
330
4D5
100
AcDbEntity
  8
!wymiary
100
AcDbMText
 10
7552660.760629488
 20
5779586.736064835
 30
0.0
 40
1.5
 41
0.0
 46
0.0
 71
     5
 72
     1
  1
\A1;- 36 m -
 11
0.9875669073725905
 21
-0.1571992476525812
 31
0.0
 73
     1
 44
1.0
 90
        3
 63
     9
421
 13158600
 45
1.1
441
        0
  0
POINT
  5
4D9
330
4D5
100
AcDbEntity
  8
Defpoints
 62
     0
100
AcDbPoint
 10
7552643.453000001
 20
5779593.557999999
 30
0.0
  0
POINT
  5
4DA
330
4D5
100
AcDbEntity
  8
Defpoints
 62
     0
100
AcDbPoint
 10
7552679.331
 20
5779587.847
 30
0.0
  0
POINT
  5
4DB
330
4D5
100
AcDbEntity
  8
Defpoints
 62
     0
100
AcDbPoint
 10
7552679.213100565
 20
5779587.10632482
 30
0.0
  0
ENDBLK
  5
4D7
330
4D5
100
AcDbEntity
  8
0
100
AcDbBlockEnd
  0
BLOCK
  5
4DE
330
4DD
100
AcDbEntity
  8
0
100
AcDbBlockBegin
  2
*D89
 70
     1
 10
0.0
 20
0.0
 30
0.0
  3
*D89
  1

  0
MTEXT
  5
4E0
330
4DD
100
AcDbEntity
  8
!wymiary
100
AcDbMText
 10
7552660.134996874
 20
5779629.624831805
 30
0.0
 40
1.5
 41
0.0
 46
0.0
 71
     5
 72
     1
  1
\A1;- 27 m -
 11
0.9085947987055123
 21
0.4176786944114931
 31
0.0
 73
     1
 44
1.0
 90
        3
 63
     9
421
 13158600
 45
1.1
441
        0
  0
POINT
  5
4E1
330
4DD
100
AcDbEntity
  8
Defpoints
 62
     0
100
AcDbPoint
 10
7552645.970000001
 20
5779627.518999999
 30
0.0
  0
POINT
  5
4E2
330
4DD
100
AcDbEntity
  8
Defpoints
 62
     0
100
AcDbPoint
 10
7552670.956
 20
5779639.005
 30
0.0
  0
POINT
  5
4E3
330
4DD
100
AcDbEntity
  8
Defpoints
 62
     0
100
AcDbPoint
 10
7552671.269259021
 20
5779638.323553902
 30
0.0
  0
ENDBLK
  5
4DF
330
4DD
100
AcDbEntity
  8
0
100
AcDbBlockEnd
  0
BLOCK
  5
4E6
330
4E5
100
AcDbEntity
  8
0
100
AcDbBlockBegin
  2
*D90
 70
     1
 10
0.0
 20
0.0
 30
0.0
  3
*D90
  1

  0
MTEXT
  5
4E8
330
4E5
100
AcDbEntity
  8
!wymiary
100
AcDbMText
 10
7552657.374586598
 20
5779671.356684414
 30
0.0
 40
1.5
 41
0.0
 46
0.0
 71
     5
 72
     1
  1
\A1;- 31 m -
 11
0.5980063941107432
 21
0.8014913303353108
 31
0.0
 73
     1
 44
1.0
 90
        3
 63
     9
421
 13158600
 45
1.1
441
        0
  0
POINT
  5
4E9
330
4E5
100
AcDbEntity
  8
Defpoints
 62
     0
100
AcDbPoint
 10
7552644.86
 20
5779661.3
 30
0.0
  0
POINT
  5
4EA
330
4E5
100
AcDbEntity
  8
Defpoints
 62
     0
100
AcDbPoint
 10
7552663.451
 20
5779686.217
 30
0.0
  0
POINT
  5
4EB
330
4E5
100
AcDbEntity
  8
Defpoints
 62
     0
100
AcDbPoint
 10
7552664.052118498
 20
5779685.768495205
 30
0.0
  0
ENDBLK
  5
4E7
330
4E5
100
AcDbEntity
  8
0
100
AcDbBlockEnd
  0
BLOCK
  5
4EE
330
4ED
100
AcDbEntity
  8
0
100
AcDbBlockBegin
  2
*D91
 70
     1
 10
0.0
 20
0.0
 30
0.0
  3
*D91
  1

  0
MTEXT
  5
4F0
330
4ED
100
AcDbEntity
  8
!wymiary
100
AcDbMText
 10
7549143.058607128
 20
5784459.100653419
 30
0.0
 40
1.5
 41
0.0
 46
0.0
 71
     5
 72
     1
  1
\A1;- 52 m -
 11
0.588129786945194
 21
-0.8087665631737014
 31
0.0
 73
     1
 44
1.0
 90
        3
 63
     9
421
 13158600
 45
1.1
441
        0
  0
POINT
  5
4F1
330
4ED
100
AcDbEntity
  8
Defpoints
 62
     0
100
AcDbPoint
 10
7549130.87
 20
5784482.690000001
 30
0.0
  0
POINT
  5
4F2
330
4ED
100
AcDbEntity
  8
Defpoints
 62
     0
100
AcDbPoint
 10
7549161.743000001
 20
5784440.235
 30
0.0
  0
POINT
  5
4F3
330
4ED
100
AcDbEntity
  8
Defpoints
 62
     0
100
AcDbPoint
 10
7549161.136425077
 20
5784439.79390266
 30
0.0
  0
ENDBLK
  5
4EF
330
4ED
100
AcDbEntity
  8
0
100
AcDbBlockEnd
  0
BLOCK
  5
4F6
330
4F5
100
AcDbEntity
  8
0
100
AcDbBlockBegin
  2
*D92
 70
     1
 10
0.0
 20
0.0
 30
0.0
  3
*D92
  1

  0
MTEXT
  5
4F8
330
4F5
100
AcDbEntity
  8
!wymiary
100
AcDbMText
 10
7549168.517892992
 20
5784424.08576565
 30
0.0
 40
1.5
 41
0.0
 46
0.0
 71
     5
 72
     1
  1
\A1;- 34 m -
 11
0.588026928804022
 21
-0.8088413509467167
 31
0.0
 73
     1
 44
1.0
 90
        3
 63
     9
421
 13158600
 45
1.1
441
        0
  0
POINT
  5
4F9
330
4F5
100
AcDbEntity
  8
Defpoints
 62
     0
100
AcDbPoint
 10
7549161.743000001
 20
5784440.235
 30
0.0
  0
POINT
  5
4FA
330
4F5
100
AcDbEntity
  8
Defpoints
 62
     0
100
AcDbPoint
 10
7549181.79
 20
5784412.66
 30
0.0
  0
POINT
  5
4FB
330
4F5
100
AcDbEntity
  8
Defpoints
 62
     0
100
AcDbPoint
 10
7549181.183368986
 20
5784412.218979803
 30
0.0
  0
ENDBLK
  5
4F7
330
4F5
100
AcDbEntity
  8
0
100
AcDbBlockEnd
  0
BLOCK
  5
4FE
330
4FD
100
AcDbEntity
  8
0
100
AcDbBlockBegin
  2
*D93
 70
     1
 10
0.0
 20
0.0
 30
0.0
  3
*D93
  1

  0
MTEXT
  5
500
330
4FD
100
AcDbEntity
  8
!wymiary
100
AcDbMText
 10
7549956.944206733
 20
5784642.28908338
 30
0.0
 40
1.5
 41
0.0
 46
0.0
 71
     5
 72
     1
  1
\A1;- 54 m -
 11
0.7338825824353393
 21
-0.679276346708788
 31
0.0
 73
     1
 44
1.0
 90
        3
 63
     9
421
 13158600
 45
1.1
441
        0
  0
POINT
  5
501
330
4FD
100
AcDbEntity
  8
Defpoints
 62
     0
100
AcDbPoint
 10
7549939.887
 20
5784663.545
 30
0.0
  0
POINT
  5
502
330
4FD
100
AcDbEntity
  8
Defpoints
 62
     0
100
AcDbPoint
 10
7549979.453000001
 20
5784626.922999999
 30
0.0
  0
POINT
  5
503
330
4FD
100
AcDbEntity
  8
Defpoints
 62
     0
100
AcDbPoint
 10
7549978.94354274
 20
5784626.372588062
 30
0.0
  0
ENDBLK
  5
4FF
330
4FD
100
AcDbEntity
  8
0
100
AcDbBlockEnd
  0
BLOCK
  5
506
330
505
100
AcDbEntity
  8
0
100
AcDbBlockBegin
  2
*D94
 70
     1
 10
0.0
 20
0.0
 30
0.0
  3
*D94
  1

  0
MTEXT
  5
508
330
505
100
AcDbEntity
  8
!wymiary
100
AcDbMText
 10
7549991.681179813
 20
5784605.05968437
 30
0.0
 40
1.5
 41
0.0
 46
0.0
 71
     5
 72
     1
  1
\A1;- 49 m -
 11
0.6217387938790816
 21
-0.7832246626516461
 31
0.0
 73
     1
 44
1.0
 90
        3
 63
     9
421
 13158600
 45
1.1
441
        0
  0
POINT
  5
509
330
505
100
AcDbEntity
  8
Defpoints
 62
     0
100
AcDbPoint
 10
7549979.453000001
 20
5784626.922999999
 30
0.0
  0
POINT
  5
50A
330
505
100
AcDbEntity
  8
Defpoints
 62
     0
100
AcDbPoint
 10
7550010.2
 20
5784588.190000001
 30
0.0
  0
POINT
  5
50B
330
505
100
AcDbEntity
  8
Defpoints
 62
     0
100
AcDbPoint
 10
7550009.612581504
 20
5784587.723695906
 30
0.0
  0
ENDBLK
  5
507
330
505
100
AcDbEntity
  8
0
100
AcDbBlockEnd
  0
BLOCK
  5
50E
330
50D
100
AcDbEntity
  8
0
100
AcDbBlockBegin
  2
*D95
 70
     1
 10
0.0
 20
0.0
 30
0.0
  3
*D95
  1

  0
MTEXT
  5
510
330
50D
100
AcDbEntity
  8
!wymiary
100
AcDbMText
 10
7550020.932702363
 20
5784567.240970992
 30
0.0
 40
1.5
 41
0.0
 46
0.0
 71
     5
 72
     1
  1
\A1;- 46 m -
 11
0.6011238737009429
 21
-0.799155859933951
 31
0.0
 73
     1
 44
1.0
 90
        3
 63
     9
421
 13158600
 45
1.1
441
        0
  0
POINT
  5
511
330
50D
100
AcDbEntity
  8
Defpoints
 62
     0
100
AcDbPoint
 10
7550010.2
 20
5784588.190000001
 30
0.0
  0
POINT
  5
512
330
50D
100
AcDbEntity
  8
Defpoints
 62
     0
100
AcDbPoint
 10
7550038.084000001
 20
5784551.12
 30
0.0
  0
POINT
  5
513
330
50D
100
AcDbEntity
  8
Defpoints
 62
     0
100
AcDbPoint
 10
7550037.484633106
 20
5784550.669157094
 30
0.0
  0
ENDBLK
  5
50F
330
50D
100
AcDbEntity
  8
0
100
AcDbBlockEnd
  0
BLOCK
  5
516
330
515
100
AcDbEntity
  8
0
100
AcDbBlockBegin
  2
*D96
 70
     1
 10
0.0
 20
0.0
 30
0.0
  3
*D96
  1

  0
MTEXT
  5
518
330
515
100
AcDbEntity
  8
!wymiary
100
AcDbMText
 10
7549476.771472956
 20
5784646.287904795
 30
0.0
 40
1.5
 41
0.0
 46
0.0
 71
     5
 72
     1
  1
\A1;- 38 m -
 11
0.5409348793717944
 21
-0.841064478074673
 31
0.0
 73
     1
 44
1.0
 90
        3
 63
     9
421
 13158600
 45
1.1
441
        0
  0
POINT
  5
519
330
515
100
AcDbEntity
  8
Defpoints
 62
     0
100
AcDbPoint
 10
7549469.741
 20
5784664.643999999
 30
0.0
  0
POINT
  5
51A
330
515
100
AcDbEntity
  8
Defpoints
 62
     0
100
AcDbPoint
 10
7549490.558
 20
5784632.277000001
 30
0.0
  0
POINT
  5
51B
330
515
100
AcDbEntity
  8
Defpoints
 62
     0
100
AcDbPoint
 10
7549489.927201642
 20
5784631.871298841
 30
0.0
  0
ENDBLK
  5
517
330
515
100
AcDbEntity
  8
0
100
AcDbBlockEnd
  0
BLOCK
  5
51E
330
51D
100
AcDbEntity
  8
0
100
AcDbBlockBegin
  2
*D97
 70
     1
 10
0.0
 20
0.0
 30
0.0
  3
*D97
  1

  0
MTEXT
  5
520
330
51D
100
AcDbEntity
  8
!wymiary
100
AcDbMText
 10
7549497.352309358
 20
5784613.319141008
 30
0.0
 40
1.5
 41
0.0
 46
0.0
 71
     5
 72
     1
  1
\A1;- 39 m -
 11
0.5183432685684063
 21
-0.855172646855488
 31
0.0
 73
     1
 44
1.0
 90
        3
 63
     9
421
 13158600
 45
1.1
441
        0
  0
POINT
  5
521
330
51D
100
AcDbEntity
  8
Defpoints
 62
     0
100
AcDbPoint
 10
7549490.558
 20
5784632.277000001
 30
0.0
  0
POINT
  5
522
330
51D
100
AcDbEntity
  8
Defpoints
 62
     0
100
AcDbPoint
 10
7549511.016000087
 20
5784598.52499984
 30
0.0
  0
POINT
  5
523
330
51D
100
AcDbEntity
  8
Defpoints
 62
     0
100
AcDbPoint
 10
7549510.374620602
 20
5784598.136242389
 30
0.0
  0
ENDBLK
  5
51F
330
51D
100
AcDbEntity
  8
0
100
AcDbBlockEnd
  0
BLOCK
  5
526
330
525
100
AcDbEntity
  8
0
100
AcDbBlockBegin
  2
*D98
 70
     1
 10
0.0
 20
0.0
 30
0.0
  3
*D98
  1

  0
MTEXT
  5
528
330
525
100
AcDbEntity
  8
!wymiary
100
AcDbMText
 10
7549339.405913327
 20
5784589.576863999
 30
0.0
 40
1.5
 41
0.0
 46
0.0
 71
     5
 72
     1
  1
\A1;- 34 m -
 11
0.6351843376570168
 21
-0.7723605745992068
 31
0.0
 73
     1
 44
1.0
 90
        3
 63
     9
421
 13158600
 45
1.1
441
        0
  0
POINT
  5
529
330
525
100
AcDbEntity
  8
Defpoints
 62
     0
100
AcDbPoint
 10
7549331.732999999
 20
5784605.230000001
 30
0.0
  0
POINT
  5
52A
330
525
100
AcDbEntity
  8
Defpoints
 62
     0
100
AcDbPoint
 10
7549353.283000001
 20
5784579.026000001
 30
0.0
  0
POINT
  5
52B
330
525
100
AcDbEntity
  8
Defpoints
 62
     0
100
AcDbPoint
 10
7549352.70372957
 20
5784578.549611748
 30
0.0
  0
ENDBLK
  5
527
330
525
100
AcDbEntity
  8
0
100
AcDbBlockEnd
  0
BLOCK
  5
52E
330
52D
100
AcDbEntity
  8
0
100
AcDbBlockBegin
  2
*D99
 70
     1
 10
0.0
 20
0.0
 30
0.0
  3
*D99
  1

  0
MTEXT
  5
530
330
52D
100
AcDbEntity
  8
!wymiary
100
AcDbMText
 10
7549354.31305602
 20
5784570.371788166
 30
0.0
 40
1.5
 41
0.0
 46
0.0
 71
     5
 72
     1
  1
\A1;- 15 m -
 11
0.5624479253716588
 21
-0.8268327105558398
 31
0.0
 73
     1
 44
1.0
 90
        3
 63
     9
421
 13158600
 45
1.1
441
        0
  0
POINT
  5
531
330
52D
100
AcDbEntity
  8
Defpoints
 62
     0
100
AcDbPoint
 10
7549353.283000001
 20
5784579.026000001
 30
0.0
  0
POINT
  5
532
330
52D
100
AcDbEntity
  8
Defpoints
 62
     0
100
AcDbPoint
 10
7549361.984
 20
5784566.235
 30
0.0
  0
POINT
  5
533
330
52D
100
AcDbEntity
  8
Defpoints
 62
     0
100
AcDbPoint
 10
7549361.363875467
 20
5784565.813164056
 30
0.0
  0
ENDBLK
  5
52F
330
52D
100
AcDbEntity
  8
0
100
AcDbBlockEnd
  0
BLOCK
  5
536
330
535
100
AcDbEntity
  8
0
100
AcDbBlockBegin
  2
*D100
 70
     1
 10
0.0
 20
0.0
 30
0.0
  3
*D100
  1

  0
MTEXT
  5
538
330
535
100
AcDbEntity
  8
!wymiary
100
AcDbMText
 10
7547442.075813785
 20
5784071.231970792
 30
0.0
 40
1.5
 41
0.0
 46
0.0
 71
     5
 72
     1
  1
\A1;- 49 m -
 11
0.234701739934603
 21
-0.9720674324714671
 31
0.0
 73
     1
 44
1.0
 90
        3
 63
     9
421
 13158600
 45
1.1
441
        0
  0
POINT
  5
539
330
535
100
AcDbEntity
  8
Defpoints
 62
     0
100
AcDbPoint
 10
7547440.232000001
 20
5784095.978999999
 30
0.0
  0
POINT
  5
53A
330
535
100
AcDbEntity
  8
Defpoints
 62
     0
100
AcDbPoint
 10
7547451.727000001
 20
5784048.37
 30
0.0
  0
POINT
  5
53B
330
535
100
AcDbEntity
  8
Defpoints
 62
     0
100
AcDbPoint
 10
7547450.997949426
 20
5784048.193973695
 30
0.0
  0
ENDBLK
  5
537
330
535
100
AcDbEntity
  8
0
100
AcDbBlockEnd
  0
BLOCK
  5
53E
330
53D
100
AcDbEntity
  8
0
100
AcDbBlockBegin
  2
*D101
 70
     1
 10
0.0
 20
0.0
 30
0.0
  3
*D101
  1

  0
MTEXT
  5
540
330
53D
100
AcDbEntity
  8
!wymiary
100
AcDbMText
 10
7547447.425301861
 20
5784034.997119307
 30
0.0
 40
1.5
 41
0.0
 46
0.0
 71
     5
 72
     1
  1
\A1;- 28 m -
 11
0.471759532962401
 21
0.8817272498109024
 31
0.0
 73
     1
 44
1.0
 90
        3
 63
     9
421
 13158600
 45
1.1
441
        0
  0
POINT
  5
541
330
53D
100
AcDbEntity
  8
Defpoints
 62
     0
100
AcDbPoint
 10
7547451.727000001
 20
5784048.37
 30
0.0
  0
POINT
  5
542
330
53D
100
AcDbEntity
  8
Defpoints
 62
     0
100
AcDbPoint
 10
7547438.687000001
 20
5784023.998
 30
0.0
  0
POINT
  5
543
330
53D
100
AcDbEntity
  8
Defpoints
 62
     0
100
AcDbPoint
 10
7547438.025704563
 20
5784024.351819649
 30
0.0
  0
ENDBLK
  5
53F
330
53D
100
AcDbEntity
  8
0
100
AcDbBlockEnd
  0
BLOCK
  5
546
330
545
100
AcDbEntity
  8
0
100
AcDbBlockBegin
  2
*D102
 70
     1
 10
0.0
 20
0.0
 30
0.0
  3
*D102
  1

  0
MTEXT
  5
548
330
545
100
AcDbEntity
  8
!wymiary
100
AcDbMText
 10
7555352.675804783
 20
5789171.373221994
 30
0.0
 40
1.5
 41
0.0
 46
0.0
 71
     5
 72
     1
  1
\A1;- 52 m -
 11
0.134645465026629
 21
-0.9908938382832759
 31
0.0
 73
     1
 44
1.0
 90
        3
 63
     9
421
 13158600
 45
1.1
441
        0
  0
POINT
  5
549
330
545
100
AcDbEntity
  8
Defpoints
 62
     0
100
AcDbPoint
 10
7555353.149190398
 20
5789197.714878525
 30
0.0
  0
POINT
  5
54A
330
545
100
AcDbEntity
  8
Defpoints
 62
     0
100
AcDbPoint
 10
7555360.161
 20
5789146.113
 30
0.0
  0
POINT
  5
54B
330
545
100
AcDbEntity
  8
Defpoints
 62
     0
100
AcDbPoint
 10
7555359.417829622
 20
5789146.012015902
 30
0.0
  0
ENDBLK
  5
547
330
545
100
AcDbEntity
  8
0
100
AcDbBlockEnd
  0
BLOCK
  5
54E
330
54D
100
AcDbEntity
  8
0
100
AcDbBlockBegin
  2
*D103
 70
     1
 10
0.0
 20
0.0
 30
0.0
  3
*D103
  1

  0
MTEXT
  5
550
330
54D
100
AcDbEntity
  8
!wymiary
100
AcDbMText
 10
7555445.885284794
 20
5789178.466660225
 30
0.0
 40
1.5
 41
0.0
 46
0.0
 71
     5
 72
     1
  1
\A1;- 33 m -
 11
0.5471529167081073
 21
0.8370326670673081
 31
0.0
 73
     1
 44
1.0
 90
        3
 63
     9
421
 13158600
 45
1.1
441
        0
  0
POINT
  5
551
330
54D
100
AcDbEntity
  8
Defpoints
 62
     0
100
AcDbPoint
 10
7555452.874
 20
5789193.757
 30
0.0
  0
POINT
  5
552
330
54D
100
AcDbEntity
  8
Defpoints
 62
     0
100
AcDbPoint
 10
7555434.684
 20
5789165.93
 30
0.0
  0
POINT
  5
553
330
54D
100
AcDbEntity
  8
Defpoints
 62
     0
100
AcDbPoint
 10
7555434.0562255
 20
5789166.340364687
 30
0.0
  0
ENDBLK
  5
54F
330
54D
100
AcDbEntity
  8
0
100
AcDbBlockEnd
  0
BLOCK
  5
556
330
555
100
AcDbEntity
  8
0
100
AcDbBlockBegin
  2
*D104
 70
     1
 10
0.0
 20
0.0
 30
0.0
  3
*D104
  1

  0
MTEXT
  5
558
330
555
100
AcDbEntity
  8
!wymiary
100
AcDbMText
 10
7555245.042898018
 20
5789208.137974005
 30
0.0
 40
1.5
 41
0.0
 46
0.0
 71
     5
 72
     1
  1
\A1;- 29 m -
 11
0.0780719534947531
 21
-0.996947726853075
 31
0.0
 73
     1
 44
1.0
 90
        3
 63
     9
421
 13158600
 45
1.1
441
        0
  0
POINT
  5
559
330
555
100
AcDbEntity
  8
Defpoints
 62
     0
100
AcDbPoint
 10
7555247.905
 20
5789223.028
 30
0.0
  0
POINT
  5
55A
330
555
100
AcDbEntity
  8
Defpoints
 62
     0
100
AcDbPoint
 10
7555250.188
 20
5789193.875
 30
0.0
  0
POINT
  5
55B
330
555
100
AcDbEntity
  8
Defpoints
 62
     0
100
AcDbPoint
 10
7555249.440289205
 20
5789193.816446035
 30
0.0
  0
ENDBLK
  5
557
330
555
100
AcDbEntity
  8
0
100
AcDbBlockEnd
  0
BLOCK
  5
55E
330
55D
100
AcDbEntity
  8
0
100
AcDbBlockBegin
  2
*D105
 70
     1
 10
0.0
 20
0.0
 30
0.0
  3
*D105
  1

  0
MTEXT
  5
560
330
55D
100
AcDbEntity
  8
!wymiary
100
AcDbMText
 10
7555748.569610105
 20
5789242.543862615
 30
0.0
 40
1.5
 41
0.0
 46
0.0
 71
     5
 72
     1
  1
\A1;- 67 m -
 11
0.08332626287596048
 21
0.9965223198278733
 31
0.0
 73
     1
 44
1.0
 90
        3
 63
     9
421
 13158600
 45
1.1
441
        0
  0
POINT
  5
561
330
55D
100
AcDbEntity
  8
Defpoints
 62
     0
100
AcDbPoint
 10
7555748.849999956
 20
5789276.089999568
 30
0.0
  0
POINT
  5
562
330
55D
100
AcDbEntity
  8
Defpoints
 62
     0
100
AcDbPoint
 10
7555743.275
 20
5789209.417
 30
0.0
  0
POINT
  5
563
330
55D
100
AcDbEntity
  8
Defpoints
 62
     0
100
AcDbPoint
 10
7555742.527608261
 20
5789209.479494697
 30
0.0
  0
ENDBLK
  5
55F
330
55D
100
AcDbEntity
  8
0
100
AcDbBlockEnd
  0
BLOCK
  5
566
330
565
100
AcDbEntity
  8
0
100
AcDbBlockBegin
  2
*D106
 70
     1
 10
0.0
 20
0.0
 30
0.0
  3
*D106
  1

  0
MTEXT
  5
568
330
565
100
AcDbEntity
  8
!wymiary
100
AcDbMText
 10
7555744.089772844
 20
5789189.349367499
 30
0.0
 40
1.5
 41
0.0
 46
0.0
 71
     5
 72
     1
  1
\A1;- 40 m -
 11
0.08491432107244908
 21
0.9963882566935468
 31
0.0
 73
     1
 44
1.0
 90
        3
 63
     9
421
 13158600
 45
1.1
441
        0
  0
POINT
  5
569
330
565
100
AcDbEntity
  8
Defpoints
 62
     0
100
AcDbPoint
 10
7555743.275
 20
5789209.417
 30
0.0
  0
POINT
  5
56A
330
565
100
AcDbEntity
  8
Defpoints
 62
     0
100
AcDbPoint
 10
7555739.891
 20
5789169.709
 30
0.0
  0
POINT
  5
56B
330
565
100
AcDbEntity
  8
Defpoints
 62
     0
100
AcDbPoint
 10
7555739.143708808
 20
5789169.77268574
 30
0.0
  0
ENDBLK
  5
567
330
565
100
AcDbEntity
  8
0
100
AcDbBlockEnd
  0
BLOCK
  5
56E
330
56D
100
AcDbEntity
  8
0
100
AcDbBlockBegin
  2
*D107
 70
     1
 10
0.0
 20
0.0
 30
0.0
  3
*D107
  1

  0
MTEXT
  5
570
330
56D
100
AcDbEntity
  8
!wymiary
100
AcDbMText
 10
7555739.896024238
 20
5789148.573651114
 30
0.0
 40
1.5
 41
0.0
 46
0.0
 71
     5
 72
     1
  1
\A1;- 42 m -
 11
0.1181944319373158
 21
0.9929904713837969
 31
0.0
 73
     1
 44
1.0
 90
        3
 63
     9
421
 13158600
 45
1.1
441
        0
  0
POINT
  5
571
330
56D
100
AcDbEntity
  8
Defpoints
 62
     0
100
AcDbPoint
 10
7555739.891
 20
5789169.709
 30
0.0
  0
POINT
  5
572
330
56D
100
AcDbEntity
  8
Defpoints
 62
     0
100
AcDbPoint
 10
7555734.93
 20
5789128.03
 30
0.0
  0
POINT
  5
573
330
56D
100
AcDbEntity
  8
Defpoints
 62
     0
100
AcDbPoint
 10
7555734.185257145
 20
5789128.118645824
 30
0.0
  0
ENDBLK
  5
56F
330
56D
100
AcDbEntity
  8
0
100
AcDbBlockEnd
  0
BLOCK
  5
576
330
575
100
AcDbEntity
  8
0
100
AcDbBlockBegin
  2
*D108
 70
     1
 10
0.0
 20
0.0
 30
0.0
  3
*D108
  1

  0
MTEXT
  5
578
330
575
100
AcDbEntity
  8
!wymiary
100
AcDbMText
 10
7555713.321822826
 20
5789140.625411839
 30
0.0
 40
1.5
 41
0.0
 46
0.0
 71
     5
 72
     1
  1
\A1;- 50 m -
 11
0.8089037464697999
 21
-0.5879410930927705
 31
0.0
 73
     1
 44
1.0
 90
        3
 63
     9
421
 13158600
 45
1.1
441
        0
  0
POINT
  5
579
330
575
100
AcDbEntity
  8
Defpoints
 62
     0
100
AcDbPoint
 10
7555734.93
 20
5789128.03
 30
0.0
  0
POINT
  5
57A
330
575
100
AcDbEntity
  8
Defpoints
 62
     0
100
AcDbPoint
 10
7555694.672
 20
5789157.291
 30
0.0
  0
POINT
  5
57B
330
575
100
AcDbEntity
  8
Defpoints
 62
     0
100
AcDbPoint
 10
7555695.11295582
 20
5789157.89767781
 30
0.0
  0
ENDBLK
  5
577
330
575
100
AcDbEntity
  8
0
100
AcDbBlockEnd
  0
BLOCK
  5
57E
330
57D
100
AcDbEntity
  8
0
100
AcDbBlockBegin
  2
*D109
 70
     1
 10
0.0
 20
0.0
 30
0.0
  3
*D109
  1

  0
MTEXT
  5
580
330
57D
100
AcDbEntity
  8
!wymiary
100
AcDbMText
 10
7555671.881916103
 20
5789161.869546074
 30
0.0
 40
1.5
 41
0.0
 46
0.0
 71
     5
 72
     1
  1
\A1;- 46 m -
 11
0.9533338183047497
 21
-0.301918251976403
 31
0.0
 73
     1
 44
1.0
 90
        3
 63
     9
421
 13158600
 45
1.1
441
        0
  0
POINT
  5
581
330
57D
100
AcDbEntity
  8
Defpoints
 62
     0
100
AcDbPoint
 10
7555694.672
 20
5789157.291
 30
0.0
  0
POINT
  5
582
330
57D
100
AcDbEntity
  8
Defpoints
 62
     0
100
AcDbPoint
 10
7555650.611
 20
5789171.245
 30
0.0
  0
POINT
  5
583
330
57D
100
AcDbEntity
  8
Defpoints
 62
     0
100
AcDbPoint
 10
7555650.837438689
 20
5789171.960000364
 30
0.0
  0
ENDBLK
  5
57F
330
57D
100
AcDbEntity
  8
0
100
AcDbBlockEnd
  0
BLOCK
  5
586
330
585
100
AcDbEntity
  8
0
100
AcDbBlockBegin
  2
*D110
 70
     1
 10
0.0
 20
0.0
 30
0.0
  3
*D110
  1

  0
MTEXT
  5
588
330
585
100
AcDbEntity
  8
!wymiary
100
AcDbMText
 10
7555625.061521103
 20
5789176.639435308
 30
0.0
 40
1.5
 41
0.0
 46
0.0
 71
     5
 72
     1
  1
\A1;- 52 m -
 11
0.9539740631548507
 21
-0.2998891242239793
 31
0.0
 73
     1
 44
1.0
 90
        3
 63
     9
421
 13158600
 45
1.1
441
        0
  0
POINT
  5
589
330
585
100
AcDbEntity
  8
Defpoints
 62
     0
100
AcDbPoint
 10
7555650.611
 20
5789171.245
 30
0.0
  0
POINT
  5
58A
330
585
100
AcDbEntity
  8
Defpoints
 62
     0
100
AcDbPoint
 10
7555601.021
 20
5789186.834
 30
0.0
  0
POINT
  5
58B
330
585
100
AcDbEntity
  8
Defpoints
 62
     0
100
AcDbPoint
 10
7555601.245916842
 20
5789187.549480547
 30
0.0
  0
ENDBLK
  5
587
330
585
100
AcDbEntity
  8
0
100
AcDbBlockEnd
  0
BLOCK
  5
58E
330
58D
100
AcDbEntity
  8
0
100
AcDbBlockBegin
  2
*D111
 70
     1
 10
0.0
 20
0.0
 30
0.0
  3
*D111
  1

  0
MTEXT
  5
590
330
58D
100
AcDbEntity
  8
!wymiary
100
AcDbMText
 10
7555575.15635771
 20
5789182.754697594
 30
0.0
 40
1.5
 41
0.0
 46
0.0
 71
     5
 72
     1
  1
\A1;- 52 m -
 11
0.9981886605634037
 21
0.06016143218573102
 31
0.0
 73
     1
 44
1.0
 90
        3
 63
     9
421
 13158600
 45
1.1
441
        0
  0
POINT
  5
591
330
58D
100
AcDbEntity
  8
Defpoints
 62
     0
100
AcDbPoint
 10
7555601.021
 20
5789186.834
 30
0.0
  0
POINT
  5
592
330
58D
100
AcDbEntity
  8
Defpoints
 62
     0
100
AcDbPoint
 10
7555548.989
 20
5789183.698
 30
0.0
  0
POINT
  5
593
330
58D
100
AcDbEntity
  8
Defpoints
 62
     0
100
AcDbPoint
 10
7555548.943878926
 20
5789184.446641495
 30
0.0
  0
ENDBLK
  5
58F
330
58D
100
AcDbEntity
  8
0
100
AcDbBlockEnd
  0
BLOCK
  5
596
330
595
100
AcDbEntity
  8
0
100
AcDbBlockBegin
  2
*D112
 70
     1
 10
0.0
 20
0.0
 30
0.0
  3
*D112
  1

  0
MTEXT
  5
598
330
595
100
AcDbEntity
  8
!wymiary
100
AcDbMText
 10
7555525.798227007
 20
5789183.520472194
 30
0.0
 40
1.5
 41
0.0
 46
0.0
 71
     5
 72
     1
  1
\A1;- 46 m -
 11
0.9948996851834327
 21
-0.1008693036652218
 31
0.0
 73
     1
 44
1.0
 90
        3
 63
     9
421
 13158600
 45
1.1
441
        0
  0
POINT
  5
599
330
595
100
AcDbEntity
  8
Defpoints
 62
     0
100
AcDbPoint
 10
7555548.989
 20
5789183.698
 30
0.0
  0
POINT
  5
59A
330
595
100
AcDbEntity
  8
Defpoints
 62
     0
100
AcDbPoint
 10
7555503.115
 20
5789188.349
 30
0.0
  0
POINT
  5
59B
330
595
100
AcDbEntity
  8
Defpoints
 62
     0
100
AcDbPoint
 10
7555503.190651978
 20
5789189.095174764
 30
0.0
  0
ENDBLK
  5
597
330
595
100
AcDbEntity
  8
0
100
AcDbBlockEnd
  0
BLOCK
  5
59E
330
59D
100
AcDbEntity
  8
0
100
AcDbBlockBegin
  2
*D113
 70
     1
 10
0.0
 20
0.0
 30
0.0
  3
*D113
  1

  0
MTEXT
  5
5A0
330
59D
100
AcDbEntity
  8
!wymiary
100
AcDbMText
 10
7555477.725245327
 20
5789188.551590228
 30
0.0
 40
1.5
 41
0.0
 46
0.0
 71
     5
 72
     1
  1
\A1;- 51 m -
 11
0.9942565517643008
 21
-0.1070229380729302
 31
0.0
 73
     1
 44
1.0
 90
        3
 63
     9
421
 13158600
 45
1.1
441
        0
  0
POINT
  5
5A1
330
59D
100
AcDbEntity
  8
Defpoints
 62
     0
100
AcDbPoint
 10
7555503.115
 20
5789188.349
 30
0.0
  0
POINT
  5
5A2
330
59D
100
AcDbEntity
  8
Defpoints
 62
     0
100
AcDbPoint
 10
7555452.874
 20
5789193.757
 30
0.0
  0
POINT
  5
5A3
330
59D
100
AcDbEntity
  8
Defpoints
 62
     0
100
AcDbPoint
 10
7555452.954267204
 20
5789194.502692414
 30
0.0
  0
ENDBLK
  5
59F
330
59D
100
AcDbEntity
  8
0
100
AcDbBlockEnd
  0
BLOCK
  5
5A6
330
5A5
100
AcDbEntity
  8
0
100
AcDbBlockBegin
  2
*D114
 70
     1
 10
0.0
 20
0.0
 30
0.0
  3
*D114
  1

  0
MTEXT
  5
5A8
330
5A5
100
AcDbEntity
  8
!wymiary
100
AcDbMText
 10
7555427.153531642
 20
5789193.86879822
 30
0.0
 40
1.5
 41
0.0
 46
0.0
 71
     5
 72
     1
  1
\A1;- 51 m -
 11
0.9947700963213558
 21
-0.1021393923263711
 31
0.0
 73
     1
 44
1.0
 90
        3
 63
     9
421
 13158600
 45
1.1
441
        0
  0
POINT
  5
5A9
330
5A5
100
AcDbEntity
  8
Defpoints
 62
     0
100
AcDbPoint
 10
7555452.874
 20
5789193.757
 30
0.0
  0
POINT
  5
5AA
330
5A5
100
AcDbEntity
  8
Defpoints
 62
     0
100
AcDbPoint
 10
7555401.947
 20
5789198.986
 30
0.0
  0
POINT
  5
5AB
330
5A5
100
AcDbEntity
  8
Defpoints
 62
     0
100
AcDbPoint
 10
7555402.023604544
 20
5789199.732077571
 30
0.0
  0
ENDBLK
  5
5A7
330
5A5
100
AcDbEntity
  8
0
100
AcDbBlockEnd
  0
BLOCK
  5
5AE
330
5AD
100
AcDbEntity
  8
0
100
AcDbBlockBegin
  2
*D115
 70
     1
 10
0.0
 20
0.0
 30
0.0
  3
*D115
  1

  0
MTEXT
  5
5B0
330
5AD
100
AcDbEntity
  8
!wymiary
100
AcDbMText
 10
7555377.613607948
 20
5789195.835432899
 30
0.0
 40
1.5
 41
0.0
 46
0.0
 71
     5
 72
     1
  1
\A1;- 49 m -
 11
0.9996609041185557
 21
0.02603990738984783
 31
0.0
 73
     1
 44
1.0
 90
        3
 63
     9
421
 13158600
 45
1.1
441
        0
  0
POINT
  5
5B1
330
5AD
100
AcDbEntity
  8
Defpoints
 62
     0
100
AcDbPoint
 10
7555401.947
 20
5789198.986
 30
0.0
  0
POINT
  5
5B2
330
5AD
100
AcDbEntity
  8
Defpoints
 62
     0
100
AcDbPoint
 10
7555353.149190398
 20
5789197.714878525
 30
0.0
  0
POINT
  5
5B3
330
5AD
100
AcDbEntity
  8
Defpoints
 62
     0
100
AcDbPoint
 10
7555353.129660468
 20
5789198.464624204
 30
0.0
  0
ENDBLK
  5
5AF
330
5AD
100
AcDbEntity
  8
0
100
AcDbBlockEnd
  0
BLOCK
  5
5B6
330
5B5
100
AcDbEntity
  8
0
100
AcDbBlockBegin
  2
*D116
 70
     1
 10
0.0
 20
0.0
 30
0.0
  3
*D116
  1

  0
MTEXT
  5
5B8
330
5B5
100
AcDbEntity
  8
!wymiary
100
AcDbMText
 10
7555326.852698919
 20
5789194.658597364
 30
0.0
 40
1.5
 41
0.0
 46
0.0
 71
     5
 72
     1
  1
\A1;- 53 m -
 11
0.9997897052986211
 21
0.02050719822151668
 31
0.0
 73
     1
 44
1.0
 90
        3
 63
     9
421
 13158600
 45
1.1
441
        0
  0
POINT
  5
5B9
330
5B5
100
AcDbEntity
  8
Defpoints
 62
     0
100
AcDbPoint
 10
7555353.149190398
 20
5789197.714878525
 30
0.0
  0
POINT
  5
5BA
330
5B5
100
AcDbEntity
  8
Defpoints
 62
     0
100
AcDbPoint
 10
7555300.453
 20
5789196.634
 30
0.0
  0
POINT
  5
5BB
330
5B5
100
AcDbEntity
  8
Defpoints
 62
     0
100
AcDbPoint
 10
7555300.437619601
 20
5789197.383842278
 30
0.0
  0
ENDBLK
  5
5B7
330
5B5
100
AcDbEntity
  8
0
100
AcDbBlockEnd
  0
BLOCK
  5
5BE
330
5BD
100
AcDbEntity
  8
0
100
AcDbBlockBegin
  2
*D117
 70
     1
 10
0.0
 20
0.0
 30
0.0
  3
*D117
  1

  0
MTEXT
  5
5C0
330
5BD
100
AcDbEntity
  8
!wymiary
100
AcDbMText
 10
7555275.458385677
 20
5789192.742421881
 30
0.0
 40
1.5
 41
0.0
 46
0.0
 71
     5
 72
     1
  1
\A1;- 50 m -
 11
0.9984969893836281
 21
0.05480658894540848
 31
0.0
 73
     1
 44
1.0
 90
        3
 63
     9
421
 13158600
 45
1.1
441
        0
  0
POINT
  5
5C1
330
5BD
100
AcDbEntity
  8
Defpoints
 62
     0
100
AcDbPoint
 10
7555300.453
 20
5789196.634
 30
0.0
  0
POINT
  5
5C2
330
5BD
100
AcDbEntity
  8
Defpoints
 62
     0
100
AcDbPoint
 10
7555250.188
 20
5789193.875
 30
0.0
  0
POINT
  5
5C3
330
5BD
100
AcDbEntity
  8
Defpoints
 62
     0
100
AcDbPoint
 10
7555250.146895058
 20
5789194.623872742
 30
0.0
  0
ENDBLK
  5
5BF
330
5BD
100
AcDbEntity
  8
0
100
AcDbBlockEnd
  0
BLOCK
  5
5C6
330
5C5
100
AcDbEntity
  8
0
100
AcDbBlockBegin
  2
*D118
 70
     1
 10
0.0
 20
0.0
 30
0.0
  3
*D118
  1

  0
MTEXT
  5
5C8
330
5C5
100
AcDbEntity
  8
!wymiary
100
AcDbMText
 10
7555225.463466954
 20
5789190.418452468
 30
0.0
 40
1.5
 41
0.0
 46
0.0
 71
     5
 72
     1
  1
\A1;- 50 m -
 11
0.9992797889258446
 21
0.03794605966790054
 31
0.0
 73
     1
 44
1.0
 90
        3
 63
     9
421
 13158600
 45
1.1
441
        0
  0
POINT
  5
5C9
330
5C5
100
AcDbEntity
  8
Defpoints
 62
     0
100
AcDbPoint
 10
7555250.188
 20
5789193.875
 30
0.0
  0
POINT
  5
5CA
330
5C5
100
AcDbEntity
  8
Defpoints
 62
     0
100
AcDbPoint
 10
7555200.548
 20
5789191.99
 30
0.0
  0
POINT
  5
5CB
330
5C5
100
AcDbEntity
  8
Defpoints
 62
     0
100
AcDbPoint
 10
7555200.519540456
 20
5789192.739459842
 30
0.0
  0
ENDBLK
  5
5C7
330
5C5
100
AcDbEntity
  8
0
100
AcDbBlockEnd
  0
BLOCK
  5
5CE
330
5CD
100
AcDbEntity
  8
0
100
AcDbBlockBegin
  2
*D119
 70
     1
 10
0.0
 20
0.0
 30
0.0
  3
*D119
  1

  0
MTEXT
  5
5D0
330
5CD
100
AcDbEntity
  8
!wymiary
100
AcDbMText
 10
7555178.131545605
 20
5789188.721132814
 30
0.0
 40
1.5
 41
0.0
 46
0.0
 71
     5
 72
     1
  1
\A1;- 45 m -
 11
0.9994338093703011
 21
0.03364610954581319
 31
0.0
 73
     1
 44
1.0
 90
        3
 63
     9
421
 13158600
 45
1.1
441
        0
  0
POINT
  5
5D1
330
5CD
100
AcDbEntity
  8
Defpoints
 62
     0
100
AcDbPoint
 10
7555200.548
 20
5789191.99
 30
0.0
  0
POINT
  5
5D2
330
5CD
100
AcDbEntity
  8
Defpoints
 62
     0
100
AcDbPoint
 10
7555155.546
 20
5789190.475
 30
0.0
  0
POINT
  5
5D3
330
5CD
100
AcDbEntity
  8
Defpoints
 62
     0
100
AcDbPoint
 10
7555155.520765418
 20
5789191.224575357
 30
0.0
  0
ENDBLK
  5
5CF
330
5CD
100
AcDbEntity
  8
0
100
AcDbBlockEnd
  0
BLOCK
  5
5D6
330
5D5
100
AcDbEntity
  8
0
100
AcDbBlockBegin
  2
*D120
 70
     1
 10
0.0
 20
0.0
 30
0.0
  3
*D120
  1

  0
MTEXT
  5
5D8
330
5D5
100
AcDbEntity
  8
!wymiary
100
AcDbMText
 10
7555135.350010835
 20
5789187.190791698
 30
0.0
 40
1.5
 41
0.0
 46
0.0
 71
     5
 72
     1
  1
\A1;- 41 m -
 11
0.9992564027098215
 21
0.0385569921470409
 31
0.0
 73
     1
 44
1.0
 90
        3
 63
     9
421
 13158600
 45
1.1
441
        0
  0
POINT
  5
5D9
330
5D5
100
AcDbEntity
  8
Defpoints
 62
     0
100
AcDbPoint
 10
7555155.546
 20
5789190.475
 30
0.0
  0
POINT
  5
5DA
330
5D5
100
AcDbEntity
  8
Defpoints
 62
     0
100
AcDbPoint
 10
7555114.961
 20
5789188.909
 30
0.0
  0
POINT
  5
5DB
330
5D5
100
AcDbEntity
  8
Defpoints
 62
     0
100
AcDbPoint
 10
7555114.932082256
 20
5789189.658442302
 30
0.0
  0
ENDBLK
  5
5D7
330
5D5
100
AcDbEntity
  8
0
100
AcDbBlockEnd
  0
BLOCK
  5
5DE
330
5DD
100
AcDbEntity
  8
0
100
AcDbBlockBegin
  2
*D121
 70
     1
 10
0.0
 20
0.0
 30
0.0
  3
*D121
  1

  0
MTEXT
  5
5E0
330
5DD
100
AcDbEntity
  8
!wymiary
100
AcDbMText
 10
7547644.472019778
 20
5784233.426710234
 30
0.0
 40
1.5
 41
0.0
 46
0.0
 71
     5
 72
     1
  1
\A1;- 30 m -
 11
0.9514284641564631
 21
0.3078699036815292
 31
0.0
 73
     1
 44
1.0
 90
        3
 63
     9
421
 13158600
 45
1.1
441
        0
  0
POINT
  5
5E1
330
5DD
100
AcDbEntity
  8
Defpoints
 62
     0
100
AcDbPoint
 10
7547629.196
 20
5784232.705
 30
0.0
  0
POINT
  5
5E2
330
5DD
100
AcDbEntity
  8
Defpoints
 62
     0
100
AcDbPoint
 10
7547657.275
 20
5784241.791
 30
0.0
  0
POINT
  5
5E3
330
5DD
100
AcDbEntity
  8
Defpoints
 62
     0
100
AcDbPoint
 10
7547657.505902428
 20
5784241.077428652
 30
0.0
  0
ENDBLK
  5
5DF
330
5DD
100
AcDbEntity
  8
0
100
AcDbBlockEnd
  0
BLOCK
  5
5E6
330
5E5
100
AcDbEntity
  8
0
100
AcDbBlockBegin
  2
*D122
 70
     1
 10
0.0
 20
0.0
 30
0.0
  3
*D122
  1

  0
MTEXT
  5
5E8
330
5E5
100
AcDbEntity
  8
!wymiary
100
AcDbMText
 10
7547606.864934077
 20
5784288.658451598
 30
0.0
 40
1.5
 41
0.0
 46
0.0
 71
     5
 72
     1
  1
\A1;- 39 m -
 11
0.3118607264910669
 21
-0.9501278268067218
 31
0.0
 73
     1
 44
1.0
 90
        3
 63
     9
421
 13158600
 45
1.1
441
        0
  0
POINT
  5
5E9
330
5E5
100
AcDbEntity
  8
Defpoints
 62
     0
100
AcDbPoint
 10
7547604.592
 20
5784308.462
 30
0.0
  0
POINT
  5
5EA
330
5E5
100
AcDbEntity
  8
Defpoints
 62
     0
100
AcDbPoint
 10
7547616.77
 20
5784271.36
 30
0.0
  0
POINT
  5
5EB
330
5E5
100
AcDbEntity
  8
Defpoints
 62
     0
100
AcDbPoint
 10
7547616.05740413
 20
5784271.126104455
 30
0.0
  0
ENDBLK
  5
5E7
330
5E5
100
AcDbEntity
  8
0
100
AcDbBlockEnd
  0
BLOCK
  5
5EE
330
5ED
100
AcDbEntity
  8
0
100
AcDbBlockBegin
  2
*D123
 70
     1
 10
0.0
 20
0.0
 30
0.0
  3
*D123
  1

  0
MTEXT
  5
5F0
330
5ED
100
AcDbEntity
  8
!wymiary
100
AcDbMText
 10
7547619.171997283
 20
5784250.807418646
 30
0.0
 40
1.5
 41
0.0
 46
0.0
 71
     5
 72
     1
  1
\A1;- 41 m -
 11
0.3060354888279552
 21
-0.9520201046080039
 31
0.0
 73
     1
 44
1.0
 90
        3
 63
     9
421
 13158600
 45
1.1
441
        0
  0
POINT
  5
5F1
330
5ED
100
AcDbEntity
  8
Defpoints
 62
     0
100
AcDbPoint
 10
7547616.77
 20
5784271.36
 30
0.0
  0
POINT
  5
5F2
330
5ED
100
AcDbEntity
  8
Defpoints
 62
     0
100
AcDbPoint
 10
7547629.196
 20
5784232.705
 30
0.0
  0
POINT
  5
5F3
330
5ED
100
AcDbEntity
  8
Defpoints
 62
     0
100
AcDbPoint
 10
7547628.481984922
 20
5784232.475473383
 30
0.0
  0
ENDBLK
  5
5EF
330
5ED
100
AcDbEntity
  8
0
100
AcDbBlockEnd
  0
BLOCK
  5
5F6
330
5F5
100
AcDbEntity
  8
0
100
AcDbBlockBegin
  2
*D124
 70
     1
 10
0.0
 20
0.0
 30
0.0
  3
*D124
  1

  0
MTEXT
  5
5F8
330
5F5
100
AcDbEntity
  8
!wymiary
100
AcDbMText
 10
7547632.573298517
 20
5784209.152179873
 30
0.0
 40
1.5
 41
0.0
 46
0.0
 71
     5
 72
     1
  1
\A1;- 47 m -
 11
0.3063300319771707
 21
-0.9519253707664618
 31
0.0
 73
     1
 44
1.0
 90
        3
 63
     9
421
 13158600
 45
1.1
441
        0
  0
POINT
  5
5F9
330
5F5
100
AcDbEntity
  8
Defpoints
 62
     0
100
AcDbPoint
 10
7547629.196
 20
5784232.705
 30
0.0
  0
POINT
  5
5FA
330
5F5
100
AcDbEntity
  8
Defpoints
 62
     0
100
AcDbPoint
 10
7547643.566000001
 20
5784188.05
 30
0.0
  0
POINT
  5
5FB
330
5F5
100
AcDbEntity
  8
Defpoints
 62
     0
100
AcDbPoint
 10
7547642.852055972
 20
5784187.820252476
 30
0.0
  0
ENDBLK
  5
5F7
330
5F5
100
AcDbEntity
  8
0
100
AcDbBlockEnd
  0
BLOCK
  5
5FE
330
5FD
100
AcDbEntity
  8
0
100
AcDbBlockBegin
  2
*D125
 70
     1
 10
0.0
 20
0.0
 30
0.0
  3
*D125
  1

  0
MTEXT
  5
600
330
5FD
100
AcDbEntity
  8
!wymiary
100
AcDbMText
 10
7547645.872414481
 20
5784164.635821886
 30
0.0
 40
1.5
 41
0.0
 46
0.0
 71
     5
 72
     1
  1
\A1;- 47 m -
 11
0.008271245491110711
 21
0.999965792663942
 31
0.0
 73
     1
 44
1.0
 90
        3
 63
     9
421
 13158600
 45
1.1
441
        0
  0
POINT
  5
601
330
5FD
100
AcDbEntity
  8
Defpoints
 62
     0
100
AcDbPoint
 10
7547643.566000001
 20
5784188.05
 30
0.0
  0
POINT
  5
602
330
5FD
100
AcDbEntity
  8
Defpoints
 62
     0
100
AcDbPoint
 10
7547643.179
 20
5784141.262999999
 30
0.0
  0
POINT
  5
603
330
5FD
100
AcDbEntity
  8
Defpoints
 62
     0
100
AcDbPoint
 10
7547642.429025654
 20
5784141.269203434
 30
0.0
  0
ENDBLK
  5
5FF
330
5FD
100
AcDbEntity
  8
0
100
AcDbBlockEnd
  0
BLOCK
  5
606
330
605
100
AcDbEntity
  8
0
100
AcDbBlockBegin
  2
*D126
 70
     1
 10
0.0
 20
0.0
 30
0.0
  3
*D126
  1

  0
MTEXT
  5
608
330
605
100
AcDbEntity
  8
!wymiary
100
AcDbMText
 10
7548000.766061946
 20
5784210.924990187
 30
0.0
 40
1.5
 41
0.0
 46
0.0
 71
     5
 72
     1
  1
\A1;- 29 m -
 11
0.3046694780020832
 21
-0.9524581403788507
 31
0.0
 73
     1
 44
1.0
 90
        3
 63
     9
421
 13158600
 45
1.1
441
        0
  0
POINT
  5
609
330
605
100
AcDbEntity
  8
Defpoints
 62
     0
100
AcDbPoint
 10
7548000.221
 20
5784225.81
 30
0.0
  0
POINT
  5
60A
330
605
100
AcDbEntity
  8
Defpoints
 62
     0
100
AcDbPoint
 10
7548008.961
 20
5784198.487000001
 30
0.0
  0
POINT
  5
60B
330
605
100
AcDbEntity
  8
Defpoints
 62
     0
100
AcDbPoint
 10
7548008.246656395
 20
5784198.258497892
 30
0.0
  0
ENDBLK
  5
607
330
605
100
AcDbEntity
  8
0
100
AcDbBlockEnd
  0
BLOCK
  5
60E
330
60D
100
AcDbEntity
  8
0
100
AcDbBlockBegin
  2
*D127
 70
     1
 10
0.0
 20
0.0
 30
0.0
  3
*D127
  1

  0
MTEXT
  5
610
330
60D
100
AcDbEntity
  8
!wymiary
100
AcDbMText
 10
7548014.34697591
 20
5784328.93175185
 30
0.0
 40
1.5
 41
0.0
 46
0.0
 71
     5
 72
     1
  1
\A1;- 38 m -
 11
0.3073043120297623
 21
-0.9516112965953665
 31
0.0
 73
     1
 44
1.0
 90
        3
 63
     9
421
 13158600
 45
1.1
441
        0
  0
POINT
  5
611
330
60D
100
AcDbEntity
  8
Defpoints
 62
     0
100
AcDbPoint
 10
7548012.333
 20
5784348.238
 30
0.0
  0
POINT
  5
612
330
60D
100
AcDbEntity
  8
Defpoints
 62
     0
100
AcDbPoint
 10
7548024.005
 20
5784312.094
 30
0.0
  0
POINT
  5
613
330
60D
100
AcDbEntity
  8
Defpoints
 62
     0
100
AcDbPoint
 10
7548023.291291527
 20
5784311.863521766
 30
0.0
  0
ENDBLK
  5
60F
330
60D
100
AcDbEntity
  8
0
100
AcDbBlockEnd
  0
BLOCK
  5
616
330
615
100
AcDbEntity
  8
0
100
AcDbBlockBegin
  2
*D128
 70
     1
 10
0.0
 20
0.0
 30
0.0
  3
*D128
  1

  0
MTEXT
  5
618
330
615
100
AcDbEntity
  8
!wymiary
100
AcDbMText
 10
7548026.099480978
 20
5784292.513285532
 30
0.0
 40
1.5
 41
0.0
 46
0.0
 71
     5
 72
     1
  1
\A1;- 39 m -
 11
0.3069224540914546
 21
-0.9517345255765806
 31
0.0
 73
     1
 44
1.0
 90
        3
 63
     9
421
 13158600
 45
1.1
441
        0
  0
POINT
  5
619
330
615
100
AcDbEntity
  8
Defpoints
 62
     0
100
AcDbPoint
 10
7548024.005
 20
5784312.094
 30
0.0
  0
POINT
  5
61A
330
615
100
AcDbEntity
  8
Defpoints
 62
     0
100
AcDbPoint
 10
7548035.839
 20
5784275.397999999
 30
0.0
  0
POINT
  5
61B
330
615
100
AcDbEntity
  8
Defpoints
 62
     0
100
AcDbPoint
 10
7548035.125199106
 20
5784275.167808158
 30
0.0
  0
ENDBLK
  5
617
330
615
100
AcDbEntity
  8
0
100
AcDbBlockEnd
  0
BLOCK
  5
61E
330
61D
100
AcDbEntity
  8
0
100
AcDbBlockBegin
  2
*D129
 70
     1
 10
0.0
 20
0.0
 30
0.0
  3
*D129
  1

  0
MTEXT
  5
620
330
61D
100
AcDbEntity
  8
!wymiary
100
AcDbMText
 10
7548038.133602729
 20
5784254.660537441
 30
0.0
 40
1.5
 41
0.0
 46
0.0
 71
     5
 72
     1
  1
\A1;- 41 m -
 11
0.2986364676696005
 21
-0.9543669421023676
 31
0.0
 73
     1
 44
1.0
 90
        3
 63
     9
421
 13158600
 45
1.1
441
        0
  0
POINT
  5
621
330
61D
100
AcDbEntity
  8
Defpoints
 62
     0
100
AcDbPoint
 10
7548035.839
 20
5784275.397999999
 30
0.0
  0
POINT
  5
622
330
61D
100
AcDbEntity
  8
Defpoints
 62
     0
100
AcDbPoint
 10
7548048.069
 20
5784236.313999999
 30
0.0
  0
POINT
  5
623
330
61D
100
AcDbEntity
  8
Defpoints
 62
     0
100
AcDbPoint
 10
7548047.353224793
 20
5784236.090022649
 30
0.0
  0
ENDBLK
  5
61F
330
61D
100
AcDbEntity
  8
0
100
AcDbBlockEnd
  0
BLOCK
  5
626
330
625
100
AcDbEntity
  8
0
100
AcDbBlockBegin
  2
*D130
 70
     1
 10
0.0
 20
0.0
 30
0.0
  3
*D130
  1

  0
MTEXT
  5
628
330
625
100
AcDbEntity
  8
!wymiary
100
AcDbMText
 10
7547349.240348931
 20
5784003.711722281
 30
0.0
 40
1.5
 41
0.0
 46
0.0
 71
     5
 72
     1
  1
\A1;- 46 m -
 11
0.2874873272853712
 21
-0.9577844416413924
 31
0.0
 73
     1
 44
1.0
 90
        3
 63
     9
421
 13158600
 45
1.1
441
        0
  0
POINT
  5
629
330
625
100
AcDbEntity
  8
Defpoints
 62
     0
100
AcDbPoint
 10
7547358.27
 20
5783982.38
 30
0.0
  0
POINT
  5
62A
330
625
100
AcDbEntity
  8
Defpoints
 62
     0
100
AcDbPoint
 10
7547345.03
 20
5784026.49
 30
0.0
  0
POINT
  5
62B
330
625
100
AcDbEntity
  8
Defpoints
 62
     0
100
AcDbPoint
 10
7547345.748338331
 20
5784026.705615495
 30
0.0
  0
ENDBLK
  5
627
330
625
100
AcDbEntity
  8
0
100
AcDbBlockEnd
  0
BLOCK
  5
62E
330
62D
100
AcDbEntity
  8
0
100
AcDbBlockBegin
  2
*D131
 70
     1
 10
0.0
 20
0.0
 30
0.0
  3
*D131
  1

  0
MTEXT
  5
630
330
62D
100
AcDbEntity
  8
!wymiary
100
AcDbMText
 10
7547335.982099887
 20
5784047.480027791
 30
0.0
 40
1.5
 41
0.0
 46
0.0
 71
     5
 72
     1
  1
\A1;- 45 m -
 11
0.2924925033721462
 21
-0.9562678157666371
 31
0.0
 73
     1
 44
1.0
 90
        3
 63
     9
421
 13158600
 45
1.1
441
        0
  0
POINT
  5
631
330
62D
100
AcDbEntity
  8
Defpoints
 62
     0
100
AcDbPoint
 10
7547345.03
 20
5784026.49
 30
0.0
  0
POINT
  5
632
330
62D
100
AcDbEntity
  8
Defpoints
 62
     0
100
AcDbPoint
 10
7547331.74
 20
5784069.94
 30
0.0
  0
POINT
  5
633
330
62D
100
AcDbEntity
  8
Defpoints
 62
     0
100
AcDbPoint
 10
7547332.457200862
 20
5784070.159369378
 30
0.0
  0
ENDBLK
  5
62F
330
62D
100
AcDbEntity
  8
0
100
AcDbBlockEnd
  0
BLOCK
  5
636
330
635
100
AcDbEntity
  8
0
100
AcDbBlockBegin
  2
*D132
 70
     1
 10
0.0
 20
0.0
 30
0.0
  3
*D132
  1

  0
MTEXT
  5
638
330
635
100
AcDbEntity
  8
!wymiary
100
AcDbMText
 10
7547348.86324864
 20
5784069.813834757
 30
0.0
 40
1.5
 41
0.0
 46
0.0
 71
     5
 72
     1
  1
\A1;- 33 m -
 11
0.9738057483117909
 21
0.2273815396088985
 31
0.0
 73
     1
 44
1.0
 90
        3
 63
     9
421
 13158600
 45
1.1
441
        0
  0
POINT
  5
639
330
635
100
AcDbEntity
  8
Defpoints
 62
     0
100
AcDbPoint
 10
7547331.74
 20
5784069.94
 30
0.0
  0
POINT
  5
63A
330
635
100
AcDbEntity
  8
Defpoints
 62
     0
100
AcDbPoint
 10
7547364.16
 20
5784077.51
 30
0.0
  0
POINT
  5
63B
330
635
100
AcDbEntity
  8
Defpoints
 62
     0
100
AcDbPoint
 10
7547364.330536155
 20
5784076.779645688
 30
0.0
  0
ENDBLK
  5
637
330
635
100
AcDbEntity
  8
0
100
AcDbBlockEnd
  0
BLOCK
  5
63E
330
63D
100
AcDbEntity
  8
0
100
AcDbBlockBegin
  2
*D133
 70
     1
 10
0.0
 20
0.0
 30
0.0
  3
*D133
  1

  0
MTEXT
  5
640
330
63D
100
AcDbEntity
  8
!wymiary
100
AcDbMText
 10
7547381.553265415
 20
5784077.380366444
 30
0.0
 40
1.5
 41
0.0
 46
0.0
 71
     5
 72
     1
  1
\A1;- 34 m -
 11
0.9746692923626045
 21
0.2236510016194423
 31
0.0
 73
     1
 44
1.0
 90
        3
 63
     9
421
 13158600
 45
1.1
441
        0
  0
POINT
  5
641
330
63D
100
AcDbEntity
  8
Defpoints
 62
     0
100
AcDbPoint
 10
7547364.16
 20
5784077.51
 30
0.0
  0
POINT
  5
642
330
63D
100
AcDbEntity
  8
Defpoints
 62
     0
100
AcDbPoint
 10
7547397.15
 20
5784085.08
 30
0.0
  0
POINT
  5
643
330
63D
100
AcDbEntity
  8
Defpoints
 62
     0
100
AcDbPoint
 10
7547397.317738252
 20
5784084.348998031
 30
0.0
  0
ENDBLK
  5
63F
330
63D
100
AcDbEntity
  8
0
100
AcDbBlockEnd
  0
BLOCK
  5
646
330
645
100
AcDbEntity
  8
0
100
AcDbBlockBegin
  2
*D134
 70
     1
 10
0.0
 20
0.0
 30
0.0
  3
*D134
  1

  0
MTEXT
  5
648
330
645
100
AcDbEntity
  8
!wymiary
100
AcDbMText
 10
7547419.672024662
 20
5784086.651666763
 30
0.0
 40
1.5
 41
0.0
 46
0.0
 71
     5
 72
     1
  1
\A1;- 44 m -
 11
0.9694583092636986
 21
0.2452561652631202
 31
0.0
 73
     1
 44
1.0
 90
        3
 63
     9
421
 13158600
 45
1.1
441
        0
  0
POINT
  5
649
330
645
100
AcDbEntity
  8
Defpoints
 62
     0
100
AcDbPoint
 10
7547397.15
 20
5784085.08
 30
0.0
  0
POINT
  5
64A
330
645
100
AcDbEntity
  8
Defpoints
 62
     0
100
AcDbPoint
 10
7547440.232000001
 20
5784095.978999999
 30
0.0
  0
POINT
  5
64B
330
645
100
AcDbEntity
  8
Defpoints
 62
     0
100
AcDbPoint
 10
7547440.415942125
 20
5784095.251906267
 30
0.0
  0
ENDBLK
  5
647
330
645
100
AcDbEntity
  8
0
100
AcDbBlockEnd
  0
BLOCK
  5
64E
330
64D
100
AcDbEntity
  8
0
100
AcDbBlockBegin
  2
*D135
 70
     1
 10
0.0
 20
0.0
 30
0.0
  3
*D135
  1

  0
MTEXT
  5
650
330
64D
100
AcDbEntity
  8
!wymiary
100
AcDbMText
 10
7547455.114124714
 20
5784095.857914757
 30
0.0
 40
1.5
 41
0.0
 46
0.0
 71
     5
 72
     1
  1
\A1;- 29 m -
 11
0.9650699331238416
 21
0.2619924124480398
 31
0.0
 73
     1
 44
1.0
 90
        3
 63
     9
421
 13158600
 45
1.1
441
        0
  0
POINT
  5
651
330
64D
100
AcDbEntity
  8
Defpoints
 62
     0
100
AcDbPoint
 10
7547440.232000001
 20
5784095.978999999
 30
0.0
  0
POINT
  5
652
330
64D
100
AcDbEntity
  8
Defpoints
 62
     0
100
AcDbPoint
 10
7547467.892000001
 20
5784103.488
 30
0.0
  0
POINT
  5
653
330
64D
100
AcDbEntity
  8
Defpoints
 62
     0
100
AcDbPoint
 10
7547468.08849431
 20
5784102.76419755
 30
0.0
  0
ENDBLK
  5
64F
330
64D
100
AcDbEntity
  8
0
100
AcDbBlockEnd
  0
BLOCK
  5
656
330
655
100
AcDbEntity
  8
0
100
AcDbBlockBegin
  2
*D136
 70
     1
 10
0.0
 20
0.0
 30
0.0
  3
*D136
  1

  0
MTEXT
  5
658
330
655
100
AcDbEntity
  8
!wymiary
100
AcDbMText
 10
7547486.23141047
 20
5784103.393653178
 30
0.0
 40
1.5
 41
0.0
 46
0.0
 71
     5
 72
     1
  1
\A1;- 36 m -
 11
0.9768387296728043
 21
0.2139768590554172
 31
0.0
 73
     1
 44
1.0
 90
        3
 63
     9
421
 13158600
 45
1.1
441
        0
  0
POINT
  5
659
330
655
100
AcDbEntity
  8
Defpoints
 62
     0
100
AcDbPoint
 10
7547467.892000001
 20
5784103.488
 30
0.0
  0
POINT
  5
65A
330
655
100
AcDbEntity
  8
Defpoints
 62
     0
100
AcDbPoint
 10
7547502.852000001
 20
5784111.146000001
 30
0.0
  0
POINT
  5
65B
330
655
100
AcDbEntity
  8
Defpoints
 62
     0
100
AcDbPoint
 10
7547503.012482646
 20
5784110.413370952
 30
0.0
  0
ENDBLK
  5
657
330
655
100
AcDbEntity
  8
0
100
AcDbBlockEnd
  0
BLOCK
  5
65E
330
65D
100
AcDbEntity
  8
0
100
AcDbBlockBegin
  2
*D137
 70
     1
 10
0.0
 20
0.0
 30
0.0
  3
*D137
  1

  0
MTEXT
  5
660
330
65D
100
AcDbEntity
  8
!wymiary
100
AcDbMText
 10
7547525.058496179
 20
5784112.388034601
 30
0.0
 40
1.5
 41
0.0
 46
0.0
 71
     5
 72
     1
  1
\A1;- 44 m -
 11
0.9721163500301541
 21
0.2344990447828112
 31
0.0
 73
     1
 44
1.0
 90
        3
 63
     9
421
 13158600
 45
1.1
441
        0
  0
POINT
  5
661
330
65D
100
AcDbEntity
  8
Defpoints
 62
     0
100
AcDbPoint
 10
7547502.852000001
 20
5784111.146000001
 30
0.0
  0
POINT
  5
662
330
65D
100
AcDbEntity
  8
Defpoints
 62
     0
100
AcDbPoint
 10
7547545.389
 20
5784121.407000001
 30
0.0
  0
POINT
  5
663
330
65D
100
AcDbEntity
  8
Defpoints
 62
     0
100
AcDbPoint
 10
7547545.564874283
 20
5784120.677912738
 30
0.0
  0
ENDBLK
  5
65F
330
65D
100
AcDbEntity
  8
0
100
AcDbBlockEnd
  0
BLOCK
  5
666
330
665
100
AcDbEntity
  8
0
100
AcDbBlockBegin
  2
*D138
 70
     1
 10
0.0
 20
0.0
 30
0.0
  3
*D138
  1

  0
MTEXT
  5
668
330
665
100
AcDbEntity
  8
!wymiary
100
AcDbMText
 10
7547568.464631505
 20
5784122.178802888
 30
0.0
 40
1.5
 41
0.0
 46
0.0
 71
     5
 72
     1
  1
\A1;- 45 m -
 11
0.9784208009260844
 21
0.2066222067328673
 31
0.0
 73
     1
 44
1.0
 90
        3
 63
     9
421
 13158600
 45
1.1
441
        0
  0
POINT
  5
669
330
665
100
AcDbEntity
  8
Defpoints
 62
     0
100
AcDbPoint
 10
7547545.389
 20
5784121.407000001
 30
0.0
  0
POINT
  5
66A
330
665
100
AcDbEntity
  8
Defpoints
 62
     0
100
AcDbPoint
 10
7547589.882
 20
5784130.802999999
 30
0.0
  0
POINT
  5
66B
330
665
100
AcDbEntity
  8
Defpoints
 62
     0
100
AcDbPoint
 10
7547590.036966655
 20
5784130.069184398
 30
0.0
  0
ENDBLK
  5
667
330
665
100
AcDbEntity
  8
0
100
AcDbBlockEnd
  0
BLOCK
  5
66E
330
66D
100
AcDbEntity
  8
0
100
AcDbBlockBegin
  2
*D139
 70
     1
 10
0.0
 20
0.0
 30
0.0
  3
*D139
  1

  0
MTEXT
  5
670
330
66D
100
AcDbEntity
  8
!wymiary
100
AcDbMText
 10
7547617.303302356
 20
5784132.095328183
 30
0.0
 40
1.5
 41
0.0
 46
0.0
 71
     5
 72
     1
  1
\A1;- 54 m -
 11
0.9812803337103528
 21
0.1925848038483275
 31
0.0
 73
     1
 44
1.0
 90
        3
 63
     9
421
 13158600
 45
1.1
441
        0
  0
POINT
  5
671
330
66D
100
AcDbEntity
  8
Defpoints
 62
     0
100
AcDbPoint
 10
7547589.882
 20
5784130.802999999
 30
0.0
  0
POINT
  5
672
330
66D
100
AcDbEntity
  8
Defpoints
 62
     0
100
AcDbPoint
 10
7547643.179
 20
5784141.262999999
 30
0.0
  0
POINT
  5
673
330
66D
100
AcDbEntity
  8
Defpoints
 62
     0
100
AcDbPoint
 10
7547643.323438602
 20
5784140.527039749
 30
0.0
  0
ENDBLK
  5
66F
330
66D
100
AcDbEntity
  8
0
100
AcDbBlockEnd
  0
BLOCK
  5
676
330
675
100
AcDbEntity
  8
0
100
AcDbBlockBegin
  2
*D140
 70
     1
 10
0.0
 20
0.0
 30
0.0
  3
*D140
  1

  0
MTEXT
  5
678
330
675
100
AcDbEntity
  8
!wymiary
100
AcDbMText
 10
7547661.118224743
 20
5784142.655061226
 30
0.0
 40
1.5
 41
0.0
 46
0.0
 71
     5
 72
     1
  1
\A1;- 35 m -
 11
0.9545778264707105
 21
0.2979616975560014
 31
0.0
 73
     1
 44
1.0
 90
        3
 63
     9
421
 13158600
 45
1.1
441
        0
  0
POINT
  5
679
330
675
100
AcDbEntity
  8
Defpoints
 62
     0
100
AcDbPoint
 10
7547643.179
 20
5784141.262999999
 30
0.0
  0
POINT
  5
67A
330
675
100
AcDbEntity
  8
Defpoints
 62
     0
100
AcDbPoint
 10
7547676.664
 20
5784151.715
 30
0.0
  0
POINT
  5
67B
330
675
100
AcDbEntity
  8
Defpoints
 62
     0
100
AcDbPoint
 10
7547676.887471273
 20
5784150.999066631
 30
0.0
  0
ENDBLK
  5
677
330
675
100
AcDbEntity
  8
0
100
AcDbBlockEnd
  0
BLOCK
  5
67E
330
67D
100
AcDbEntity
  8
0
100
AcDbBlockBegin
  2
*D141
 70
     1
 10
0.0
 20
0.0
 30
0.0
  3
*D141
  1

  0
MTEXT
  5
680
330
67D
100
AcDbEntity
  8
!wymiary
100
AcDbMText
 10
7547699.828326961
 20
5784152.259876426
 30
0.0
 40
1.5
 41
0.0
 46
0.0
 71
     5
 72
     1
  1
\A1;- 46 m -
 11
0.9805182653702514
 21
0.1964279289594869
 31
0.0
 73
     1
 44
1.0
 90
        3
 63
     9
421
 13158600
 45
1.1
441
        0
  0
POINT
  5
681
330
67D
100
AcDbEntity
  8
Defpoints
 62
     0
100
AcDbPoint
 10
7547676.664
 20
5784151.715
 30
0.0
  0
POINT
  5
682
330
67D
100
AcDbEntity
  8
Defpoints
 62
     0
100
AcDbPoint
 10
7547721.415
 20
5784160.68
 30
0.0
  0
POINT
  5
683
330
67D
100
AcDbEntity
  8
Defpoints
 62
     0
100
AcDbPoint
 10
7547721.562320947
 20
5784159.944611301
 30
0.0
  0
ENDBLK
  5
67F
330
67D
100
AcDbEntity
  8
0
100
AcDbBlockEnd
  0
BLOCK
  5
686
330
685
100
AcDbEntity
  8
0
100
AcDbBlockBegin
  2
*D142
 70
     1
 10
0.0
 20
0.0
 30
0.0
  3
*D142
  1

  0
MTEXT
  5
688
330
685
100
AcDbEntity
  8
!wymiary
100
AcDbMText
 10
7547738.027957402
 20
5784160.058554715
 30
0.0
 40
1.5
 41
0.0
 46
0.0
 71
     5
 72
     1
  1
\A1;- 32 m -
 11
0.9787306025570883
 21
0.205149720005266
 31
0.0
 73
     1
 44
1.0
 90
        3
 63
     9
421
 13158600
 45
1.1
441
        0
  0
POINT
  5
689
330
685
100
AcDbEntity
  8
Defpoints
 62
     0
100
AcDbPoint
 10
7547721.415
 20
5784160.68
 30
0.0
  0
POINT
  5
68A
330
685
100
AcDbEntity
  8
Defpoints
 62
     0
100
AcDbPoint
 10
7547752.993
 20
5784167.299
 30
0.0
  0
POINT
  5
68B
330
685
100
AcDbEntity
  8
Defpoints
 62
     0
100
AcDbPoint
 10
7547753.14686229
 20
5784166.564952048
 30
0.0
  0
ENDBLK
  5
687
330
685
100
AcDbEntity
  8
0
100
AcDbBlockEnd
  0
BLOCK
  5
68E
330
68D
100
AcDbEntity
  8
0
100
AcDbBlockBegin
  2
*D143
 70
     1
 10
0.0
 20
0.0
 30
0.0
  3
*D143
  1

  0
MTEXT
  5
690
330
68D
100
AcDbEntity
  8
!wymiary
100
AcDbMText
 10
7547789.803680819
 20
5784171.841601688
 30
0.0
 40
1.5
 41
0.0
 46
0.0
 71
     5
 72
     1
  1
\A1;- 74 m -
 11
0.9734745780980639
 21
0.2287952049252705
 31
0.0
 73
     1
 44
1.0
 90
        3
 63
     9
421
 13158600
 45
1.1
441
        0
  0
POINT
  5
691
330
68D
100
AcDbEntity
  8
Defpoints
 62
     0
100
AcDbPoint
 10
7547752.993
 20
5784167.299
 30
0.0
  0
POINT
  5
692
330
68D
100
AcDbEntity
  8
Defpoints
 62
     0
100
AcDbPoint
 10
7547824.784
 20
5784184.172
 30
0.0
  0
POINT
  5
693
330
68D
100
AcDbEntity
  8
Defpoints
 62
     0
100
AcDbPoint
 10
7547824.955596403
 20
5784183.441894067
 30
0.0
  0
ENDBLK
  5
68F
330
68D
100
AcDbEntity
  8
0
100
AcDbBlockEnd
  0
BLOCK
  5
696
330
695
100
AcDbEntity
  8
0
100
AcDbBlockBegin
  2
*D144
 70
     1
 10
0.0
 20
0.0
 30
0.0
  3
*D144
  1

  0
MTEXT
  5
698
330
695
100
AcDbEntity
  8
!wymiary
100
AcDbMText
 10
7547846.977856398
 20
5784185.910754847
 30
0.0
 40
1.5
 41
0.0
 46
0.0
 71
     5
 72
     1
  1
\A1;- 44 m -
 11
0.9666862881669694
 21
0.2559640995725125
 31
0.0
 73
     1
 44
1.0
 90
        3
 63
     9
421
 13158600
 45
1.1
441
        0
  0
POINT
  5
699
330
695
100
AcDbEntity
  8
Defpoints
 62
     0
100
AcDbPoint
 10
7547824.784
 20
5784184.172
 30
0.0
  0
POINT
  5
69A
330
695
100
AcDbEntity
  8
Defpoints
 62
     0
100
AcDbPoint
 10
7547867.124
 20
5784195.382999999
 30
0.0
  0
POINT
  5
69B
330
695
100
AcDbEntity
  8
Defpoints
 62
     0
100
AcDbPoint
 10
7547867.315973074
 20
5784194.657985283
 30
0.0
  0
ENDBLK
  5
697
330
695
100
AcDbEntity
  8
0
100
AcDbBlockEnd
  0
BLOCK
  5
69E
330
69D
100
AcDbEntity
  8
0
100
AcDbBlockBegin
  2
*D145
 70
     1
 10
0.0
 20
0.0
 30
0.0
  3
*D145
  1

  0
MTEXT
  5
6A0
330
69D
100
AcDbEntity
  8
!wymiary
100
AcDbMText
 10
7547883.750146721
 20
5784195.091643867
 30
0.0
 40
1.5
 41
0.0
 46
0.0
 71
     5
 72
     1
  1
\A1;- 32 m -
 11
0.9744757286923692
 21
0.2244928822690739
 31
0.0
 73
     1
 44
1.0
 90
        3
 63
     9
421
 13158600
 45
1.1
441
        0
  0
POINT
  5
6A1
330
69D
100
AcDbEntity
  8
Defpoints
 62
     0
100
AcDbPoint
 10
7547867.124
 20
5784195.382999999
 30
0.0
  0
POINT
  5
6A2
330
69D
100
AcDbEntity
  8
Defpoints
 62
     0
100
AcDbPoint
 10
7547898.573
 20
5784202.628
 30
0.0
  0
POINT
  5
6A3
330
69D
100
AcDbEntity
  8
Defpoints
 62
     0
100
AcDbPoint
 10
7547898.741369662
 20
5784201.897143203
 30
0.0
  0
ENDBLK
  5
69F
330
69D
100
AcDbEntity
  8
0
100
AcDbBlockEnd
  0
BLOCK
  5
6A6
330
6A5
100
AcDbEntity
  8
0
100
AcDbBlockBegin
  2
*D146
 70
     1
 10
0.0
 20
0.0
 30
0.0
  3
*D146
  1

  0
MTEXT
  5
6A8
330
6A5
100
AcDbEntity
  8
!wymiary
100
AcDbMText
 10
7547918.378652572
 20
5784202.982767688
 30
0.0
 40
1.5
 41
0.0
 46
0.0
 71
     5
 72
     1
  1
\A1;- 39 m -
 11
0.9754408234178197
 21
0.2202616625969348
 31
0.0
 73
     1
 44
1.0
 90
        3
 63
     9
421
 13158600
 45
1.1
441
        0
  0
POINT
  5
6A9
330
6A5
100
AcDbEntity
  8
Defpoints
 62
     0
100
AcDbPoint
 10
7547898.573
 20
5784202.628
 30
0.0
  0
POINT
  5
6AA
330
6A5
100
AcDbEntity
  8
Defpoints
 62
     0
100
AcDbPoint
 10
7547936.415
 20
5784211.172999999
 30
0.0
  0
POINT
  5
6AB
330
6A5
100
AcDbEntity
  8
Defpoints
 62
     0
100
AcDbPoint
 10
7547936.580196247
 20
5784210.441419382
 30
0.0
  0
ENDBLK
  5
6A7
330
6A5
100
AcDbEntity
  8
0
100
AcDbBlockEnd
  0
BLOCK
  5
6AE
330
6AD
100
AcDbEntity
  8
0
100
AcDbBlockBegin
  2
*D147
 70
     1
 10
0.0
 20
0.0
 30
0.0
  3
*D147
  1

  0
MTEXT
  5
6B0
330
6AD
100
AcDbEntity
  8
!wymiary
100
AcDbMText
 10
7547953.19736109
 20
5784210.882244312
 30
0.0
 40
1.5
 41
0.0
 46
0.0
 71
     5
 72
     1
  1
\A1;- 33 m -
 11
0.9749486814640872
 21
0.2224299182022011
 31
0.0
 73
     1
 44
1.0
 90
        3
 63
     9
421
 13158600
 45
1.1
441
        0
  0
POINT
  5
6B1
330
6AD
100
AcDbEntity
  8
Defpoints
 62
     0
100
AcDbPoint
 10
7547936.415
 20
5784211.172999999
 30
0.0
  0
POINT
  5
6B2
330
6AD
100
AcDbEntity
  8
Defpoints
 62
     0
100
AcDbPoint
 10
7547968.193
 20
5784218.422999999
 30
0.0
  0
POINT
  5
6B3
330
6AD
100
AcDbEntity
  8
Defpoints
 62
     0
100
AcDbPoint
 10
7547968.359822439
 20
5784217.691788488
 30
0.0
  0
ENDBLK
  5
6AF
330
6AD
100
AcDbEntity
  8
0
100
AcDbBlockEnd
  0
BLOCK
  5
6B6
330
6B5
100
AcDbEntity
  8
0
100
AcDbBlockBegin
  2
*D148
 70
     1
 10
0.0
 20
0.0
 30
0.0
  3
*D148
  1

  0
MTEXT
  5
6B8
330
6B5
100
AcDbEntity
  8
!wymiary
100
AcDbMText
 10
7547985.109646226
 20
5784218.202874261
 30
0.0
 40
1.5
 41
0.0
 46
0.0
 71
     5
 72
     1
  1
\A1;- 33 m -
 11
0.9744183650296758
 21
0.2247417404330875
 31
0.0
 73
     1
 44
1.0
 90
        3
 63
     9
421
 13158600
 45
1.1
441
        0
  0
POINT
  5
6B9
330
6B5
100
AcDbEntity
  8
Defpoints
 62
     0
100
AcDbPoint
 10
7547968.193
 20
5784218.422999999
 30
0.0
  0
POINT
  5
6BA
330
6B5
100
AcDbEntity
  8
Defpoints
 62
     0
100
AcDbPoint
 10
7548000.221
 20
5784225.81
 30
0.0
  0
POINT
  5
6BB
330
6B5
100
AcDbEntity
  8
Defpoints
 62
     0
100
AcDbPoint
 10
7548000.389556305
 20
5784225.079186226
 30
0.0
  0
ENDBLK
  5
6B7
330
6B5
100
AcDbEntity
  8
0
100
AcDbBlockEnd
  0
BLOCK
  5
6BE
330
6BD
100
AcDbEntity
  8
0
100
AcDbBlockBegin
  2
*D149
 70
     1
 10
0.0
 20
0.0
 30
0.0
  3
*D149
  1

  0
MTEXT
  5
6C0
330
6BD
100
AcDbEntity
  8
!wymiary
100
AcDbMText
 10
7548025.006090608
 20
5784227.139545367
 30
0.0
 40
1.5
 41
0.0
 46
0.0
 71
     5
 72
     1
  1
\A1;- 49 m -
 11
0.9767410064698374
 21
0.2144224948094045
 31
0.0
 73
     1
 44
1.0
 90
        3
 63
     9
421
 13158600
 45
1.1
441
        0
  0
POINT
  5
6C1
330
6BD
100
AcDbEntity
  8
Defpoints
 62
     0
100
AcDbPoint
 10
7548000.221
 20
5784225.81
 30
0.0
  0
POINT
  5
6C2
330
6BD
100
AcDbEntity
  8
Defpoints
 62
     0
100
AcDbPoint
 10
7548048.069
 20
5784236.313999999
 30
0.0
  0
POINT
  5
6C3
330
6BD
100
AcDbEntity
  8
Defpoints
 62
     0
100
AcDbPoint
 10
7548048.229816871
 20
5784235.581444245
 30
0.0
  0
ENDBLK
  5
6BF
330
6BD
100
AcDbEntity
  8
0
100
AcDbBlockEnd
  0
BLOCK
  5
6C6
330
6C5
100
AcDbEntity
  8
0
100
AcDbBlockBegin
  2
*D150
 70
     1
 10
0.0
 20
0.0
 30
0.0
  3
*D150
  1

  0
MTEXT
  5
6C8
330
6C5
100
AcDbEntity
  8
!wymiary
100
AcDbMText
 10
7548074.251471912
 20
5784238.380998071
 30
0.0
 40
1.5
 41
0.0
 46
0.0
 71
     5
 72
     1
  1
\A1;- 52 m -
 11
0.9731420994841664
 21
0.2302052436664918
 31
0.0
 73
     1
 44
1.0
 90
        3
 63
     9
421
 13158600
 45
1.1
441
        0
  0
POINT
  5
6C9
330
6C5
100
AcDbEntity
  8
Defpoints
 62
     0
100
AcDbPoint
 10
7548048.069
 20
5784236.313999999
 30
0.0
  0
POINT
  5
6CA
330
6C5
100
AcDbEntity
  8
Defpoints
 62
     0
100
AcDbPoint
 10
7548098.585
 20
5784248.264
 30
0.0
  0
POINT
  5
6CB
330
6C5
100
AcDbEntity
  8
Defpoints
 62
     0
100
AcDbPoint
 10
7548098.757653933
 20
5784247.534143425
 30
0.0
  0
ENDBLK
  5
6C7
330
6C5
100
AcDbEntity
  8
0
100
AcDbBlockEnd
  0
BLOCK
  5
6CE
330
6CD
100
AcDbEntity
  8
0
100
AcDbBlockBegin
  2
*D151
 70
     1
 10
0.0
 20
0.0
 30
0.0
  3
*D151
  1

  0
MTEXT
  5
6D0
330
6CD
100
AcDbEntity
  8
!wymiary
100
AcDbMText
 10
7548008.715054263
 20
5784947.663524017
 30
0.0
 40
1.5
 41
0.0
 46
0.0
 71
     5
 72
     1
  1
\A1;- 46 m -
 11
0.4788275409265055
 21
0.8779089850606814
 31
0.0
 73
     1
 44
1.0
 90
        3
 63
     9
421
 13158600
 45
1.1
441
        0
  0
POINT
  5
6D1
330
6CD
100
AcDbEntity
  8
Defpoints
 62
     0
100
AcDbPoint
 10
7547994.107999999
 20
5784929.268999999
 30
0.0
  0
POINT
  5
6D2
330
6CD
100
AcDbEntity
  8
Defpoints
 62
     0
100
AcDbPoint
 10
7548016.270990284
 20
5784969.903856277
 30
0.0
  0
POINT
  5
6D3
330
6CD
100
AcDbEntity
  8
Defpoints
 62
     0
100
AcDbPoint
 10
7548016.929422023
 20
5784969.544735621
 30
0.0
  0
ENDBLK
  5
6CF
330
6CD
100
AcDbEntity
  8
0
100
AcDbBlockEnd
  0
BLOCK
  5
6D6
330
6D5
100
AcDbEntity
  8
0
100
AcDbBlockBegin
  2
*D152
 70
     1
 10
0.0
 20
0.0
 30
0.0
  3
*D152
  1

  0
MTEXT
  5
6D8
330
6D5
100
AcDbEntity
  8
!wymiary
100
AcDbMText
 10
7547664.025841225
 20
5785145.63632019
 30
0.0
 40
1.5
 41
0.0
 46
0.0
 71
     5
 72
     1
  1
\A1;- 24 m -
 11
0.9986535917348003
 21
-0.05187488520645494
 31
0.0
 73
     1
 44
1.0
 90
        3
 63
     9
421
 13158600
 45
1.1
441
        0
  0
POINT
  5
6D9
330
6D5
100
AcDbEntity
  8
Defpoints
 62
     0
100
AcDbPoint
 10
7547652.163
 20
5785150.261
 30
0.0
  0
POINT
  5
6DA
330
6D5
100
AcDbEntity
  8
Defpoints
 62
     0
100
AcDbPoint
 10
7547676.304
 20
5785149.007
 30
0.0
  0
POINT
  5
6DB
330
6D5
100
AcDbEntity
  8
Defpoints
 62
     0
100
AcDbPoint
 10
7547676.265093836
 20
5785148.258009806
 30
0.0
  0
ENDBLK
  5
6D7
330
6D5
100
AcDbEntity
  8
0
100
AcDbBlockEnd
  0
BLOCK
  5
6DE
330
6DD
100
AcDbEntity
  8
0
100
AcDbBlockBegin
  2
*D153
 70
     1
 10
0.0
 20
0.0
 30
0.0
  3
*D153
  1

  0
MTEXT
  5
6E0
330
6DD
100
AcDbEntity
  8
!wymiary
100
AcDbMText
 10
7547698.20017866
 20
5785143.676286136
 30
0.0
 40
1.5
 41
0.0
 46
0.0
 71
     5
 72
     1
  1
\A1;- 44 m -
 11
0.9981784663554366
 21
-0.06033033485990656
 31
0.0
 73
     1
 44
1.0
 90
        3
 63
     9
421
 13158600
 45
1.1
441
        0
  0
POINT
  5
6E1
330
6DD
100
AcDbEntity
  8
Defpoints
 62
     0
100
AcDbPoint
 10
7547676.304
 20
5785149.007
 30
0.0
  0
POINT
  5
6E2
330
6DD
100
AcDbEntity
  8
Defpoints
 62
     0
100
AcDbPoint
 10
7547720.579
 20
5785146.331
 30
0.0
  0
POINT
  5
6E3
330
6DD
100
AcDbEntity
  8
Defpoints
 62
     0
100
AcDbPoint
 10
7547720.533752249
 20
5785145.582366151
 30
0.0
  0
ENDBLK
  5
6DF
330
6DD
100
AcDbEntity
  8
0
100
AcDbBlockEnd
  0
BLOCK
  5
6E6
330
6E5
100
AcDbEntity
  8
0
100
AcDbBlockBegin
  2
*D154
 70
     1
 10
0.0
 20
0.0
 30
0.0
  3
*D154
  1

  0
MTEXT
  5
6E8
330
6E5
100
AcDbEntity
  8
!wymiary
100
AcDbMText
 10
7547740.113307522
 20
5785130.401181983
 30
0.0
 40
1.5
 41
0.0
 46
0.0
 71
     5
 72
     1
  1
\A1;- 50 m -
 11
0.8657718309494479
 21
-0.5004389440625507
 31
0.0
 73
     1
 44
1.0
 90
        3
 63
     9
421
 13158600
 45
1.1
441
        0
  0
POINT
  5
6E9
330
6E5
100
AcDbEntity
  8
Defpoints
 62
     0
100
AcDbPoint
 10
7547720.579
 20
5785146.331
 30
0.0
  0
POINT
  5
6EA
330
6E5
100
AcDbEntity
  8
Defpoints
 62
     0
100
AcDbPoint
 10
7547763.667
 20
5785121.425
 30
0.0
  0
POINT
  5
6EB
330
6E5
100
AcDbEntity
  8
Defpoints
 62
     0
100
AcDbPoint
 10
7547763.291670792
 20
5785120.775671126
 30
0.0
  0
ENDBLK
  5
6E7
330
6E5
100
AcDbEntity
  8
0
100
AcDbBlockEnd
  0
BLOCK
  5
6EE
330
6ED
100
AcDbEntity
  8
0
100
AcDbBlockBegin
  2
*D155
 70
     1
 10
0.0
 20
0.0
 30
0.0
  3
*D155
  1

  0
MTEXT
  5
6F0
330
6ED
100
AcDbEntity
  8
!wymiary
100
AcDbMText
 10
7547782.556362677
 20
5785104.81690524
 30
0.0
 40
1.5
 41
0.0
 46
0.0
 71
     5
 72
     1
  1
\A1;- 50 m -
 11
0.8467912720779677
 21
-0.5319253157470297
 31
0.0
 73
     1
 44
1.0
 90
        3
 63
     9
421
 13158600
 45
1.1
441
        0
  0
POINT
  5
6F1
330
6ED
100
AcDbEntity
  8
Defpoints
 62
     0
100
AcDbPoint
 10
7547763.667
 20
5785121.425
 30
0.0
  0
POINT
  5
6F2
330
6ED
100
AcDbEntity
  8
Defpoints
 62
     0
100
AcDbPoint
 10
7547805.717999999
 20
5785095.01
 30
0.0
  0
POINT
  5
6F3
330
6ED
100
AcDbEntity
  8
Defpoints
 62
     0
100
AcDbPoint
 10
7547805.319056013
 20
5785094.374906546
 30
0.0
  0
ENDBLK
  5
6EF
330
6ED
100
AcDbEntity
  8
0
100
AcDbBlockEnd
  0
BLOCK
  5
6F6
330
6F5
100
AcDbEntity
  8
0
100
AcDbBlockBegin
  2
*D156
 70
     1
 10
0.0
 20
0.0
 30
0.0
  3
*D156
  1

  0
MTEXT
  5
6F8
330
6F5
100
AcDbEntity
  8
!wymiary
100
AcDbMText
 10
7547824.926989768
 20
5785078.595167202
 30
0.0
 40
1.5
 41
0.0
 46
0.0
 71
     5
 72
     1
  1
\A1;- 50 m -
 11
0.8538229019215822
 21
-0.5205635908841572
 31
0.0
 73
     1
 44
1.0
 90
        3
 63
     9
421
 13158600
 45
1.1
441
        0
  0
POINT
  5
6F9
330
6F5
100
AcDbEntity
  8
Defpoints
 62
     0
100
AcDbPoint
 10
7547805.717999999
 20
5785095.01
 30
0.0
  0
POINT
  5
6FA
330
6F5
100
AcDbEntity
  8
Defpoints
 62
     0
100
AcDbPoint
 10
7547848.317000001
 20
5785069.038
 30
0.0
  0
POINT
  5
6FB
330
6F5
100
AcDbEntity
  8
Defpoints
 62
     0
100
AcDbPoint
 10
7547847.926577307
 20
5785068.397632822
 30
0.0
  0
ENDBLK
  5
6F7
330
6F5
100
AcDbEntity
  8
0
100
AcDbBlockEnd
  0
BLOCK
  5
6FE
330
6FD
100
AcDbEntity
  8
0
100
AcDbBlockBegin
  2
*D157
 70
     1
 10
0.0
 20
0.0
 30
0.0
  3
*D157
  1

  0
MTEXT
  5
700
330
6FD
100
AcDbEntity
  8
!wymiary
100
AcDbMText
 10
7547867.065038724
 20
5785053.111520167
 30
0.0
 40
1.5
 41
0.0
 46
0.0
 71
     5
 72
     1
  1
\A1;- 49 m -
 11
0.8575947064800949
 21
-0.5143260827697931
 31
0.0
 73
     1
 44
1.0
 90
        3
 63
     9
421
 13158600
 45
1.1
441
        0
  0
POINT
  5
701
330
6FD
100
AcDbEntity
  8
Defpoints
 62
     0
100
AcDbPoint
 10
7547848.317000001
 20
5785069.038
 30
0.0
  0
POINT
  5
702
330
6FD
100
AcDbEntity
  8
Defpoints
 62
     0
100
AcDbPoint
 10
7547889.944
 20
5785044.073
 30
0.0
  0
POINT
  5
703
330
6FD
100
AcDbEntity
  8
Defpoints
 62
     0
100
AcDbPoint
 10
7547889.558255438
 20
5785043.42980397
 30
0.0
  0
ENDBLK
  5
6FF
330
6FD
100
AcDbEntity
  8
0
100
AcDbBlockEnd
  0
BLOCK
  5
706
330
705
100
AcDbEntity
  8
0
100
AcDbBlockBegin
  2
*D158
 70
     1
 10
0.0
 20
0.0
 30
0.0
  3
*D158
  1

  0
MTEXT
  5
708
330
705
100
AcDbEntity
  8
!wymiary
100
AcDbMText
 10
7547909.106720952
 20
5785028.409982576
 30
0.0
 40
1.5
 41
0.0
 46
0.0
 71
     5
 72
     1
  1
\A1;- 49 m -
 11
0.8666930020347986
 21
-0.498841899026043
 31
0.0
 73
     1
 44
1.0
 90
        3
 63
     9
421
 13158600
 45
1.1
441
        0
  0
POINT
  5
709
330
705
100
AcDbEntity
  8
Defpoints
 62
     0
100
AcDbPoint
 10
7547889.944
 20
5785044.073
 30
0.0
  0
POINT
  5
70A
330
705
100
AcDbEntity
  8
Defpoints
 62
     0
100
AcDbPoint
 10
7547932.275999844
 20
5785019.707999772
 30
0.0
  0
POINT
  5
70B
330
705
100
AcDbEntity
  8
Defpoints
 62
     0
100
AcDbPoint
 10
7547931.90186842
 20
5785019.057980021
 30
0.0
  0
ENDBLK
  5
707
330
705
100
AcDbEntity
  8
0
100
AcDbBlockEnd
  0
BLOCK
  5
70E
330
70D
100
AcDbEntity
  8
0
100
AcDbBlockBegin
  2
*D159
 70
     1
 10
0.0
 20
0.0
 30
0.0
  3
*D159
  1

  0
MTEXT
  5
710
330
70D
100
AcDbEntity
  8
!wymiary
100
AcDbMText
 10
7547952.971438427
 20
5785002.569486885
 30
0.0
 40
1.5
 41
0.0
 46
0.0
 71
     5
 72
     1
  1
\A1;- 53 m -
 11
0.8568712733809438
 21
-0.5155304267010046
 31
0.0
 73
     1
 44
1.0
 90
        3
 63
     9
421
 13158600
 45
1.1
441
        0
  0
POINT
  5
711
330
70D
100
AcDbEntity
  8
Defpoints
 62
     0
100
AcDbPoint
 10
7547932.275999844
 20
5785019.707999772
 30
0.0
  0
POINT
  5
712
330
70D
100
AcDbEntity
  8
Defpoints
 62
     0
100
AcDbPoint
 10
7547977.807999999
 20
5784992.313999999
 30
0.0
  0
POINT
  5
713
330
70D
100
AcDbEntity
  8
Defpoints
 62
     0
100
AcDbPoint
 10
7547977.42135218
 20
5784991.671346544
 30
0.0
  0
ENDBLK
  5
70F
330
70D
100
AcDbEntity
  8
0
100
AcDbBlockEnd
  0
BLOCK
  5
716
330
715
100
AcDbEntity
  8
0
100
AcDbBlockBegin
  2
*D160
 70
     1
 10
0.0
 20
0.0
 30
0.0
  3
*D160
  1

  0
MTEXT
  5
718
330
715
100
AcDbEntity
  8
!wymiary
100
AcDbMText
 10
7547995.019355942
 20
5784977.641721708
 30
0.0
 40
1.5
 41
0.0
 46
0.0
 71
     5
 72
     1
  1
\A1;- 45 m -
 11
0.8640388639473532
 21
-0.5034251102086261
 31
0.0
 73
     1
 44
1.0
 90
        3
 63
     9
421
 13158600
 45
1.1
441
        0
  0
POINT
  5
719
330
715
100
AcDbEntity
  8
Defpoints
 62
     0
100
AcDbPoint
 10
7547977.807999999
 20
5784992.313999999
 30
0.0
  0
POINT
  5
71A
330
715
100
AcDbEntity
  8
Defpoints
 62
     0
100
AcDbPoint
 10
7548016.270990284
 20
5784969.903856277
 30
0.0
  0
POINT
  5
71B
330
715
100
AcDbEntity
  8
Defpoints
 62
     0
100
AcDbPoint
 10
7548015.893421452
 20
5784969.255827128
 30
0.0
  0
ENDBLK
  5
717
330
715
100
AcDbEntity
  8
0
100
AcDbBlockEnd
  0
BLOCK
  5
71E
330
71D
100
AcDbEntity
  8
0
100
AcDbBlockBegin
  2
*D161
 70
     1
 10
0.0
 20
0.0
 30
0.0
  3
*D161
  1

  0
MTEXT
  5
720
330
71D
100
AcDbEntity
  8
!wymiary
100
AcDbMText
 10
7548038.095244254
 20
5784956.28265664
 30
0.0
 40
1.5
 41
0.0
 46
0.0
 71
     5
 72
     1
  1
\A1;- 51 m -
 11
0.9205800957544339
 21
-0.3905538212599606
 31
0.0
 73
     1
 44
1.0
 90
        3
 63
     9
421
 13158600
 45
1.1
441
        0
  0
POINT
  5
721
330
71D
100
AcDbEntity
  8
Defpoints
 62
     0
100
AcDbPoint
 10
7548016.270990284
 20
5784969.903856277
 30
0.0
  0
POINT
  5
722
330
71D
100
AcDbEntity
  8
Defpoints
 62
     0
100
AcDbPoint
 10
7548063.056316756
 20
5784950.055297616
 30
0.0
  0
POINT
  5
723
330
71D
100
AcDbEntity
  8
Defpoints
 62
     0
100
AcDbPoint
 10
7548062.76340139
 20
5784949.364862544
 30
0.0
  0
ENDBLK
  5
71F
330
71D
100
AcDbEntity
  8
0
100
AcDbBlockEnd
  0
BLOCK
  5
726
330
725
100
AcDbEntity
  8
0
100
AcDbBlockBegin
  2
*D162
 70
     1
 10
0.0
 20
0.0
 30
0.0
  3
*D162
  1

  0
MTEXT
  5
728
330
725
100
AcDbEntity
  8
!wymiary
100
AcDbMText
 10
7548079.849419334
 20
5784931.73720552
 30
0.0
 40
1.5
 41
0.0
 46
0.0
 71
     5
 72
     1
  1
\A1;- 49 m -
 11
0.7859944553964453
 21
-0.6182335449375465
 31
0.0
 73
     1
 44
1.0
 90
        3
 63
     9
421
 13158600
 45
1.1
441
        0
  0
POINT
  5
729
330
725
100
AcDbEntity
  8
Defpoints
 62
     0
100
AcDbPoint
 10
7548063.056316756
 20
5784950.055297616
 30
0.0
  0
POINT
  5
72A
330
725
100
AcDbEntity
  8
Defpoints
 62
     0
100
AcDbPoint
 10
7548101.607999999
 20
5784919.732000001
 30
0.0
  0
POINT
  5
72B
330
725
100
AcDbEntity
  8
Defpoints
 62
     0
100
AcDbPoint
 10
7548101.14432484
 20
5784919.142504158
 30
0.0
  0
ENDBLK
  5
727
330
725
100
AcDbEntity
  8
0
100
AcDbBlockEnd
  0
BLOCK
  5
72E
330
72D
100
AcDbEntity
  8
0
100
AcDbBlockBegin
  2
*D163
 70
     1
 10
0.0
 20
0.0
 30
0.0
  3
*D163
  1

  0
MTEXT
  5
730
330
72D
100
AcDbEntity
  8
!wymiary
100
AcDbMText
 10
7548124.713735744
 20
5784909.112524232
 30
0.0
 40
1.5
 41
0.0
 46
0.0
 71
     5
 72
     1
  1
\A1;- 50 m -
 11
0.9631750772494881
 21
-0.268875009187248
 31
0.0
 73
     1
 44
1.0
 90
        3
 63
     9
421
 13158600
 45
1.1
441
        0
  0
POINT
  5
731
330
72D
100
AcDbEntity
  8
Defpoints
 62
     0
100
AcDbPoint
 10
7548101.607999999
 20
5784919.732000001
 30
0.0
  0
POINT
  5
732
330
72D
100
AcDbEntity
  8
Defpoints
 62
     0
100
AcDbPoint
 10
7548149.978999999
 20
5784906.228999999
 30
0.0
  0
POINT
  5
733
330
72D
100
AcDbEntity
  8
Defpoints
 62
     0
100
AcDbPoint
 10
7548149.777343743
 20
5784905.506618691
 30
0.0
  0
ENDBLK
  5
72F
330
72D
100
AcDbEntity
  8
0
100
AcDbBlockEnd
  0
BLOCK
  5
736
330
735
100
AcDbEntity
  8
0
100
AcDbBlockBegin
  2
*D164
 70
     1
 10
0.0
 20
0.0
 30
0.0
  3
*D164
  1

  0
MTEXT
  5
738
330
735
100
AcDbEntity
  8
!wymiary
100
AcDbMText
 10
7548172.938900178
 20
5784895.109704084
 30
0.0
 40
1.5
 41
0.0
 46
0.0
 71
     5
 72
     1
  1
\A1;- 50 m -
 11
0.9574030000254888
 21
-0.2887550788162765
 31
0.0
 73
     1
 44
1.0
 90
        3
 63
     9
421
 13158600
 45
1.1
441
        0
  0
POINT
  5
739
330
735
100
AcDbEntity
  8
Defpoints
 62
     0
100
AcDbPoint
 10
7548149.978999999
 20
5784906.228999999
 30
0.0
  0
POINT
  5
73A
330
735
100
AcDbEntity
  8
Defpoints
 62
     0
100
AcDbPoint
 10
7548198.217999999
 20
5784891.68
 30
0.0
  0
POINT
  5
73B
330
735
100
AcDbEntity
  8
Defpoints
 62
     0
100
AcDbPoint
 10
7548198.00143369
 20
5784890.961947749
 30
0.0
  0
ENDBLK
  5
737
330
735
100
AcDbEntity
  8
0
100
AcDbBlockEnd
  0
BLOCK
  5
73E
330
73D
100
AcDbEntity
  8
0
100
AcDbBlockBegin
  2
*D165
 70
     1
 10
0.0
 20
0.0
 30
0.0
  3
*D165
  1

  0
MTEXT
  5
740
330
73D
100
AcDbEntity
  8
!wymiary
100
AcDbMText
 10
7548220.105415387
 20
5784881.529447648
 30
0.0
 40
1.5
 41
0.0
 46
0.0
 71
     5
 72
     1
  1
\A1;- 48 m -
 11
0.9645637178781523
 21
-0.2638500220827668
 31
0.0
 73
     1
 44
1.0
 90
        3
 63
     9
421
 13158600
 45
1.1
441
        0
  0
POINT
  5
741
330
73D
100
AcDbEntity
  8
Defpoints
 62
     0
100
AcDbPoint
 10
7548198.217999999
 20
5784891.68
 30
0.0
  0
POINT
  5
742
330
73D
100
AcDbEntity
  8
Defpoints
 62
     0
100
AcDbPoint
 10
7548244.112000001
 20
5784879.126
 30
0.0
  0
POINT
  5
743
330
73D
100
AcDbEntity
  8
Defpoints
 62
     0
100
AcDbPoint
 10
7548243.914112484
 20
5784878.402577212
 30
0.0
  0
ENDBLK
  5
73F
330
73D
100
AcDbEntity
  8
0
100
AcDbBlockEnd
  0
BLOCK
  5
746
330
745
100
AcDbEntity
  8
0
100
AcDbBlockBegin
  2
*D166
 70
     1
 10
0.0
 20
0.0
 30
0.0
  3
*D166
  1

  0
MTEXT
  5
748
330
745
100
AcDbEntity
  8
!wymiary
100
AcDbMText
 10
7548267.041484951
 20
5784868.684202283
 30
0.0
 40
1.5
 41
0.0
 46
0.0
 71
     5
 72
     1
  1
\A1;- 50 m -
 11
0.9645003105094887
 21
-0.2640817127843195
 31
0.0
 73
     1
 44
1.0
 90
        3
 63
     9
421
 13158600
 45
1.1
441
        0
  0
POINT
  5
749
330
745
100
AcDbEntity
  8
Defpoints
 62
     0
100
AcDbPoint
 10
7548244.112000001
 20
5784879.126
 30
0.0
  0
POINT
  5
74A
330
745
100
AcDbEntity
  8
Defpoints
 62
     0
100
AcDbPoint
 10
7548292.092
 20
5784865.989
 30
0.0
  0
POINT
  5
74B
330
745
100
AcDbEntity
  8
Defpoints
 62
     0
100
AcDbPoint
 10
7548291.893938716
 20
5784865.265624767
 30
0.0
  0
ENDBLK
  5
747
330
745
100
AcDbEntity
  8
0
100
AcDbBlockEnd
  0
BLOCK
  5
74E
330
74D
100
AcDbEntity
  8
0
100
AcDbBlockBegin
  2
*D167
 70
     1
 10
0.0
 20
0.0
 30
0.0
  3
*D167
  1

  0
MTEXT
  5
750
330
74D
100
AcDbEntity
  8
!wymiary
100
AcDbMText
 10
7548304.782631147
 20
5784844.616705352
 30
0.0
 40
1.5
 41
0.0
 46
0.0
 71
     5
 72
     1
  1
\A1;- 49 m -
 11
0.642775141603756
 21
-0.7660549049097404
 31
0.0
 73
     1
 44
1.0
 90
        3
 63
     9
421
 13158600
 45
1.1
441
        0
  0
POINT
  5
751
330
74D
100
AcDbEntity
  8
Defpoints
 62
     0
100
AcDbPoint
 10
7548292.092
 20
5784865.989
 30
0.0
  0
POINT
  5
752
330
74D
100
AcDbEntity
  8
Defpoints
 62
     0
100
AcDbPoint
 10
7548323.626
 20
5784828.407000001
 30
0.0
  0
POINT
  5
753
330
74D
100
AcDbEntity
  8
Defpoints
 62
     0
100
AcDbPoint
 10
7548323.051458822
 20
5784827.924918644
 30
0.0
  0
ENDBLK
  5
74F
330
74D
100
AcDbEntity
  8
0
100
AcDbBlockEnd
  0
BLOCK
  5
756
330
755
100
AcDbEntity
  8
0
100
AcDbBlockBegin
  2
*D168
 70
     1
 10
0.0
 20
0.0
 30
0.0
  3
*D168
  1

  0
MTEXT
  5
758
330
755
100
AcDbEntity
  8
!wymiary
100
AcDbMText
 10
7548336.845869781
 20
5784807.237055814
 30
0.0
 40
1.5
 41
0.0
 46
0.0
 71
     5
 72
     1
  1
\A1;- 49 m -
 11
0.6592472167445496
 21
-0.7519262644798126
 31
0.0
 73
     1
 44
1.0
 90
        3
 63
     9
421
 13158600
 45
1.1
441
        0
  0
POINT
  5
759
330
755
100
AcDbEntity
  8
Defpoints
 62
     0
100
AcDbPoint
 10
7548323.626
 20
5784828.407000001
 30
0.0
  0
POINT
  5
75A
330
755
100
AcDbEntity
  8
Defpoints
 62
     0
100
AcDbPoint
 10
7548356.105
 20
5784791.362000001
 30
0.0
  0
POINT
  5
75B
330
755
100
AcDbEntity
  8
Defpoints
 62
     0
100
AcDbPoint
 10
7548355.541055302
 20
5784790.867564588
 30
0.0
  0
ENDBLK
  5
757
330
755
100
AcDbEntity
  8
0
100
AcDbBlockEnd
  0
BLOCK
  5
75E
330
75D
100
AcDbEntity
  8
0
100
AcDbBlockBegin
  2
*D169
 70
     1
 10
0.0
 20
0.0
 30
0.0
  3
*D169
  1

  0
MTEXT
  5
760
330
75D
100
AcDbEntity
  8
!wymiary
100
AcDbMText
 10
7548369.422048937
 20
5784770.252728595
 30
0.0
 40
1.5
 41
0.0
 46
0.0
 71
     5
 72
     1
  1
\A1;- 49 m -
 11
0.6626903695569273
 21
-0.7488934998359268
 31
0.0
 73
     1
 44
1.0
 90
        3
 63
     9
421
 13158600
 45
1.1
441
        0
  0
POINT
  5
761
330
75D
100
AcDbEntity
  8
Defpoints
 62
     0
100
AcDbPoint
 10
7548356.105
 20
5784791.362000001
 30
0.0
  0
POINT
  5
762
330
75D
100
AcDbEntity
  8
Defpoints
 62
     0
100
AcDbPoint
 10
7548388.754
 20
5784754.466
 30
0.0
  0
POINT
  5
763
330
75D
100
AcDbEntity
  8
Defpoints
 62
     0
100
AcDbPoint
 10
7548388.192329874
 20
5784753.968982222
 30
0.0
  0
ENDBLK
  5
75F
330
75D
100
AcDbEntity
  8
0
100
AcDbBlockEnd
  0
BLOCK
  5
766
330
765
100
AcDbEntity
  8
0
100
AcDbBlockBegin
  2
*D170
 70
     1
 10
0.0
 20
0.0
 30
0.0
  3
*D170
  1

  0
MTEXT
  5
768
330
765
100
AcDbEntity
  8
!wymiary
100
AcDbMText
 10
7548402.074122987
 20
5784733.291238673
 30
0.0
 40
1.5
 41
0.0
 46
0.0
 71
     5
 72
     1
  1
\A1;- 49 m -
 11
0.6614427966616543
 21
-0.7499956178168039
 31
0.0
 73
     1
 44
1.0
 90
        3
 63
     9
421
 13158600
 45
1.1
441
        0
  0
POINT
  5
769
330
765
100
AcDbEntity
  8
Defpoints
 62
     0
100
AcDbPoint
 10
7548388.754
 20
5784754.466
 30
0.0
  0
POINT
  5
76A
330
765
100
AcDbEntity
  8
Defpoints
 62
     0
100
AcDbPoint
 10
7548421.418
 20
5784717.429
 30
0.0
  0
POINT
  5
76B
330
765
100
AcDbEntity
  8
Defpoints
 62
     0
100
AcDbPoint
 10
7548420.855503286
 20
5784716.932917902
 30
0.0
  0
ENDBLK
  5
767
330
765
100
AcDbEntity
  8
0
100
AcDbBlockEnd
  0
BLOCK
  5
76E
330
76D
100
AcDbEntity
  8
0
100
AcDbBlockBegin
  2
*D171
 70
     1
 10
0.0
 20
0.0
 30
0.0
  3
*D171
  1

  0
MTEXT
  5
770
330
76D
100
AcDbEntity
  8
!wymiary
100
AcDbMText
 10
7548434.748248969
 20
5784696.188137804
 30
0.0
 40
1.5
 41
0.0
 46
0.0
 71
     5
 72
     1
  1
\A1;- 50 m -
 11
0.6603473570207139
 21
-0.750960297269941
 31
0.0
 73
     1
 44
1.0
 90
        3
 63
     9
421
 13158600
 45
1.1
441
        0
  0
POINT
  5
771
330
76D
100
AcDbEntity
  8
Defpoints
 62
     0
100
AcDbPoint
 10
7548421.418
 20
5784717.429
 30
0.0
  0
POINT
  5
772
330
76D
100
AcDbEntity
  8
Defpoints
 62
     0
100
AcDbPoint
 10
7548454.11
 20
5784680.251
 30
0.0
  0
POINT
  5
773
330
76D
100
AcDbEntity
  8
Defpoints
 62
     0
100
AcDbPoint
 10
7548453.546779777
 20
5784679.755739482
 30
0.0
  0
ENDBLK
  5
76F
330
76D
100
AcDbEntity
  8
0
100
AcDbBlockEnd
  0
BLOCK
  5
776
330
775
100
AcDbEntity
  8
0
100
AcDbBlockBegin
  2
*D172
 70
     1
 10
0.0
 20
0.0
 30
0.0
  3
*D172
  1

  0
MTEXT
  5
778
330
775
100
AcDbEntity
  8
!wymiary
100
AcDbMText
 10
7548465.882599008
 20
5784660.670883538
 30
0.0
 40
1.5
 41
0.0
 46
0.0
 71
     5
 72
     1
  1
\A1;- 45 m -
 11
0.6578008130132348
 21
-0.7531919346349425
 31
0.0
 73
     1
 44
1.0
 90
        3
 63
     9
421
 13158600
 45
1.1
441
        0
  0
POINT
  5
779
330
775
100
AcDbEntity
  8
Defpoints
 62
     0
100
AcDbPoint
 10
7548454.11
 20
5784680.251
 30
0.0
  0
POINT
  5
77A
330
775
100
AcDbEntity
  8
Defpoints
 62
     0
100
AcDbPoint
 10
7548483.7
 20
5784646.37
 30
0.0
  0
POINT
  5
77B
330
775
100
AcDbEntity
  8
Defpoints
 62
     0
100
AcDbPoint
 10
7548483.135106049
 20
5784645.87664939
 30
0.0
  0
ENDBLK
  5
777
330
775
100
AcDbEntity
  8
0
100
AcDbBlockEnd
  0
BLOCK
  5
77E
330
77D
100
AcDbEntity
  8
0
100
AcDbBlockBegin
  2
*D173
 70
     1
 10
0.0
 20
0.0
 30
0.0
  3
*D173
  1

  0
MTEXT
  5
780
330
77D
100
AcDbEntity
  8
!wymiary
100
AcDbMText
 10
7548501.567028612
 20
5784621.058403527
 30
0.0
 40
1.5
 41
0.0
 46
0.0
 71
     5
 72
     1
  1
\A1;- 61 m -
 11
0.6777120774435
 21
-0.7353273693309773
 31
0.0
 73
     1
 44
1.0
 90
        3
 63
     9
421
 13158600
 45
1.1
441
        0
  0
POINT
  5
781
330
77D
100
AcDbEntity
  8
Defpoints
 62
     0
100
AcDbPoint
 10
7548483.7
 20
5784646.37
 30
0.0
  0
POINT
  5
782
330
77D
100
AcDbEntity
  8
Defpoints
 62
     0
100
AcDbPoint
 10
7548525.34
 20
5784601.19
 30
0.0
  0
POINT
  5
783
330
77D
100
AcDbEntity
  8
Defpoints
 62
     0
100
AcDbPoint
 10
7548524.788504473
 20
5784600.681715942
 30
0.0
  0
ENDBLK
  5
77F
330
77D
100
AcDbEntity
  8
0
100
AcDbBlockEnd
  0
BLOCK
  5
786
330
785
100
AcDbEntity
  8
0
100
AcDbBlockBegin
  2
*D174
 70
     1
 10
0.0
 20
0.0
 30
0.0
  3
*D174
  1

  0
MTEXT
  5
788
330
785
100
AcDbEntity
  8
!wymiary
100
AcDbMText
 10
7548543.664350794
 20
5784595.078991114
 30
0.0
 40
1.5
 41
0.0
 46
0.0
 71
     5
 72
     1
  1
\A1;- 38 m -
 11
0.9936852966678751
 21
-0.1122030801095818
 31
0.0
 73
     1
 44
1.0
 90
        3
 63
     9
421
 13158600
 45
1.1
441
        0
  0
POINT
  5
789
330
785
100
AcDbEntity
  8
Defpoints
 62
     0
100
AcDbPoint
 10
7548525.34
 20
5784601.19
 30
0.0
  0
POINT
  5
78A
330
785
100
AcDbEntity
  8
Defpoints
 62
     0
100
AcDbPoint
 10
7548562.89
 20
5784596.95
 30
0.0
  0
POINT
  5
78B
330
785
100
AcDbEntity
  8
Defpoints
 62
     0
100
AcDbPoint
 10
7548562.80584769
 20
5784596.204736028
 30
0.0
  0
ENDBLK
  5
787
330
785
100
AcDbEntity
  8
0
100
AcDbBlockEnd
  0
BLOCK
  5
78E
330
78D
100
AcDbEntity
  8
0
100
AcDbBlockBegin
  2
*D175
 70
     1
 10
0.0
 20
0.0
 30
0.0
  3
*D175
  1

  0
MTEXT
  5
790
330
78D
100
AcDbEntity
  8
!wymiary
100
AcDbMText
 10
7548573.959819732
 20
5784578.168121694
 30
0.0
 40
1.5
 41
0.0
 46
0.0
 71
     5
 72
     1
  1
\A1;- 43 m -
 11
0.6577774451716892
 21
-0.7532123423201491
 31
0.0
 73
     1
 44
1.0
 90
        3
 63
     9
421
 13158600
 45
1.1
441
        0
  0
POINT
  5
791
330
78D
100
AcDbEntity
  8
Defpoints
 62
     0
100
AcDbPoint
 10
7548562.89
 20
5784596.95
 30
0.0
  0
POINT
  5
792
330
78D
100
AcDbEntity
  8
Defpoints
 62
     0
100
AcDbPoint
 10
7548591.08
 20
5784564.67
 30
0.0
  0
POINT
  5
793
330
78D
100
AcDbEntity
  8
Defpoints
 62
     0
100
AcDbPoint
 10
7548590.515090743
 20
5784564.176666916
 30
0.0
  0
ENDBLK
  5
78F
330
78D
100
AcDbEntity
  8
0
100
AcDbBlockEnd
  0
BLOCK
  5
796
330
795
100
AcDbEntity
  8
0
100
AcDbBlockBegin
  2
*D176
 70
     1
 10
0.0
 20
0.0
 30
0.0
  3
*D176
  1

  0
MTEXT
  5
798
330
795
100
AcDbEntity
  8
!wymiary
100
AcDbMText
 10
7548596.133399422
 20
5784554.835498472
 30
0.0
 40
1.5
 41
0.0
 46
0.0
 71
     5
 72
     1
  1
\A1;- 21 m -
 11
0.7480513319349805
 21
-0.6636408703435176
 31
0.0
 73
     1
 44
1.0
 90
        3
 63
     9
421
 13158600
 45
1.1
441
        0
  0
POINT
  5
799
330
795
100
AcDbEntity
  8
Defpoints
 62
     0
100
AcDbPoint
 10
7548591.08
 20
5784564.67
 30
0.0
  0
POINT
  5
79A
330
795
100
AcDbEntity
  8
Defpoints
 62
     0
100
AcDbPoint
 10
7548606.5
 20
5784550.99
 30
0.0
  0
POINT
  5
79B
330
795
100
AcDbEntity
  8
Defpoints
 62
     0
100
AcDbPoint
 10
7548606.002269347
 20
5784550.428961501
 30
0.0
  0
ENDBLK
  5
797
330
795
100
AcDbEntity
  8
0
100
AcDbBlockEnd
  0
BLOCK
  5
79E
330
79D
100
AcDbEntity
  8
0
100
AcDbBlockBegin
  2
*D177
 70
     1
 10
0.0
 20
0.0
 30
0.0
  3
*D177
  1

  0
MTEXT
  5
7A0
330
79D
100
AcDbEntity
  8
!wymiary
100
AcDbMText
 10
7553164.748031524
 20
5772538.414260875
 30
0.0
 40
1.5
 41
0.0
 46
0.0
 71
     5
 72
     1
  1
\A1;- 42 m -
 11
0.9806822111676813
 21
0.1956077725942077
 31
0.0
 73
     1
 44
1.0
 90
        3
 63
     9
421
 13158600
 45
1.1
441
        0
  0
POINT
  5
7A1
330
79D
100
AcDbEntity
  8
Defpoints
 62
     0
100
AcDbPoint
 10
7553143.560000001
 20
5772538.27
 30
0.0
  0
POINT
  5
7A2
330
79D
100
AcDbEntity
  8
Defpoints
 62
     0
100
AcDbPoint
 10
7553184.37
 20
5772546.41
 30
0.0
  0
POINT
  5
7A3
330
79D
100
AcDbEntity
  8
Defpoints
 62
     0
100
AcDbPoint
 10
7553184.51670583
 20
5772545.674488341
 30
0.0
  0
ENDBLK
  5
79F
330
79D
100
AcDbEntity
  8
0
100
AcDbBlockEnd
  0
BLOCK
  5
7A6
330
7A5
100
AcDbEntity
  8
0
100
AcDbBlockBegin
  2
*D178
 70
     1
 10
0.0
 20
0.0
 30
0.0
  3
*D178
  1

  0
MTEXT
  5
7A8
330
7A5
100
AcDbEntity
  8
!wymiary
100
AcDbMText
 10
7553195.216941542
 20
5772544.462065136
 30
0.0
 40
1.5
 41
0.0
 46
0.0
 71
     5
 72
     1
  1
\A1;- 21 m -
 11
0.9812307251529433
 21
0.1928374030519734
 31
0.0
 73
     1
 44
1.0
 90
        3
 63
     9
421
 13158600
 45
1.1
441
        0
  0
POINT
  5
7A9
330
7A5
100
AcDbEntity
  8
Defpoints
 62
     0
100
AcDbPoint
 10
7553184.37
 20
5772546.41
 30
0.0
  0
POINT
  5
7AA
330
7A5
100
AcDbEntity
  8
Defpoints
 62
     0
100
AcDbPoint
 10
7553204.52
 20
5772550.37
 30
0.0
  0
POINT
  5
7AB
330
7A5
100
AcDbEntity
  8
Defpoints
 62
     0
100
AcDbPoint
 10
7553204.664628053
 20
5772549.634076957
 30
0.0
  0
ENDBLK
  5
7A7
330
7A5
100
AcDbEntity
  8
0
100
AcDbBlockEnd
  0
BLOCK
  5
7AE
330
7AD
100
AcDbEntity
  8
0
100
AcDbBlockBegin
  2
*D179
 70
     1
 10
0.0
 20
0.0
 30
0.0
  3
*D179
  1

  0
MTEXT
  5
7B0
330
7AD
100
AcDbEntity
  8
!wymiary
100
AcDbMText
 10
7553220.8899653
 20
5772549.57808918
 30
0.0
 40
1.5
 41
0.0
 46
0.0
 71
     5
 72
     1
  1
\A1;- 32 m -
 11
0.9802159073902563
 21
0.1979312378051952
 31
0.0
 73
     1
 44
1.0
 90
        3
 63
     9
421
 13158600
 45
1.1
441
        0
  0
POINT
  5
7B1
330
7AD
100
AcDbEntity
  8
Defpoints
 62
     0
100
AcDbPoint
 10
7553204.52
 20
5772550.37
 30
0.0
  0
POINT
  5
7B2
330
7AD
100
AcDbEntity
  8
Defpoints
 62
     0
100
AcDbPoint
 10
7553235.67
 20
5772556.66
 30
0.0
  0
POINT
  5
7B3
330
7AD
100
AcDbEntity
  8
Defpoints
 62
     0
100
AcDbPoint
 10
7553235.818448428
 20
5772555.92483807
 30
0.0
  0
ENDBLK
  5
7AF
330
7AD
100
AcDbEntity
  8
0
100
AcDbBlockEnd
  0
BLOCK
  5
7B6
330
7B5
100
AcDbEntity
  8
0
100
AcDbBlockBegin
  2
*D180
 70
     1
 10
0.0
 20
0.0
 30
0.0
  3
*D180
  1

  0
MTEXT
  5
7B8
330
7B5
100
AcDbEntity
  8
!wymiary
100
AcDbMText
 10
7553261.674030044
 20
5772557.808422341
 30
0.0
 40
1.5
 41
0.0
 46
0.0
 71
     5
 72
     1
  1
\A1;- 51 m -
 11
0.980257819558461
 21
0.1977235625677727
 31
0.0
 73
     1
 44
1.0
 90
        3
 63
     9
421
 13158600
 45
1.1
441
        0
  0
POINT
  5
7B9
330
7B5
100
AcDbEntity
  8
Defpoints
 62
     0
100
AcDbPoint
 10
7553235.67
 20
5772556.66
 30
0.0
  0
POINT
  5
7BA
330
7B5
100
AcDbEntity
  8
Defpoints
 62
     0
100
AcDbPoint
 10
7553286.090000001
 20
5772566.83
 30
0.0
  0
POINT
  5
7BB
330
7B5
100
AcDbEntity
  8
Defpoints
 62
     0
100
AcDbPoint
 10
7553286.238292673
 20
5772566.094806636
 30
0.0
  0
ENDBLK
  5
7B7
330
7B5
100
AcDbEntity
  8
0
100
AcDbBlockEnd
  0
BLOCK
  5
7BE
330
7BD
100
AcDbEntity
  8
0
100
AcDbBlockBegin
  2
*D181
 70
     1
 10
0.0
 20
0.0
 30
0.0
  3
*D181
  1

  0
MTEXT
  5
7C0
330
7BD
100
AcDbEntity
  8
!wymiary
100
AcDbMText
 10
7553311.843175849
 20
5772567.856248552
 30
0.0
 40
1.5
 41
0.0
 46
0.0
 71
     5
 72
     1
  1
\A1;- 51 m -
 11
0.9807991205049507
 21
0.1950207302230078
 31
0.0
 73
     1
 44
1.0
 90
        3
 63
     9
421
 13158600
 45
1.1
441
        0
  0
POINT
  5
7C1
330
7BD
100
AcDbEntity
  8
Defpoints
 62
     0
100
AcDbPoint
 10
7553286.090000001
 20
5772566.83
 30
0.0
  0
POINT
  5
7C2
330
7BD
100
AcDbEntity
  8
Defpoints
 62
     0
100
AcDbPoint
 10
7553336.03
 20
5772576.760000001
 30
0.0
  0
POINT
  5
7C3
330
7BD
100
AcDbEntity
  8
Defpoints
 62
     0
100
AcDbPoint
 10
7553336.176265548
 20
5772576.02440066
 30
0.0
  0
ENDBLK
  5
7BF
330
7BD
100
AcDbEntity
  8
0
100
AcDbBlockEnd
  0
BLOCK
  5
7C6
330
7C5
100
AcDbEntity
  8
0
100
AcDbBlockBegin
  2
*D182
 70
     1
 10
0.0
 20
0.0
 30
0.0
  3
*D182
  1

  0
MTEXT
  5
7C8
330
7C5
100
AcDbEntity
  8
!wymiary
100
AcDbMText
 10
7553361.196457196
 20
5772577.722904257
 30
0.0
 40
1.5
 41
0.0
 46
0.0
 71
     5
 72
     1
  1
\A1;- 50 m -
 11
0.9803868288552438
 21
0.1970828907012456
 31
0.0
 73
     1
 44
1.0
 90
        3
 63
     9
421
 13158600
 45
1.1
441
        0
  0
POINT
  5
7C9
330
7C5
100
AcDbEntity
  8
Defpoints
 62
     0
100
AcDbPoint
 10
7553336.03
 20
5772576.760000001
 30
0.0
  0
POINT
  5
7CA
330
7C5
100
AcDbEntity
  8
Defpoints
 62
     0
100
AcDbPoint
 10
7553384.78
 20
5772586.56
 30
0.0
  0
POINT
  5
7CB
330
7C5
100
AcDbEntity
  8
Defpoints
 62
     0
100
AcDbPoint
 10
7553384.927812168
 20
5772585.824709878
 30
0.0
  0
ENDBLK
  5
7C7
330
7C5
100
AcDbEntity
  8
0
100
AcDbBlockEnd
  0
BLOCK
  5
7CE
330
7CD
100
AcDbEntity
  8
0
100
AcDbBlockBegin
  2
*D183
 70
     1
 10
0.0
 20
0.0
 30
0.0
  3
*D183
  1

  0
MTEXT
  5
7D0
330
7CD
100
AcDbEntity
  8
!wymiary
100
AcDbMText
 10
7553408.367800227
 20
5772587.063222458
 30
0.0
 40
1.5
 41
0.0
 46
0.0
 71
     5
 72
     1
  1
\A1;- 46 m -
 11
0.9815526563374039
 21
0.1911920051596992
 31
0.0
 73
     1
 44
1.0
 90
        3
 63
     9
421
 13158600
 45
1.1
441
        0
  0
POINT
  5
7D1
330
7CD
100
AcDbEntity
  8
Defpoints
 62
     0
100
AcDbPoint
 10
7553384.78
 20
5772586.56
 30
0.0
  0
POINT
  5
7D2
330
7CD
100
AcDbEntity
  8
Defpoints
 62
     0
100
AcDbPoint
 10
7553430.42
 20
5772595.45
 30
0.0
  0
POINT
  5
7D3
330
7CD
100
AcDbEntity
  8
Defpoints
 62
     0
100
AcDbPoint
 10
7553430.563394004
 20
5772594.713835508
 30
0.0
  0
ENDBLK
  5
7CF
330
7CD
100
AcDbEntity
  8
0
100
AcDbBlockEnd
  0
BLOCK
  5
7D6
330
7D5
100
AcDbEntity
  8
0
100
AcDbBlockBegin
  2
*D184
 70
     1
 10
0.0
 20
0.0
 30
0.0
  3
*D184
  1

  0
MTEXT
  5
7D8
330
7D5
100
AcDbEntity
  8
!wymiary
100
AcDbMText
 10
7553455.758009359
 20
5772596.360224776
 30
0.0
 40
1.5
 41
0.0
 46
0.0
 71
     5
 72
     1
  1
\A1;- 50 m -
 11
0.9810540537879884
 21
0.1937342085078292
 31
0.0
 73
     1
 44
1.0
 90
        3
 63
     9
421
 13158600
 45
1.1
441
        0
  0
POINT
  5
7D9
330
7D5
100
AcDbEntity
  8
Defpoints
 62
     0
100
AcDbPoint
 10
7553430.42
 20
5772595.45
 30
0.0
  0
POINT
  5
7DA
330
7D5
100
AcDbEntity
  8
Defpoints
 62
     0
100
AcDbPoint
 10
7553479.54
 20
5772605.15
 30
0.0
  0
POINT
  5
7DB
330
7D5
100
AcDbEntity
  8
Defpoints
 62
     0
100
AcDbPoint
 10
7553479.685300657
 20
5772604.41420946
 30
0.0
  0
ENDBLK
  5
7D7
330
7D5
100
AcDbEntity
  8
0
100
AcDbBlockEnd
  0
BLOCK
  5
7DE
330
7DD
100
AcDbEntity
  8
0
100
AcDbBlockBegin
  2
*D185
 70
     1
 10
0.0
 20
0.0
 30
0.0
  3
*D185
  1

  0
MTEXT
  5
7E0
330
7DD
100
AcDbEntity
  8
!wymiary
100
AcDbMText
 10
7553508.538635808
 20
5772606.713385309
 30
0.0
 40
1.5
 41
0.0
 46
0.0
 71
     5
 72
     1
  1
\A1;- 58 m -
 11
0.9815121043856679
 21
0.1914000756123618
 31
0.0
 73
     1
 44
1.0
 90
        3
 63
     9
421
 13158600
 45
1.1
441
        0
  0
POINT
  5
7E1
330
7DD
100
AcDbEntity
  8
Defpoints
 62
     0
100
AcDbPoint
 10
7553479.54
 20
5772605.15
 30
0.0
  0
POINT
  5
7E2
330
7DD
100
AcDbEntity
  8
Defpoints
 62
     0
100
AcDbPoint
 10
7553536.0
 20
5772616.16
 30
0.0
  0
POINT
  5
7E3
330
7DD
100
AcDbEntity
  8
Defpoints
 62
     0
100
AcDbPoint
 10
7553536.143550057
 20
5772615.423865922
 30
0.0
  0
ENDBLK
  5
7DF
330
7DD
100
AcDbEntity
  8
0
100
AcDbBlockEnd
  0
BLOCK
  5
7E6
330
7E5
100
AcDbEntity
  8
0
100
AcDbBlockBegin
  2
*D186
 70
     1
 10
0.0
 20
0.0
 30
0.0
  3
*D186
  1

  0
MTEXT
  5
7E8
330
7E5
100
AcDbEntity
  8
!wymiary
100
AcDbMText
 10
7553553.701774801
 20
5772615.533477414
 30
0.0
 40
1.5
 41
0.0
 46
0.0
 71
     5
 72
     1
  1
\A1;- 35 m -
 11
0.9813641491679915
 21
0.1921572447965057
 31
0.0
 73
     1
 44
1.0
 90
        3
 63
     9
421
 13158600
 45
1.1
441
        0
  0
POINT
  5
7E9
330
7E5
100
AcDbEntity
  8
Defpoints
 62
     0
100
AcDbPoint
 10
7553536.0
 20
5772616.16
 30
0.0
  0
POINT
  5
7EA
330
7E5
100
AcDbEntity
  8
Defpoints
 62
     0
100
AcDbPoint
 10
7553569.86
 20
5772622.79
 30
0.0
  0
POINT
  5
7EB
330
7E5
100
AcDbEntity
  8
Defpoints
 62
     0
100
AcDbPoint
 10
7553570.004117934
 20
5772622.053976888
 30
0.0
  0
ENDBLK
  5
7E7
330
7E5
100
AcDbEntity
  8
0
100
AcDbBlockEnd
  0
BLOCK
  5
7EE
330
7ED
100
AcDbEntity
  8
0
100
AcDbBlockBegin
  2
*D187
 70
     1
 10
0.0
 20
0.0
 30
0.0
  3
*D187
  1

  0
MTEXT
  5
7F0
330
7ED
100
AcDbEntity
  8
!wymiary
100
AcDbMText
 10
7553589.112629541
 20
5772622.739826215
 30
0.0
 40
1.5
 41
0.0
 46
0.0
 71
     5
 72
     1
  1
\A1;- 38 m -
 11
0.9785385136492039
 21
0.2060640126397793
 31
0.0
 73
     1
 44
1.0
 90
        3
 63
     9
421
 13158600
 45
1.1
441
        0
  0
POINT
  5
7F1
330
7ED
100
AcDbEntity
  8
Defpoints
 62
     0
100
AcDbPoint
 10
7553569.86
 20
5772622.79
 30
0.0
  0
POINT
  5
7F2
330
7ED
100
AcDbEntity
  8
Defpoints
 62
     0
100
AcDbPoint
 10
7553606.71
 20
5772630.55
 30
0.0
  0
POINT
  5
7F3
330
7ED
100
AcDbEntity
  8
Defpoints
 62
     0
100
AcDbPoint
 10
7553606.86454801
 20
5772629.816096115
 30
0.0
  0
ENDBLK
  5
7EF
330
7ED
100
AcDbEntity
  8
0
100
AcDbBlockEnd
  0
BLOCK
  5
7F6
330
7F5
100
AcDbEntity
  8
0
100
AcDbBlockBegin
  2
*D188
 70
     1
 10
0.0
 20
0.0
 30
0.0
  3
*D188
  1

  0
MTEXT
  5
7F8
330
7F5
100
AcDbEntity
  8
!wymiary
100
AcDbMText
 10
7553623.293110101
 20
5772629.897833613
 30
0.0
 40
1.5
 41
0.0
 46
0.0
 71
     5
 72
     1
  1
\A1;- 32 m -
 11
0.9790346337514949
 21
0.2036938534052425
 31
0.0
 73
     1
 44
1.0
 90
        3
 63
     9
421
 13158600
 45
1.1
441
        0
  0
POINT
  5
7F9
330
7F5
100
AcDbEntity
  8
Defpoints
 62
     0
100
AcDbPoint
 10
7553606.71
 20
5772630.55
 30
0.0
  0
POINT
  5
7FA
330
7F5
100
AcDbEntity
  8
Defpoints
 62
     0
100
AcDbPoint
 10
7553638.24
 20
5772637.11
 30
0.0
  0
POINT
  5
7FB
330
7F5
100
AcDbEntity
  8
Defpoints
 62
     0
100
AcDbPoint
 10
7553638.39277039
 20
5772636.375724025
 30
0.0
  0
ENDBLK
  5
7F7
330
7F5
100
AcDbEntity
  8
0
100
AcDbBlockEnd
  0
BLOCK
  5
7FE
330
7FD
100
AcDbEntity
  8
0
100
AcDbBlockBegin
  2
*D189
 70
     1
 10
0.0
 20
0.0
 30
0.0
  3
*D189
  1

  0
MTEXT
  5
800
330
7FD
100
AcDbEntity
  8
!wymiary
100
AcDbMText
 10
7553660.894997744
 20
5772637.85611333
 30
0.0
 40
1.5
 41
0.0
 46
0.0
 71
     5
 72
     1
  1
\A1;- 45 m -
 11
0.9778450317091305
 21
0.2093301076333019
 31
0.0
 73
     1
 44
1.0
 90
        3
 63
     9
421
 13158600
 45
1.1
441
        0
  0
POINT
  5
801
330
7FD
100
AcDbEntity
  8
Defpoints
 62
     0
100
AcDbPoint
 10
7553638.24
 20
5772637.11
 30
0.0
  0
POINT
  5
802
330
7FD
100
AcDbEntity
  8
Defpoints
 62
     0
100
AcDbPoint
 10
7553681.87
 20
5772646.45
 30
0.0
  0
POINT
  5
803
330
7FD
100
AcDbEntity
  8
Defpoints
 62
     0
100
AcDbPoint
 10
7553682.026997581
 20
5772645.716616226
 30
0.0
  0
ENDBLK
  5
7FF
330
7FD
100
AcDbEntity
  8
0
100
AcDbBlockEnd
  0
BLOCK
  5
806
330
805
100
AcDbEntity
  8
0
100
AcDbBlockBegin
  2
*D190
 70
     1
 10
0.0
 20
0.0
 30
0.0
  3
*D190
  1

  0
MTEXT
  5
808
330
805
100
AcDbEntity
  8
!wymiary
100
AcDbMText
 10
7553694.094893053
 20
5772644.901018078
 30
0.0
 40
1.5
 41
0.0
 46
0.0
 71
     5
 72
     1
  1
\A1;- 23 m -
 11
0.9788642144677924
 21
0.204511245740551
 31
0.0
 73
     1
 44
1.0
 90
        3
 63
     9
421
 13158600
 45
1.1
441
        0
  0
POINT
  5
809
330
805
100
AcDbEntity
  8
Defpoints
 62
     0
100
AcDbPoint
 10
7553681.87
 20
5772646.45
 30
0.0
  0
POINT
  5
80A
330
805
100
AcDbEntity
  8
Defpoints
 62
     0
100
AcDbPoint
 10
7553704.677
 20
5772651.215
 30
0.0
  0
POINT
  5
80B
330
805
100
AcDbEntity
  8
Defpoints
 62
     0
100
AcDbPoint
 10
7553704.830383435
 20
5772650.480851838
 30
0.0
  0
ENDBLK
  5
807
330
805
100
AcDbEntity
  8
0
100
AcDbBlockEnd
  0
BLOCK
  5
80E
330
80D
100
AcDbEntity
  8
0
100
AcDbBlockBegin
  2
*D191
 70
     1
 10
0.0
 20
0.0
 30
0.0
  3
*D191
  1

  0
MTEXT
  5
810
330
80D
100
AcDbEntity
  8
!wymiary
100
AcDbMText
 10
7553727.720363584
 20
5772651.789626847
 30
0.0
 40
1.5
 41
0.0
 46
0.0
 71
     5
 72
     1
  1
\A1;- 45 m -
 11
0.9800844917076528
 21
0.1985809384461454
 31
0.0
 73
     1
 44
1.0
 90
        3
 63
     9
421
 13158600
 45
1.1
441
        0
  0
POINT
  5
811
330
80D
100
AcDbEntity
  8
Defpoints
 62
     0
100
AcDbPoint
 10
7553704.677
 20
5772651.215
 30
0.0
  0
POINT
  5
812
330
80D
100
AcDbEntity
  8
Defpoints
 62
     0
100
AcDbPoint
 10
7553749.17
 20
5772660.230000001
 30
0.0
  0
POINT
  5
813
330
80D
100
AcDbEntity
  8
Defpoints
 62
     0
100
AcDbPoint
 10
7553749.318935703
 20
5772659.494936632
 30
0.0
  0
ENDBLK
  5
80F
330
80D
100
AcDbEntity
  8
0
100
AcDbBlockEnd
  0
BLOCK
  5
816
330
815
100
AcDbEntity
  8
0
100
AcDbBlockBegin
  2
*D192
 70
     1
 10
0.0
 20
0.0
 30
0.0
  3
*D192
  1

  0
MTEXT
  5
818
330
815
100
AcDbEntity
  8
!wymiary
100
AcDbMText
 10
7553780.760886542
 20
5772662.64133763
 30
0.0
 40
1.5
 41
0.0
 46
0.0
 71
     5
 72
     1
  1
\A1;- 63 m -
 11
0.9794071053530294
 21
0.2018953243242642
 31
0.0
 73
     1
 44
1.0
 90
        3
 63
     9
421
 13158600
 45
1.1
441
        0
  0
POINT
  5
819
330
815
100
AcDbEntity
  8
Defpoints
 62
     0
100
AcDbPoint
 10
7553749.17
 20
5772660.230000001
 30
0.0
  0
POINT
  5
81A
330
815
100
AcDbEntity
  8
Defpoints
 62
     0
100
AcDbPoint
 10
7553810.73
 20
5772672.92
 30
0.0
  0
POINT
  5
81B
330
815
100
AcDbEntity
  8
Defpoints
 62
     0
100
AcDbPoint
 10
7553810.881421493
 20
5772672.185444672
 30
0.0
  0
ENDBLK
  5
817
330
815
100
AcDbEntity
  8
0
100
AcDbBlockEnd
  0
BLOCK
  5
81E
330
81D
100
AcDbEntity
  8
0
100
AcDbBlockBegin
  2
*D193
 70
     1
 10
0.0
 20
0.0
 30
0.0
  3
*D193
  1

  0
MTEXT
  5
820
330
81D
100
AcDbEntity
  8
!wymiary
100
AcDbMText
 10
7553836.138729638
 20
5772673.881358707
 30
0.0
 40
1.5
 41
0.0
 46
0.0
 71
     5
 72
     1
  1
\A1;- 50 m -
 11
0.9807716904667765
 21
0.1951586308082262
 31
0.0
 73
     1
 44
1.0
 90
        3
 63
     9
421
 13158600
 45
1.1
441
        0
  0
POINT
  5
821
330
81D
100
AcDbEntity
  8
Defpoints
 62
     0
100
AcDbPoint
 10
7553810.73
 20
5772672.92
 30
0.0
  0
POINT
  5
822
330
81D
100
AcDbEntity
  8
Defpoints
 62
     0
100
AcDbPoint
 10
7553859.98
 20
5772682.720000001
 30
0.0
  0
POINT
  5
823
330
81D
100
AcDbEntity
  8
Defpoints
 62
     0
100
AcDbPoint
 10
7553860.126368973
 20
5772681.984421233
 30
0.0
  0
ENDBLK
  5
81F
330
81D
100
AcDbEntity
  8
0
100
AcDbBlockEnd
  0
BLOCK
  5
826
330
825
100
AcDbEntity
  8
0
100
AcDbBlockBegin
  2
*D194
 70
     1
 10
0.0
 20
0.0
 30
0.0
  3
*D194
  1

  0
MTEXT
  5
828
330
825
100
AcDbEntity
  8
!wymiary
100
AcDbMText
 10
7553885.123439789
 20
5772683.884468956
 30
0.0
 40
1.5
 41
0.0
 46
0.0
 71
     5
 72
     1
  1
\A1;- 50 m -
 11
0.9787521356895996
 21
0.205046962628193
 31
0.0
 73
     1
 44
1.0
 90
        3
 63
     9
421
 13158600
 45
1.1
441
        0
  0
POINT
  5
829
330
825
100
AcDbEntity
  8
Defpoints
 62
     0
100
AcDbPoint
 10
7553859.98
 20
5772682.720000001
 30
0.0
  0
POINT
  5
82A
330
825
100
AcDbEntity
  8
Defpoints
 62
     0
100
AcDbPoint
 10
7553908.62
 20
5772692.91
 30
0.0
  0
POINT
  5
82B
330
825
100
AcDbEntity
  8
Defpoints
 62
     0
100
AcDbPoint
 10
7553908.773785222
 20
5772692.175935898
 30
0.0
  0
ENDBLK
  5
827
330
825
100
AcDbEntity
  8
0
100
AcDbBlockEnd
  0
BLOCK
  5
82E
330
82D
100
AcDbEntity
  8
0
100
AcDbBlockBegin
  2
*D195
 70
     1
 10
0.0
 20
0.0
 30
0.0
  3
*D195
  1

  0
MTEXT
  5
830
330
82D
100
AcDbEntity
  8
!wymiary
100
AcDbMText
 10
7553929.123937913
 20
5772692.818444232
 30
0.0
 40
1.5
 41
0.0
 46
0.0
 71
     5
 72
     1
  1
\A1;- 40 m -
 11
0.9814974315843816
 21
0.1914753033507516
 31
0.0
 73
     1
 44
1.0
 90
        3
 63
     9
421
 13158600
 45
1.1
441
        0
  0
POINT
  5
831
330
82D
100
AcDbEntity
  8
Defpoints
 62
     0
100
AcDbPoint
 10
7553908.62
 20
5772692.91
 30
0.0
  0
POINT
  5
832
330
82D
100
AcDbEntity
  8
Defpoints
 62
     0
100
AcDbPoint
 10
7553948.090000001
 20
5772700.61
 30
0.0
  0
POINT
  5
833
330
82D
100
AcDbEntity
  8
Defpoints
 62
     0
100
AcDbPoint
 10
7553948.233606478
 20
5772699.873876926
 30
0.0
  0
ENDBLK
  5
82F
330
82D
100
AcDbEntity
  8
0
100
AcDbBlockEnd
  0
BLOCK
  5
836
330
835
100
AcDbEntity
  8
0
100
AcDbBlockBegin
  2
*D196
 70
     1
 10
0.0
 20
0.0
 30
0.0
  3
*D196
  1

  0
MTEXT
  5
838
330
835
100
AcDbEntity
  8
!wymiary
100
AcDbMText
 10
7553972.153552728
 20
5772701.430521267
 30
0.0
 40
1.5
 41
0.0
 46
0.0
 71
     5
 72
     1
  1
\A1;- 47 m -
 11
0.9798696833650071
 21
0.1996381817743305
 31
0.0
 73
     1
 44
1.0
 90
        3
 63
     9
421
 13158600
 45
1.1
441
        0
  0
POINT
  5
839
330
835
100
AcDbEntity
  8
Defpoints
 62
     0
100
AcDbPoint
 10
7553948.090000001
 20
5772700.61
 30
0.0
  0
POINT
  5
83A
330
835
100
AcDbEntity
  8
Defpoints
 62
     0
100
AcDbPoint
 10
7553994.62
 20
5772710.09
 30
0.0
  0
POINT
  5
83B
330
835
100
AcDbEntity
  8
Defpoints
 62
     0
100
AcDbPoint
 10
7553994.769728636
 20
5772709.355097738
 30
0.0
  0
ENDBLK
  5
837
330
835
100
AcDbEntity
  8
0
100
AcDbBlockEnd
  0
BLOCK
  5
83E
330
83D
100
AcDbEntity
  8
0
100
AcDbBlockBegin
  2
*D197
 70
     1
 10
0.0
 20
0.0
 30
0.0
  3
*D197
  1

  0
MTEXT
  5
840
330
83D
100
AcDbEntity
  8
!wymiary
100
AcDbMText
 10
7554019.171300096
 20
5772710.896871061
 30
0.0
 40
1.5
 41
0.0
 46
0.0
 71
     5
 72
     1
  1
\A1;- 48 m -
 11
0.980644107725959
 21
0.1957987078158528
 31
0.0
 73
     1
 44
1.0
 90
        3
 63
     9
421
 13158600
 45
1.1
441
        0
  0
POINT
  5
841
330
83D
100
AcDbEntity
  8
Defpoints
 62
     0
100
AcDbPoint
 10
7553994.62
 20
5772710.09
 30
0.0
  0
POINT
  5
842
330
83D
100
AcDbEntity
  8
Defpoints
 62
     0
100
AcDbPoint
 10
7554042.15
 20
5772719.58
 30
0.0
  0
POINT
  5
843
330
83D
100
AcDbEntity
  8
Defpoints
 62
     0
100
AcDbPoint
 10
7554042.296849031
 20
5772718.844516919
 30
0.0
  0
ENDBLK
  5
83F
330
83D
100
AcDbEntity
  8
0
100
AcDbBlockEnd
  0
BLOCK
  5
846
330
845
100
AcDbEntity
  8
0
100
AcDbBlockBegin
  2
*D198
 70
     1
 10
0.0
 20
0.0
 30
0.0
  3
*D198
  1

  0
MTEXT
  5
848
330
845
100
AcDbEntity
  8
!wymiary
100
AcDbMText
 10
7554066.027119688
 20
5772719.895722029
 30
0.0
 40
1.5
 41
0.0
 46
0.0
 71
     5
 72
     1
  1
\A1;- 47 m -
 11
0.9835694928430839
 21
0.1805299220306671
 31
0.0
 73
     1
 44
1.0
 90
        3
 63
     9
421
 13158600
 45
1.1
441
        0
  0
POINT
  5
849
330
845
100
AcDbEntity
  8
Defpoints
 62
     0
100
AcDbPoint
 10
7554042.15
 20
5772719.58
 30
0.0
  0
POINT
  5
84A
330
845
100
AcDbEntity
  8
Defpoints
 62
     0
100
AcDbPoint
 10
7554088.46
 20
5772728.08
 30
0.0
  0
POINT
  5
84B
330
845
100
AcDbEntity
  8
Defpoints
 62
     0
100
AcDbPoint
 10
7554088.595397442
 20
5772727.34232288
 30
0.0
  0
ENDBLK
  5
847
330
845
100
AcDbEntity
  8
0
100
AcDbBlockEnd
  0
BLOCK
  5
84E
330
84D
100
AcDbEntity
  8
0
100
AcDbBlockBegin
  2
*D199
 70
     1
 10
0.0
 20
0.0
 30
0.0
  3
*D199
  1

  0
MTEXT
  5
850
330
84D
100
AcDbEntity
  8
!wymiary
100
AcDbMText
 10
7554101.680379681
 20
5772727.216901816
 30
0.0
 40
1.5
 41
0.0
 46
0.0
 71
     5
 72
     1
  1
\A1;- 25 m -
 11
0.9706759415606738
 21
0.2403917978536281
 31
0.0
 73
     1
 44
1.0
 90
        3
 63
     9
421
 13158600
 45
1.1
441
        0
  0
POINT
  5
851
330
84D
100
AcDbEntity
  8
Defpoints
 62
     0
100
AcDbPoint
 10
7554088.46
 20
5772728.08
 30
0.0
  0
POINT
  5
852
330
84D
100
AcDbEntity
  8
Defpoints
 62
     0
100
AcDbPoint
 10
7554112.970000001
 20
5772734.15
 30
0.0
  0
POINT
  5
853
330
84D
100
AcDbEntity
  8
Defpoints
 62
     0
100
AcDbPoint
 10
7554113.150293849
 20
5772733.421993044
 30
0.0
  0
ENDBLK
  5
84F
330
84D
100
AcDbEntity
  8
0
100
AcDbBlockEnd
  0
BLOCK
  5
856
330
855
100
AcDbEntity
  8
0
100
AcDbBlockBegin
  2
*D200
 70
     1
 10
0.0
 20
0.0
 30
0.0
  3
*D200
  1

  0
MTEXT
  5
858
330
855
100
AcDbEntity
  8
!wymiary
100
AcDbMText
 10
7554121.675440069
 20
5772730.684772121
 30
0.0
 40
1.5
 41
0.0
 46
0.0
 71
     5
 72
     1
  1
\A1;- 17 m -
 11
0.9980410789361295
 21
0.06256200728882293
 31
0.0
 73
     1
 44
1.0
 90
        3
 63
     9
421
 13158600
 45
1.1
441
        0
  0
POINT
  5
859
330
855
100
AcDbEntity
  8
Defpoints
 62
     0
100
AcDbPoint
 10
7554112.970000001
 20
5772734.15
 30
0.0
  0
POINT
  5
85A
330
855
100
AcDbEntity
  8
Defpoints
 62
     0
100
AcDbPoint
 10
7554129.880000001
 20
5772735.21
 30
0.0
  0
POINT
  5
85B
330
855
100
AcDbEntity
  8
Defpoints
 62
     0
100
AcDbPoint
 10
7554129.926921506
 20
5772734.46146919
 30
0.0
  0
ENDBLK
  5
857
330
855
100
AcDbEntity
  8
0
100
AcDbBlockEnd
  0
BLOCK
  5
85E
330
85D
100
AcDbEntity
  8
0
100
AcDbBlockBegin
  2
*D201
 70
     1
 10
0.0
 20
0.0
 30
0.0
  3
*D201
  1

  0
MTEXT
  5
860
330
85D
100
AcDbEntity
  8
!wymiary
100
AcDbMText
 10
7549162.510468647
 20
5771369.461316006
 30
0.0
 40
1.5
 41
0.0
 46
0.0
 71
     5
 72
     1
  1
\A1;- 32 m -
 11
0.1816774346831005
 21
-0.9833581797732542
 31
0.0
 73
     1
 44
1.0
 90
        3
 63
     9
421
 13158600
 45
1.1
441
        0
  0
POINT
  5
861
330
85D
100
AcDbEntity
  8
Defpoints
 62
     0
100
AcDbPoint
 10
7549163.569
 20
5771385.839000001
 30
0.0
  0
POINT
  5
862
330
85D
100
AcDbEntity
  8
Defpoints
 62
     0
100
AcDbPoint
 10
7549169.351000001
 20
5771354.543
 30
0.0
  0
POINT
  5
863
330
85D
100
AcDbEntity
  8
Defpoints
 62
     0
100
AcDbPoint
 10
7549168.613481365
 20
5771354.406741924
 30
0.0
  0
ENDBLK
  5
85F
330
85D
100
AcDbEntity
  8
0
100
AcDbBlockEnd
  0
BLOCK
  5
866
330
865
100
AcDbEntity
  8
0
100
AcDbBlockBegin
  2
*D202
 70
     1
 10
0.0
 20
0.0
 30
0.0
  3
*D202
  1

  0
MTEXT
  5
868
330
865
100
AcDbEntity
  8
!wymiary
100
AcDbMText
 10
7549167.986850119
 20
5771336.999667413
 30
0.0
 40
1.5
 41
0.0
 46
0.0
 71
     5
 72
     1
  1
\A1;- 34 m -
 11
0.1520856949208087
 21
-0.9883673109732306
 31
0.0
 73
     1
 44
1.0
 90
        3
 63
     9
421
 13158600
 45
1.1
441
        0
  0
POINT
  5
869
330
865
100
AcDbEntity
  8
Defpoints
 62
     0
100
AcDbPoint
 10
7549169.351000001
 20
5771354.543
 30
0.0
  0
POINT
  5
86A
330
865
100
AcDbEntity
  8
Defpoints
 62
     0
100
AcDbPoint
 10
7549174.562000002
 20
5771320.677999999
 30
0.0
  0
POINT
  5
86B
330
865
100
AcDbEntity
  8
Defpoints
 62
     0
100
AcDbPoint
 10
7549173.820724519
 20
5771320.563935728
 30
0.0
  0
ENDBLK
  5
867
330
865
100
AcDbEntity
  8
0
100
AcDbBlockEnd
  0
BLOCK
  5
86E
330
86D
100
AcDbEntity
  8
0
100
AcDbBlockBegin
  2
*D203
 70
     1
 10
0.0
 20
0.0
 30
0.0
  3
*D203
  1

  0
MTEXT
  5
870
330
86D
100
AcDbEntity
  8
!wymiary
100
AcDbMText
 10
7549164.408252456
 20
5771295.170867857
 30
0.0
 40
1.5
 41
0.0
 46
0.0
 71
     5
 72
     1
  1
\A1;- 55 m -
 11
0.4533336198140059
 21
0.891340916342524
 31
0.0
 73
     1
 44
1.0
 90
        3
 63
     9
421
 13158600
 45
1.1
441
        0
  0
POINT
  5
871
330
86D
100
AcDbEntity
  8
Defpoints
 62
     0
100
AcDbPoint
 10
7549174.562000002
 20
5771320.677999999
 30
0.0
  0
POINT
  5
872
330
86D
100
AcDbEntity
  8
Defpoints
 62
     0
100
AcDbPoint
 10
7549149.775
 20
5771271.942000001
 30
0.0
  0
POINT
  5
873
330
86D
100
AcDbEntity
  8
Defpoints
 62
     0
100
AcDbPoint
 10
7549149.106494312
 20
5771272.282000216
 30
0.0
  0
ENDBLK
  5
86F
330
86D
100
AcDbEntity
  8
0
100
AcDbBlockEnd
  0
BLOCK
  5
876
330
875
100
AcDbEntity
  8
0
100
AcDbBlockBegin
  2
*D204
 70
     1
 10
0.0
 20
0.0
 30
0.0
  3
*D204
  1

  0
MTEXT
  5
878
330
875
100
AcDbEntity
  8
!wymiary
100
AcDbMText
 10
7549138.433833743
 20
5771246.847046916
 30
0.0
 40
1.5
 41
0.0
 46
0.0
 71
     5
 72
     1
  1
\A1;- 55 m -
 11
0.4932577459552632
 21
0.8698832082843841
 31
0.0
 73
     1
 44
1.0
 90
        3
 63
     9
421
 13158600
 45
1.1
441
        0
  0
POINT
  5
879
330
875
100
AcDbEntity
  8
Defpoints
 62
     0
100
AcDbPoint
 10
7549149.775
 20
5771271.942000001
 30
0.0
  0
POINT
  5
87A
330
875
100
AcDbEntity
  8
Defpoints
 62
     0
100
AcDbPoint
 10
7549122.721
 20
5771224.231000001
 30
0.0
  0
POINT
  5
87B
330
875
100
AcDbEntity
  8
Defpoints
 62
     0
100
AcDbPoint
 10
7549122.068587593
 20
5771224.60094331
 30
0.0
  0
ENDBLK
  5
877
330
875
100
AcDbEntity
  8
0
100
AcDbBlockEnd
  0
BLOCK
  5
87E
330
87D
100
AcDbEntity
  8
0
100
AcDbBlockBegin
  2
*D205
 70
     1
 10
0.0
 20
0.0
 30
0.0
  3
*D205
  1

  0
MTEXT
  5
880
330
87D
100
AcDbEntity
  8
!wymiary
100
AcDbMText
 10
7549117.456140636
 20
5771856.38698642
 30
0.0
 40
1.5
 41
0.0
 46
0.0
 71
     5
 72
     1
  1
\A1;- 49 m -
 11
0.1335986936269455
 21
-0.9910355135216768
 31
0.0
 73
     1
 44
1.0
 90
        3
 63
     9
421
 13158600
 45
1.1
441
        0
  0
POINT
  5
881
330
87D
100
AcDbEntity
  8
Defpoints
 62
     0
100
AcDbPoint
 10
7549118.131
 20
5771881.440000001
 30
0.0
  0
POINT
  5
882
330
87D
100
AcDbEntity
  8
Defpoints
 62
     0
100
AcDbPoint
 10
7549124.741
 20
5771832.407000001
 30
0.0
  0
POINT
  5
883
330
87D
100
AcDbEntity
  8
Defpoints
 62
     0
100
AcDbPoint
 10
7549123.997723365
 20
5771832.30680098
 30
0.0
  0
ENDBLK
  5
87F
330
87D
100
AcDbEntity
  8
0
100
AcDbBlockEnd
  0
BLOCK
  5
886
330
885
100
AcDbEntity
  8
0
100
AcDbBlockBegin
  2
*D206
 70
     1
 10
0.0
 20
0.0
 30
0.0
  3
*D206
  1

  0
MTEXT
  5
888
330
885
100
AcDbEntity
  8
!wymiary
100
AcDbMText
 10
7549123.963675491
 20
5771807.244601483
 30
0.0
 40
1.5
 41
0.0
 46
0.0
 71
     5
 72
     1
  1
\A1;- 50 m -
 11
0.1289633069733204
 21
-0.9916493661846939
 31
0.0
 73
     1
 44
1.0
 90
        3
 63
     9
421
 13158600
 45
1.1
441
        0
  0
POINT
  5
889
330
885
100
AcDbEntity
  8
Defpoints
 62
     0
100
AcDbPoint
 10
7549124.741
 20
5771832.407000001
 30
0.0
  0
POINT
  5
88A
330
885
100
AcDbEntity
  8
Defpoints
 62
     0
100
AcDbPoint
 10
7549131.151000001
 20
5771783.118000001
 30
0.0
  0
POINT
  5
88B
330
885
100
AcDbEntity
  8
Defpoints
 62
     0
100
AcDbPoint
 10
7549130.407262976
 20
5771783.021277521
 30
0.0
  0
ENDBLK
  5
887
330
885
100
AcDbEntity
  8
0
100
AcDbBlockEnd
  0
BLOCK
  5
88E
330
88D
100
AcDbEntity
  8
0
100
AcDbBlockBegin
  2
*D207
 70
     1
 10
0.0
 20
0.0
 30
0.0
  3
*D207
  1

  0
MTEXT
  5
890
330
88D
100
AcDbEntity
  8
!wymiary
100
AcDbMText
 10
7549130.332187447
 20
5771758.279009549
 30
0.0
 40
1.5
 41
0.0
 46
0.0
 71
     5
 72
     1
  1
\A1;- 49 m -
 11
0.1289861991818388
 21
-0.9916463888002736
 31
0.0
 73
     1
 44
1.0
 90
        3
 63
     9
421
 13158600
 45
1.1
441
        0
  0
POINT
  5
891
330
88D
100
AcDbEntity
  8
Defpoints
 62
     0
100
AcDbPoint
 10
7549131.151000001
 20
5771783.118000001
 30
0.0
  0
POINT
  5
892
330
88D
100
AcDbEntity
  8
Defpoints
 62
     0
100
AcDbPoint
 10
7549137.477999999
 20
5771734.476000001
 30
0.0
  0
POINT
  5
893
330
88D
100
AcDbEntity
  8
Defpoints
 62
     0
100
AcDbPoint
 10
7549136.734265207
 20
5771734.379260351
 30
0.0
  0
ENDBLK
  5
88F
330
88D
100
AcDbEntity
  8
0
100
AcDbBlockEnd
  0
BLOCK
  5
896
330
895
100
AcDbEntity
  8
0
100
AcDbBlockBegin
  2
*D208
 70
     1
 10
0.0
 20
0.0
 30
0.0
  3
*D208
  1

  0
MTEXT
  5
898
330
895
100
AcDbEntity
  8
!wymiary
100
AcDbMText
 10
7549136.701626349
 20
5771709.287979484
 30
0.0
 40
1.5
 41
0.0
 46
0.0
 71
     5
 72
     1
  1
\A1;- 50 m -
 11
0.1288691797627832
 21
-0.991661602819867
 31
0.0
 73
     1
 44
1.0
 90
        3
 63
     9
421
 13158600
 45
1.1
441
        0
  0
POINT
  5
899
330
895
100
AcDbEntity
  8
Defpoints
 62
     0
100
AcDbPoint
 10
7549137.477999999
 20
5771734.476000001
 30
0.0
  0
POINT
  5
89A
330
895
100
AcDbEntity
  8
Defpoints
 62
     0
100
AcDbPoint
 10
7549143.890000001
 20
5771685.135000001
 30
0.0
  0
POINT
  5
89B
330
895
100
AcDbEntity
  8
Defpoints
 62
     0
100
AcDbPoint
 10
7549143.146253799
 20
5771685.038348116
 30
0.0
  0
ENDBLK
  5
897
330
895
100
AcDbEntity
  8
0
100
AcDbBlockEnd
  0
BLOCK
  5
89E
330
89D
100
AcDbEntity
  8
0
100
AcDbBlockBegin
  2
*D209
 70
     1
 10
0.0
 20
0.0
 30
0.0
  3
*D209
  1

  0
MTEXT
  5
8A0
330
89D
100
AcDbEntity
  8
!wymiary
100
AcDbMText
 10
7549142.758803827
 20
5771662.94807042
 30
0.0
 40
1.5
 41
0.0
 46
0.0
 71
     5
 72
     1
  1
\A1;- 44 m -
 11
0.1297323951564736
 21
-0.9915490434905199
 31
0.0
 73
     1
 44
1.0
 90
        3
 63
     9
421
 13158600
 45
1.1
441
        0
  0
POINT
  5
8A1
330
89D
100
AcDbEntity
  8
Defpoints
 62
     0
100
AcDbPoint
 10
7549143.890000001
 20
5771685.135000001
 30
0.0
  0
POINT
  5
8A2
330
89D
100
AcDbEntity
  8
Defpoints
 62
     0
100
AcDbPoint
 10
7549149.560000001
 20
5771641.799000001
 30
0.0
  0
POINT
  5
8A3
330
89D
100
AcDbEntity
  8
Defpoints
 62
     0
100
AcDbPoint
 10
7549148.816338218
 20
5771641.701700704
 30
0.0
  0
ENDBLK
  5
89F
330
89D
100
AcDbEntity
  8
0
100
AcDbBlockEnd
  0
BLOCK
  5
8A6
330
8A5
100
AcDbEntity
  8
0
100
AcDbBlockBegin
  2
*D210
 70
     1
 10
0.0
 20
0.0
 30
0.0
  3
*D210
  1

  0
MTEXT
  5
8A8
330
8A5
100
AcDbEntity
  8
!wymiary
100
AcDbMText
 10
7549148.144491471
 20
5771620.164732397
 30
0.0
 40
1.5
 41
0.0
 46
0.0
 71
     5
 72
     1
  1
\A1;- 43 m -
 11
0.120697912154628
 21
-0.9926892837144531
 31
0.0
 73
     1
 44
1.0
 90
        3
 63
     9
421
 13158600
 45
1.1
441
        0
  0
POINT
  5
8A9
330
8A5
100
AcDbEntity
  8
Defpoints
 62
     0
100
AcDbPoint
 10
7549149.560000001
 20
5771641.799000001
 30
0.0
  0
POINT
  5
8AA
330
8A5
100
AcDbEntity
  8
Defpoints
 62
     0
100
AcDbPoint
 10
7549154.703000001
 20
5771599.5
 30
0.0
  0
POINT
  5
8AB
330
8A5
100
AcDbEntity
  8
Defpoints
 62
     0
100
AcDbPoint
 10
7549153.958483038
 20
5771599.409476566
 30
0.0
  0
ENDBLK
  5
8A7
330
8A5
100
AcDbEntity
  8
0
100
AcDbBlockEnd
  0
BLOCK
  5
8AE
330
8AD
100
AcDbEntity
  8
0
100
AcDbBlockBegin
  2
*D211
 70
     1
 10
0.0
 20
0.0
 30
0.0
  3
*D211
  1

  0
MTEXT
  5
8B0
330
8AD
100
AcDbEntity
  8
!wymiary
100
AcDbMText
 10
7549151.960094035
 20
5771576.004310307
 30
0.0
 40
1.5
 41
0.0
 46
0.0
 71
     5
 72
     1
  1
\A1;- 47 m -
 11
0.2202758768777882
 21
0.9754376136205338
 31
0.0
 73
     1
 44
1.0
 90
        3
 63
     9
421
 13158600
 45
1.1
441
        0
  0
POINT
  5
8B1
330
8AD
100
AcDbEntity
  8
Defpoints
 62
     0
100
AcDbPoint
 10
7549154.703000001
 20
5771599.5
 30
0.0
  0
POINT
  5
8B2
330
8AD
100
AcDbEntity
  8
Defpoints
 62
     0
100
AcDbPoint
 10
7549144.340000001
 20
5771553.61
 30
0.0
  0
POINT
  5
8B3
330
8AD
100
AcDbEntity
  8
Defpoints
 62
     0
100
AcDbPoint
 10
7549143.60842179
 20
5771553.775206908
 30
0.0
  0
ENDBLK
  5
8AF
330
8AD
100
AcDbEntity
  8
0
100
AcDbBlockEnd
  0
BLOCK
  5
8B6
330
8B5
100
AcDbEntity
  8
0
100
AcDbBlockBegin
  2
*D212
 70
     1
 10
0.0
 20
0.0
 30
0.0
  3
*D212
  1

  0
MTEXT
  5
8B8
330
8B5
100
AcDbEntity
  8
!wymiary
100
AcDbMText
 10
7549145.585768322
 20
5771534.517173215
 30
0.0
 40
1.5
 41
0.0
 46
0.0
 71
     5
 72
     1
  1
\A1;- 38 m -
 11
0.06669397358632834
 21
0.9977734782440683
 31
0.0
 73
     1
 44
1.0
 90
        3
 63
     9
421
 13158600
 45
1.1
441
        0
  0
POINT
  5
8B9
330
8B5
100
AcDbEntity
  8
Defpoints
 62
     0
100
AcDbPoint
 10
7549144.340000001
 20
5771553.61
 30
0.0
  0
POINT
  5
8BA
330
8B5
100
AcDbEntity
  8
Defpoints
 62
     0
100
AcDbPoint
 10
7549141.810000001
 20
5771515.760000001
 30
0.0
  0
POINT
  5
8BB
330
8B5
100
AcDbEntity
  8
Defpoints
 62
     0
100
AcDbPoint
 10
7549141.061669891
 20
5771515.810020481
 30
0.0
  0
ENDBLK
  5
8B7
330
8B5
100
AcDbEntity
  8
0
100
AcDbBlockEnd
  0
BLOCK
  5
8BE
330
8BD
100
AcDbEntity
  8
0
100
AcDbBlockBegin
  2
*D213
 70
     1
 10
0.0
 20
0.0
 30
0.0
  3
*D213
  1

  0
MTEXT
  5
8C0
330
8BD
100
AcDbEntity
  8
!wymiary
100
AcDbMText
 10
7549140.490334233
 20
5771498.985568246
 30
0.0
 40
1.5
 41
0.0
 46
0.0
 71
     5
 72
     1
  1
\A1;- 33 m -
 11
0.1617994404549551
 21
-0.9868236626006003
 31
0.0
 73
     1
 44
1.0
 90
        3
 63
     9
421
 13158600
 45
1.1
441
        0
  0
POINT
  5
8C1
330
8BD
100
AcDbEntity
  8
Defpoints
 62
     0
100
AcDbPoint
 10
7549141.810000001
 20
5771515.760000001
 30
0.0
  0
POINT
  5
8C2
330
8BD
100
AcDbEntity
  8
Defpoints
 62
     0
100
AcDbPoint
 10
7549147.097568501
 20
5771483.510829676
 30
0.0
  0
POINT
  5
8C3
330
8BD
100
AcDbEntity
  8
Defpoints
 62
     0
100
AcDbPoint
 10
7549146.357450753
 20
5771483.389480095
 30
0.0
  0
ENDBLK
  5
8BF
330
8BD
100
AcDbEntity
  8
0
100
AcDbBlockEnd
  0
BLOCK
  5
8C6
330
8C5
100
AcDbEntity
  8
0
100
AcDbBlockBegin
  2
*D214
 70
     1
 10
0.0
 20
0.0
 30
0.0
  3
*D214
  1

  0
MTEXT
  5
8C8
330
8C5
100
AcDbEntity
  8
!wymiary
100
AcDbMText
 10
7549146.389069159
 20
5771463.512602157
 30
0.0
 40
1.5
 41
0.0
 46
0.0
 71
     5
 72
     1
  1
\A1;- 39 m -
 11
0.1658991831831579
 21
-0.9861427183826696
 31
0.0
 73
     1
 44
1.0
 90
        3
 63
     9
421
 13158600
 45
1.1
441
        0
  0
POINT
  5
8C9
330
8C5
100
AcDbEntity
  8
Defpoints
 62
     0
100
AcDbPoint
 10
7549147.097568501
 20
5771483.510829676
 30
0.0
  0
POINT
  5
8CA
330
8C5
100
AcDbEntity
  8
Defpoints
 62
     0
100
AcDbPoint
 10
7549153.602000002
 20
5771444.847
 30
0.0
  0
POINT
  5
8CB
330
8C5
100
AcDbEntity
  8
Defpoints
 62
     0
100
AcDbPoint
 10
7549152.862392963
 20
5771444.722575612
 30
0.0
  0
ENDBLK
  5
8C7
330
8C5
100
AcDbEntity
  8
0
100
AcDbBlockEnd
  0
BLOCK
  5
8CE
330
8CD
100
AcDbEntity
  8
0
100
AcDbBlockBegin
  2
*D215
 70
     1
 10
0.0
 20
0.0
 30
0.0
  3
*D215
  1

  0
MTEXT
  5
8D0
330
8CD
100
AcDbEntity
  8
!wymiary
100
AcDbMText
 10
7552618.755628489
 20
5779942.578540468
 30
0.0
 40
1.5
 41
0.0
 46
0.0
 71
     5
 72
     1
  1
\A1;- 41 m -
 11
0.1578687354692563
 21
-0.9874601067189187
 31
0.0
 73
     1
 44
1.0
 90
        3
 63
     9
421
 13158600
 45
1.1
441
        0
  0
POINT
  5
8D1
330
8CD
100
AcDbEntity
  8
Defpoints
 62
     0
100
AcDbPoint
 10
7552619.447000001
 20
5779963.611000001
 30
0.0
  0
POINT
  5
8D2
330
8CD
100
AcDbEntity
  8
Defpoints
 62
     0
100
AcDbPoint
 10
7552625.970000001
 20
5779922.81
 30
0.0
  0
POINT
  5
8D3
330
8CD
100
AcDbEntity
  8
Defpoints
 62
     0
100
AcDbPoint
 10
7552625.229404921
 20
5779922.691598448
 30
0.0
  0
ENDBLK
  5
8CF
330
8CD
100
AcDbEntity
  8
0
100
AcDbBlockEnd
  0
BLOCK
  5
8D6
330
8D5
100
AcDbEntity
  8
0
100
AcDbBlockBegin
  2
*D216
 70
     1
 10
0.0
 20
0.0
 30
0.0
  3
*D216
  1

  0
MTEXT
  5
8D8
330
8D5
100
AcDbEntity
  8
!wymiary
100
AcDbMText
 10
7552625.505675834
 20
5779899.873214896
 30
0.0
 40
1.5
 41
0.0
 46
0.0
 71
     5
 72
     1
  1
\A1;- 45 m -
 11
0.1549508243241235
 21
-0.9879221842034294
 31
0.0
 73
     1
 44
1.0
 90
        3
 63
     9
421
 13158600
 45
1.1
441
        0
  0
POINT
  5
8D9
330
8D5
100
AcDbEntity
  8
Defpoints
 62
     0
100
AcDbPoint
 10
7552625.970000001
 20
5779922.81
 30
0.0
  0
POINT
  5
8DA
330
8D5
100
AcDbEntity
  8
Defpoints
 62
     0
100
AcDbPoint
 10
7552632.970000001
 20
5779878.180000001
 30
0.0
  0
POINT
  5
8DB
330
8D5
100
AcDbEntity
  8
Defpoints
 62
     0
100
AcDbPoint
 10
7552632.229058363
 20
5779878.063786882
 30
0.0
  0
ENDBLK
  5
8D7
330
8D5
100
AcDbEntity
  8
0
100
AcDbBlockEnd
  0
BLOCK
  5
8DE
330
8DD
100
AcDbEntity
  8
0
100
AcDbBlockBegin
  2
*D217
 70
     1
 10
0.0
 20
0.0
 30
0.0
  3
*D217
  1

  0
MTEXT
  5
8E0
330
8DD
100
AcDbEntity
  8
!wymiary
100
AcDbMText
 10
7552632.671131843
 20
5779854.349156225
 30
0.0
 40
1.5
 41
0.0
 46
0.0
 71
     5
 72
     1
  1
\A1;- 47 m -
 11
0.1554609439823715
 21
-0.9878420394456342
 31
0.0
 73
     1
 44
1.0
 90
        3
 63
     9
421
 13158600
 45
1.1
441
        0
  0
POINT
  5
8E1
330
8DD
100
AcDbEntity
  8
Defpoints
 62
     0
100
AcDbPoint
 10
7552632.970000001
 20
5779878.180000001
 30
0.0
  0
POINT
  5
8E2
330
8DD
100
AcDbEntity
  8
Defpoints
 62
     0
100
AcDbPoint
 10
7552640.275
 20
5779831.762
 30
0.0
  0
POINT
  5
8E3
330
8DD
100
AcDbEntity
  8
Defpoints
 62
     0
100
AcDbPoint
 10
7552639.534118471
 20
5779831.645404292
 30
0.0
  0
ENDBLK
  5
8DF
330
8DD
100
AcDbEntity
  8
0
100
AcDbBlockEnd
  0
BLOCK
  5
8E6
330
8E5
100
AcDbEntity
  8
0
100
AcDbBlockBegin
  2
*D218
 70
     1
 10
0.0
 20
0.0
 30
0.0
  3
*D218
  1

  0
MTEXT
  5
8E8
330
8E5
100
AcDbEntity
  8
!wymiary
100
AcDbMText
 10
7552640.406451607
 20
5779805.870501003
 30
0.0
 40
1.5
 41
0.0
 46
0.0
 71
     5
 72
     1
  1
\A1;- 51 m -
 11
0.1601149145496757
 21
-0.987098381185356
 31
0.0
 73
     1
 44
1.0
 90
        3
 63
     9
421
 13158600
 45
1.1
441
        0
  0
POINT
  5
8E9
330
8E5
100
AcDbEntity
  8
Defpoints
 62
     0
100
AcDbPoint
 10
7552640.275
 20
5779831.762
 30
0.0
  0
POINT
  5
8EA
330
8E5
100
AcDbEntity
  8
Defpoints
 62
     0
100
AcDbPoint
 10
7552648.466
 20
5779781.265000001
 30
0.0
  0
POINT
  5
8EB
330
8E5
100
AcDbEntity
  8
Defpoints
 62
     0
100
AcDbPoint
 10
7552647.725676214
 20
5779781.144913815
 30
0.0
  0
ENDBLK
  5
8E7
330
8E5
100
AcDbEntity
  8
0
100
AcDbBlockEnd
  0
BLOCK
  5
8EE
330
8ED
100
AcDbEntity
  8
0
100
AcDbBlockBegin
  2
*D219
 70
     1
 10
0.0
 20
0.0
 30
0.0
  3
*D219
  1

  0
MTEXT
  5
8F0
330
8ED
100
AcDbEntity
  8
!wymiary
100
AcDbMText
 10
7552648.49129435
 20
5779755.092968352
 30
0.0
 40
1.5
 41
0.0
 46
0.0
 71
     5
 72
     1
  1
\A1;- 52 m -
 11
0.154395752800872
 21
-0.9880090847340688
 31
0.0
 73
     1
 44
1.0
 90
        3
 63
     9
421
 13158600
 45
1.1
441
        0
  0
POINT
  5
8F1
330
8ED
100
AcDbEntity
  8
Defpoints
 62
     0
100
AcDbPoint
 10
7552648.466
 20
5779781.265000001
 30
0.0
  0
POINT
  5
8F2
330
8ED
100
AcDbEntity
  8
Defpoints
 62
     0
100
AcDbPoint
 10
7552656.452000001
 20
5779730.161
 30
0.0
  0
POINT
  5
8F3
330
8ED
100
AcDbEntity
  8
Defpoints
 62
     0
100
AcDbPoint
 10
7552655.710993187
 20
5779730.045203186
 30
0.0
  0
ENDBLK
  5
8EF
330
8ED
100
AcDbEntity
  8
0
100
AcDbBlockEnd
  0
BLOCK
  5
8F6
330
8F5
100
AcDbEntity
  8
0
100
AcDbBlockBegin
  2
*D220
 70
     1
 10
0.0
 20
0.0
 30
0.0
  3
*D220
  1

  0
MTEXT
  5
8F8
330
8F5
100
AcDbEntity
  8
!wymiary
100
AcDbMText
 10
7552656.001289152
 20
5779707.559846401
 30
0.0
 40
1.5
 41
0.0
 46
0.0
 71
     5
 72
     1
  1
\A1;- 44 m -
 11
0.1572883996089526
 21
-0.987552712187281
 31
0.0
 73
     1
 44
1.0
 90
        3
 63
     9
421
 13158600
 45
1.1
441
        0
  0
POINT
  5
8F9
330
8F5
100
AcDbEntity
  8
Defpoints
 62
     0
100
AcDbPoint
 10
7552656.452000001
 20
5779730.161
 30
0.0
  0
POINT
  5
8FA
330
8F5
100
AcDbEntity
  8
Defpoints
 62
     0
100
AcDbPoint
 10
7552663.451
 20
5779686.217
 30
0.0
  0
POINT
  5
8FB
330
8F5
100
AcDbEntity
  8
Defpoints
 62
     0
100
AcDbPoint
 10
7552662.710335466
 20
5779686.0990337
 30
0.0
  0
ENDBLK
  5
8F7
330
8F5
100
AcDbEntity
  8
0
100
AcDbBlockEnd
  0
BLOCK
  5
8FE
330
8FD
100
AcDbEntity
  8
0
100
AcDbBlockBegin
  2
*D221
 70
     1
 10
0.0
 20
0.0
 30
0.0
  3
*D221
  1

  0
MTEXT
  5
900
330
8FD
100
AcDbEntity
  8
!wymiary
100
AcDbMText
 10
7552663.237438085
 20
5779661.980539638
 30
0.0
 40
1.5
 41
0.0
 46
0.0
 71
     5
 72
     1
  1
\A1;- 48 m -
 11
0.1569926353327724
 21
-0.9875997734159679
 31
0.0
 73
     1
 44
1.0
 90
        3
 63
     9
421
 13158600
 45
1.1
441
        0
  0
POINT
  5
901
330
8FD
100
AcDbEntity
  8
Defpoints
 62
     0
100
AcDbPoint
 10
7552663.451
 20
5779686.217
 30
0.0
  0
POINT
  5
902
330
8FD
100
AcDbEntity
  8
Defpoints
 62
     0
100
AcDbPoint
 10
7552670.956
 20
5779639.005
 30
0.0
  0
POINT
  5
903
330
8FD
100
AcDbEntity
  8
Defpoints
 62
     0
100
AcDbPoint
 10
7552670.215300169
 20
5779638.887255523
 30
0.0
  0
ENDBLK
  5
8FF
330
8FD
100
AcDbEntity
  8
0
100
AcDbBlockEnd
  0
BLOCK
  5
906
330
905
100
AcDbEntity
  8
0
100
AcDbBlockBegin
  2
*D222
 70
     1
 10
0.0
 20
0.0
 30
0.0
  3
*D222
  1

  0
MTEXT
  5
908
330
905
100
AcDbEntity
  8
!wymiary
100
AcDbMText
 10
7552671.180395927
 20
5779612.777206134
 30
0.0
 40
1.5
 41
0.0
 46
0.0
 71
     5
 72
     1
  1
\A1;- 52 m -
 11
0.1615579104028408
 21
-0.986863233475778
 31
0.0
 73
     1
 44
1.0
 90
        3
 63
     9
421
 13158600
 45
1.1
441
        0
  0
POINT
  5
909
330
905
100
AcDbEntity
  8
Defpoints
 62
     0
100
AcDbPoint
 10
7552670.956
 20
5779639.005
 30
0.0
  0
POINT
  5
90A
330
905
100
AcDbEntity
  8
Defpoints
 62
     0
100
AcDbPoint
 10
7552679.331
 20
5779587.847
 30
0.0
  0
POINT
  5
90B
330
905
100
AcDbEntity
  8
Defpoints
 62
     0
100
AcDbPoint
 10
7552678.590852575
 20
5779587.725831567
 30
0.0
  0
ENDBLK
  5
907
330
905
100
AcDbEntity
  8
0
100
AcDbBlockEnd
  0
BLOCK
  5
90E
330
90D
100
AcDbEntity
  8
0
100
AcDbBlockBegin
  2
*D223
 70
     1
 10
0.0
 20
0.0
 30
0.0
  3
*D223
  1

  0
MTEXT
  5
910
330
90D
100
AcDbEntity
  8
!wymiary
100
AcDbMText
 10
7552684.348904889
 20
5779567.4085008
 30
0.0
 40
1.5
 41
0.0
 46
0.0
 71
     5
 72
     1
  1
\A1;- 41 m -
 11
0.418803412781686
 21
-0.9080769248485575
 31
0.0
 73
     1
 44
1.0
 90
        3
 63
     9
421
 13158600
 45
1.1
441
        0
  0
POINT
  5
911
330
90D
100
AcDbEntity
  8
Defpoints
 62
     0
100
AcDbPoint
 10
7552679.331
 20
5779587.847
 30
0.0
  0
POINT
  5
912
330
90D
100
AcDbEntity
  8
Defpoints
 62
     0
100
AcDbPoint
 10
7552696.637
 20
5779550.323
 30
0.0
  0
POINT
  5
913
330
90D
100
AcDbEntity
  8
Defpoints
 62
     0
100
AcDbPoint
 10
7552695.955942307
 20
5779550.008897441
 30
0.0
  0
ENDBLK
  5
90F
330
90D
100
AcDbEntity
  8
0
100
AcDbBlockEnd
  0
BLOCK
  5
916
330
915
100
AcDbEntity
  8
0
100
AcDbBlockBegin
  2
*D224
 70
     1
 10
0.0
 20
0.0
 30
0.0
  3
*D224
  1

  0
MTEXT
  5
918
330
915
100
AcDbEntity
  8
!wymiary
100
AcDbMText
 10
7552701.609704755
 20
5779530.049523048
 30
0.0
 40
1.5
 41
0.0
 46
0.0
 71
     5
 72
     1
  1
\A1;- 41 m -
 11
0.4200468963873277
 21
-0.9075023993551607
 31
0.0
 73
     1
 44
1.0
 90
        3
 63
     9
421
 13158600
 45
1.1
441
        0
  0
POINT
  5
919
330
915
100
AcDbEntity
  8
Defpoints
 62
     0
100
AcDbPoint
 10
7552696.637
 20
5779550.323
 30
0.0
  0
POINT
  5
91A
330
915
100
AcDbEntity
  8
Defpoints
 62
     0
100
AcDbPoint
 10
7552713.848
 20
5779513.139
 30
0.0
  0
POINT
  5
91B
330
915
100
AcDbEntity
  8
Defpoints
 62
     0
100
AcDbPoint
 10
7552713.167373201
 20
5779512.823964828
 30
0.0
  0
ENDBLK
  5
917
330
915
100
AcDbEntity
  8
0
100
AcDbBlockEnd
  0
BLOCK
  5
91E
330
91D
100
AcDbEntity
  8
0
100
AcDbBlockBegin
  2
*D225
 70
     1
 10
0.0
 20
0.0
 30
0.0
  3
*D225
  1

  0
MTEXT
  5
920
330
91D
100
AcDbEntity
  8
!wymiary
100
AcDbMText
 10
7552719.403782278
 20
5779491.637602638
 30
0.0
 40
1.5
 41
0.0
 46
0.0
 71
     5
 72
     1
  1
\A1;- 44 m -
 11
0.4204743404834156
 21
-0.9073044301638986
 31
0.0
 73
     1
 44
1.0
 90
        3
 63
     9
421
 13158600
 45
1.1
441
        0
  0
POINT
  5
921
330
91D
100
AcDbEntity
  8
Defpoints
 62
     0
100
AcDbPoint
 10
7552713.848
 20
5779513.139
 30
0.0
  0
POINT
  5
922
330
91D
100
AcDbEntity
  8
Defpoints
 62
     0
100
AcDbPoint
 10
7552732.218
 20
5779473.5
 30
0.0
  0
POINT
  5
923
330
91D
100
AcDbEntity
  8
Defpoints
 62
     0
100
AcDbPoint
 10
7552731.537521677
 20
5779473.184644245
 30
0.0
  0
ENDBLK
  5
91F
330
91D
100
AcDbEntity
  8
0
100
AcDbBlockEnd
  0
BLOCK
  5
926
330
925
100
AcDbEntity
  8
0
100
AcDbBlockBegin
  2
*D226
 70
     1
 10
0.0
 20
0.0
 30
0.0
  3
*D226
  1

  0
MTEXT
  5
928
330
925
100
AcDbEntity
  8
!wymiary
100
AcDbMText
 10
7552738.122185799
 20
5779451.232629385
 30
0.0
 40
1.5
 41
0.0
 46
0.0
 71
     5
 72
     1
  1
\A1;- 45 m -
 11
0.4207473243022744
 21
-0.9071778707025854
 31
0.0
 73
     1
 44
1.0
 90
        3
 63
     9
421
 13158600
 45
1.1
441
        0
  0
POINT
  5
929
330
925
100
AcDbEntity
  8
Defpoints
 62
     0
100
AcDbPoint
 10
7552732.218
 20
5779473.5
 30
0.0
  0
POINT
  5
92A
330
925
100
AcDbEntity
  8
Defpoints
 62
     0
100
AcDbPoint
 10
7552751.307
 20
5779432.342
 30
0.0
  0
POINT
  5
92B
330
925
100
AcDbEntity
  8
Defpoints
 62
     0
100
AcDbPoint
 10
7552750.626616597
 20
5779432.026439507
 30
0.0
  0
ENDBLK
  5
927
330
925
100
AcDbEntity
  8
0
100
AcDbBlockEnd
  0
BLOCK
  5
92E
330
92D
100
AcDbEntity
  8
0
100
AcDbBlockBegin
  2
*D227
 70
     1
 10
0.0
 20
0.0
 30
0.0
  3
*D227
  1

  0
MTEXT
  5
930
330
92D
100
AcDbEntity
  8
!wymiary
100
AcDbMText
 10
7552758.351938235
 20
5779406.283588002
 30
0.0
 40
1.5
 41
0.0
 46
0.0
 71
     5
 72
     1
  1
\A1;- 53 m -
 11
0.4017088978913042
 21
-0.9157674166265983
 31
0.0
 73
     1
 44
1.0
 90
        3
 63
     9
421
 13158600
 45
1.1
441
        0
  0
POINT
  5
931
330
92D
100
AcDbEntity
  8
Defpoints
 62
     0
100
AcDbPoint
 10
7552751.307
 20
5779432.342
 30
0.0
  0
POINT
  5
932
330
92D
100
AcDbEntity
  8
Defpoints
 62
     0
100
AcDbPoint
 10
7552772.753
 20
5779383.452000001
 30
0.0
  0
POINT
  5
933
330
92D
100
AcDbEntity
  8
Defpoints
 62
     0
100
AcDbPoint
 10
7552772.066174438
 20
5779383.150718328
 30
0.0
  0
ENDBLK
  5
92F
330
92D
100
AcDbEntity
  8
0
100
AcDbBlockEnd
  0
BLOCK
  5
936
330
935
100
AcDbEntity
  8
0
100
AcDbBlockBegin
  2
*D228
 70
     1
 10
0.0
 20
0.0
 30
0.0
  3
*D228
  1

  0
MTEXT
  5
938
330
935
100
AcDbEntity
  8
!wymiary
100
AcDbMText
 10
7552772.80800319
 20
5779357.41278157
 30
0.0
 40
1.5
 41
0.0
 46
0.0
 71
     5
 72
     1
  1
\A1;- 51 m -
 11
0.1563098595378988
 21
-0.9877080681108374
 31
0.0
 73
     1
 44
1.0
 90
        3
 63
     9
421
 13158600
 45
1.1
441
        0
  0
POINT
  5
939
330
935
100
AcDbEntity
  8
Defpoints
 62
     0
100
AcDbPoint
 10
7552772.753
 20
5779383.452000001
 30
0.0
  0
POINT
  5
93A
330
935
100
AcDbEntity
  8
Defpoints
 62
     0
100
AcDbPoint
 10
7552780.796
 20
5779332.629000001
 30
0.0
  0
POINT
  5
93B
330
935
100
AcDbEntity
  8
Defpoints
 62
     0
100
AcDbPoint
 10
7552780.055218949
 20
5779332.511767606
 30
0.0
  0
ENDBLK
  5
937
330
935
100
AcDbEntity
  8
0
100
AcDbBlockEnd
  0
BLOCK
  5
93E
330
93D
100
AcDbEntity
  8
0
100
AcDbBlockBegin
  2
*D229
 70
     1
 10
0.0
 20
0.0
 30
0.0
  3
*D229
  1

  0
MTEXT
  5
940
330
93D
100
AcDbEntity
  8
!wymiary
100
AcDbMText
 10
7552782.188316966
 20
5779309.742307543
 30
0.0
 40
1.5
 41
0.0
 46
0.0
 71
     5
 72
     1
  1
\A1;- 46 m -
 11
0.04916508986674018
 21
0.9987906657245028
 31
0.0
 73
     1
 44
1.0
 90
        3
 63
     9
421
 13158600
 45
1.1
441
        0
  0
POINT
  5
941
330
93D
100
AcDbEntity
  8
Defpoints
 62
     0
100
AcDbPoint
 10
7552780.796
 20
5779332.629000001
 30
0.0
  0
POINT
  5
942
330
93D
100
AcDbEntity
  8
Defpoints
 62
     0
100
AcDbPoint
 10
7552778.555000001
 20
5779287.102999999
 30
0.0
  0
POINT
  5
943
330
93D
100
AcDbEntity
  8
Defpoints
 62
     0
100
AcDbPoint
 10
7552777.805907001
 20
5779287.139873817
 30
0.0
  0
ENDBLK
  5
93F
330
93D
100
AcDbEntity
  8
0
100
AcDbBlockEnd
  0
BLOCK
  5
946
330
945
100
AcDbEntity
  8
0
100
AcDbBlockBegin
  2
*D230
 70
     1
 10
0.0
 20
0.0
 30
0.0
  3
*D230
  1

  0
MTEXT
  5
948
330
945
100
AcDbEntity
  8
!wymiary
100
AcDbMText
 10
7552780.010928451
 20
5779266.158140346
 30
0.0
 40
1.5
 41
0.0
 46
0.0
 71
     5
 72
     1
  1
\A1;- 42 m -
 11
0.05008236869431323
 21
0.9987450907744013
 31
0.0
 73
     1
 44
1.0
 90
        3
 63
     9
421
 13158600
 45
1.1
441
        0
  0
POINT
  5
949
330
945
100
AcDbEntity
  8
Defpoints
 62
     0
100
AcDbPoint
 10
7552778.555000001
 20
5779287.102999999
 30
0.0
  0
POINT
  5
94A
330
945
100
AcDbEntity
  8
Defpoints
 62
     0
100
AcDbPoint
 10
7552776.467
 20
5779245.464000001
 30
0.0
  0
POINT
  5
94B
330
945
100
AcDbEntity
  8
Defpoints
 62
     0
100
AcDbPoint
 10
7552775.717941182
 20
5779245.501561777
 30
0.0
  0
ENDBLK
  5
947
330
945
100
AcDbEntity
  8
0
100
AcDbBlockEnd
  0
BLOCK
  5
94E
330
94D
100
AcDbEntity
  8
0
100
AcDbBlockBegin
  2
*D231
 70
     1
 10
0.0
 20
0.0
 30
0.0
  3
*D231
  1

  0
MTEXT
  5
950
330
94D
100
AcDbEntity
  8
!wymiary
100
AcDbMText
 10
7552777.547860448
 20
5779226.179294004
 30
0.0
 40
1.5
 41
0.0
 46
0.0
 71
     5
 72
     1
  1
\A1;- 38 m -
 11
0.07459392510916238
 21
0.9972139922488096
 31
0.0
 73
     1
 44
1.0
 90
        3
 63
     9
421
 13158600
 45
1.1
441
        0
  0
POINT
  5
951
330
94D
100
AcDbEntity
  8
Defpoints
 62
     0
100
AcDbPoint
 10
7552776.467
 20
5779245.464000001
 30
0.0
  0
POINT
  5
952
330
94D
100
AcDbEntity
  8
Defpoints
 62
     0
100
AcDbPoint
 10
7552773.61
 20
5779207.27
 30
0.0
  0
POINT
  5
953
330
94D
100
AcDbEntity
  8
Defpoints
 62
     0
100
AcDbPoint
 10
7552772.862089505
 20
5779207.325945443
 30
0.0
  0
ENDBLK
  5
94F
330
94D
100
AcDbEntity
  8
0
100
AcDbBlockEnd
  0
BLOCK
  5
956
330
955
100
AcDbEntity
  8
0
100
AcDbBlockBegin
  2
*D232
 70
     1
 10
0.0
 20
0.0
 30
0.0
  3
*D232
  1

  0
MTEXT
  5
958
330
955
100
AcDbEntity
  8
!wymiary
100
AcDbMText
 10
7552749.525652216
 20
5779204.03326322
 30
0.0
 40
1.5
 41
0.0
 46
0.0
 71
     5
 72
     1
  1
\A1;- 48 m -
 11
0.9995537505089446
 21
0.02987138837587809
 31
0.0
 73
     1
 44
1.0
 90
        3
 63
     9
421
 13158600
 45
1.1
441
        0
  0
POINT
  5
959
330
955
100
AcDbEntity
  8
Defpoints
 62
     0
100
AcDbPoint
 10
7552773.61
 20
5779207.27
 30
0.0
  0
POINT
  5
95A
330
955
100
AcDbEntity
  8
Defpoints
 62
     0
100
AcDbPoint
 10
7552725.291
 20
5779205.826
 30
0.0
  0
POINT
  5
95B
330
955
100
AcDbEntity
  8
Defpoints
 62
     0
100
AcDbPoint
 10
7552725.268596459
 20
5779206.575665313
 30
0.0
  0
ENDBLK
  5
957
330
955
100
AcDbEntity
  8
0
100
AcDbBlockEnd
  0
BLOCK
  5
95E
330
95D
100
AcDbEntity
  8
0
100
AcDbBlockBegin
  2
*D233
 70
     1
 10
0.0
 20
0.0
 30
0.0
  3
*D233
  1

  0
MTEXT
  5
960
330
95D
100
AcDbEntity
  8
!wymiary
100
AcDbMText
 10
7552708.22768332
 20
5779208.722196388
 30
0.0
 40
1.5
 41
0.0
 46
0.0
 71
     5
 72
     1
  1
\A1;- 34 m -
 11
0.9510932760289793
 21
-0.308903836642512
 31
0.0
 73
     1
 44
1.0
 90
        3
 63
     9
421
 13158600
 45
1.1
441
        0
  0
POINT
  5
961
330
95D
100
AcDbEntity
  8
Defpoints
 62
     0
100
AcDbPoint
 10
7552725.291
 20
5779205.826
 30
0.0
  0
POINT
  5
962
330
95D
100
AcDbEntity
  8
Defpoints
 62
     0
100
AcDbPoint
 10
7552692.719000001
 20
5779216.405
 30
0.0
  0
POINT
  5
963
330
95D
100
AcDbEntity
  8
Defpoints
 62
     0
100
AcDbPoint
 10
7552692.950677878
 20
5779217.118319958
 30
0.0
  0
ENDBLK
  5
95F
330
95D
100
AcDbEntity
  8
0
100
AcDbBlockEnd
  0
BLOCK
  5
966
330
965
100
AcDbEntity
  8
0
100
AcDbBlockBegin
  2
*D234
 70
     1
 10
0.0
 20
0.0
 30
0.0
  3
*D234
  1

  0
MTEXT
  5
968
330
965
100
AcDbEntity
  8
!wymiary
100
AcDbMText
 10
7551565.978768394
 20
5784652.933383603
 30
0.0
 40
1.5
 41
0.0
 46
0.0
 71
     5
 72
     1
  1
\A1;- 16 m -
 11
0.9901226038200057
 21
-0.1402042417499991
 31
0.0
 73
     1
 44
1.0
 90
        3
 63
     9
421
 13158600
 45
1.1
441
        0
  0
POINT
  5
969
330
965
100
AcDbEntity
  8
Defpoints
 62
     0
100
AcDbPoint
 10
7551572.779
 20
5784650.146000001
 30
0.0
  0
POINT
  5
96A
330
965
100
AcDbEntity
  8
Defpoints
 62
     0
100
AcDbPoint
 10
7551556.833000001
 20
5784652.404
 30
0.0
  0
POINT
  5
96B
330
965
100
AcDbEntity
  8
Defpoints
 62
     0
100
AcDbPoint
 10
7551557.544156528
 20
5784657.426188661
 30
0.0
  0
ENDBLK
  5
967
330
965
100
AcDbEntity
  8
0
100
AcDbBlockEnd
  0
BLOCK
  5
96E
330
96D
100
AcDbEntity
  8
0
100
AcDbBlockBegin
  2
*D235
 70
     1
 10
0.0
 20
0.0
 30
0.0
  3
*D235
  1

  0
MTEXT
  5
970
330
96D
100
AcDbEntity
  8
!wymiary
100
AcDbMText
 10
7551548.893424207
 20
5784671.387781915
 30
0.0
 40
1.5
 41
0.0
 46
0.0
 71
     5
 72
     1
  1
\A1;- 41 m -
 11
0.2707547931377956
 21
-0.9626483480445543
 31
0.0
 73
     1
 44
1.0
 90
        3
 63
     9
421
 13158600
 45
1.1
441
        0
  0
POINT
  5
971
330
96D
100
AcDbEntity
  8
Defpoints
 62
     0
100
AcDbPoint
 10
7551556.833000001
 20
5784652.404
 30
0.0
  0
POINT
  5
972
330
96D
100
AcDbEntity
  8
Defpoints
 62
     0
100
AcDbPoint
 10
7551545.772999999
 20
5784691.727000001
 30
0.0
  0
POINT
  5
973
330
96D
100
AcDbEntity
  8
Defpoints
 62
     0
100
AcDbPoint
 10
7551546.49498626
 20
5784691.930066096
 30
0.0
  0
ENDBLK
  5
96F
330
96D
100
AcDbEntity
  8
0
100
AcDbBlockEnd
  0
BLOCK
  5
976
330
975
100
AcDbEntity
  8
0
100
AcDbBlockBegin
  2
*D236
 70
     1
 10
0.0
 20
0.0
 30
0.0
  3
*D236
  1

  0
MTEXT
  5
978
330
975
100
AcDbEntity
  8
!wymiary
100
AcDbMText
 10
7551540.992838153
 20
5784708.683673277
 30
0.0
 40
1.5
 41
0.0
 46
0.0
 71
     5
 72
     1
  1
\A1;- 35 m -
 11
0.1310723708991174
 21
-0.9913728025253086
 31
0.0
 73
     1
 44
1.0
 90
        3
 63
     9
421
 13158600
 45
1.1
441
        0
  0
POINT
  5
979
330
975
100
AcDbEntity
  8
Defpoints
 62
     0
100
AcDbPoint
 10
7551545.772999999
 20
5784691.727000001
 30
0.0
  0
POINT
  5
97A
330
975
100
AcDbEntity
  8
Defpoints
 62
     0
100
AcDbPoint
 10
7551541.202000001
 20
5784726.3
 30
0.0
  0
POINT
  5
97B
330
975
100
AcDbEntity
  8
Defpoints
 62
     0
100
AcDbPoint
 10
7551541.945529602
 20
5784726.398304278
 30
0.0
  0
ENDBLK
  5
977
330
975
100
AcDbEntity
  8
0
100
AcDbBlockEnd
  0
BLOCK
  5
97E
330
97D
100
AcDbEntity
  8
0
100
AcDbBlockBegin
  2
*D237
 70
     1
 10
0.0
 20
0.0
 30
0.0
  3
*D237
  1

  0
MTEXT
  5
980
330
97D
100
AcDbEntity
  8
!wymiary
100
AcDbMText
 10
7551871.712997193
 20
5784761.049466313
 30
0.0
 40
1.5
 41
0.0
 46
0.0
 71
     5
 72
     1
  1
\A1;- 48 m -
 11
0.09282461475726245
 21
0.995682474936245
 31
0.0
 73
     1
 44
1.0
 90
        3
 63
     9
421
 13158600
 45
1.1
441
        0
  0
POINT
  5
981
330
97D
100
AcDbEntity
  8
Defpoints
 62
     0
100
AcDbPoint
 10
7551871.42
 20
5784785.010000001
 30
0.0
  0
POINT
  5
982
330
97D
100
AcDbEntity
  8
Defpoints
 62
     0
100
AcDbPoint
 10
7551866.996
 20
5784737.556
 30
0.0
  0
POINT
  5
983
330
97D
100
AcDbEntity
  8
Defpoints
 62
     0
100
AcDbPoint
 10
7551866.249238143
 20
5784737.625618461
 30
0.0
  0
ENDBLK
  5
97F
330
97D
100
AcDbEntity
  8
0
100
AcDbBlockEnd
  0
BLOCK
  5
986
330
985
100
AcDbEntity
  8
0
100
AcDbBlockBegin
  2
*D238
 70
     1
 10
0.0
 20
0.0
 30
0.0
  3
*D238
  1

  0
MTEXT
  5
988
330
985
100
AcDbEntity
  8
!wymiary
100
AcDbMText
 10
7551867.428513844
 20
5784714.540076084
 30
0.0
 40
1.5
 41
0.0
 46
0.0
 71
     5
 72
     1
  1
\A1;- 46 m -
 11
0.09059485143885042
 21
0.9958878314814238
 31
0.0
 73
     1
 44
1.0
 90
        3
 63
     9
421
 13158600
 45
1.1
441
        0
  0
POINT
  5
989
330
985
100
AcDbEntity
  8
Defpoints
 62
     0
100
AcDbPoint
 10
7551866.996
 20
5784737.556
 30
0.0
  0
POINT
  5
98A
330
985
100
AcDbEntity
  8
Defpoints
 62
     0
100
AcDbPoint
 10
7551862.850000001
 20
5784691.980000001
 30
0.0
  0
POINT
  5
98B
330
985
100
AcDbEntity
  8
Defpoints
 62
     0
100
AcDbPoint
 10
7551862.103084126
 20
5784692.04794614
 30
0.0
  0
ENDBLK
  5
987
330
985
100
AcDbEntity
  8
0
100
AcDbBlockEnd
  0
BLOCK
  5
98E
330
98D
100
AcDbEntity
  8
0
100
AcDbBlockBegin
  2
*D239
 70
     1
 10
0.0
 20
0.0
 30
0.0
  3
*D239
  1

  0
MTEXT
  5
990
330
98D
100
AcDbEntity
  8
!wymiary
100
AcDbMText
 10
7551836.887885313
 20
5784687.983201299
 30
0.0
 40
1.5
 41
0.0
 46
0.0
 71
     5
 72
     1
  1
\A1;- 52 m -
 11
0.998385927451038
 21
0.05679383652942289
 31
0.0
 73
     1
 44
1.0
 90
        3
 63
     9
421
 13158600
 45
1.1
441
        0
  0
POINT
  5
991
330
98D
100
AcDbEntity
  8
Defpoints
 62
     0
100
AcDbPoint
 10
7551862.850000001
 20
5784691.980000001
 30
0.0
  0
POINT
  5
992
330
98D
100
AcDbEntity
  8
Defpoints
 62
     0
100
AcDbPoint
 10
7551810.640000001
 20
5784689.010000001
 30
0.0
  0
POINT
  5
993
330
98D
100
AcDbEntity
  8
Defpoints
 62
     0
100
AcDbPoint
 10
7551810.597404623
 20
5784689.758789446
 30
0.0
  0
ENDBLK
  5
98F
330
98D
100
AcDbEntity
  8
0
100
AcDbBlockEnd
  0
BLOCK
  5
996
330
995
100
AcDbEntity
  8
0
100
AcDbBlockBegin
  2
*D240
 70
     1
 10
0.0
 20
0.0
 30
0.0
  3
*D240
  1

  0
MTEXT
  5
998
330
995
100
AcDbEntity
  8
!wymiary
100
AcDbMText
 10
7551791.369407743
 20
5784685.249810851
 30
0.0
 40
1.5
 41
0.0
 46
0.0
 71
     5
 72
     1
  1
\A1;- 39 m -
 11
0.997940713564847
 21
0.06414306049514766
 31
0.0
 73
     1
 44
1.0
 90
        3
 63
     9
421
 13158600
 45
1.1
441
        0
  0
POINT
  5
999
330
995
100
AcDbEntity
  8
Defpoints
 62
     0
100
AcDbPoint
 10
7551810.640000001
 20
5784689.010000001
 30
0.0
  0
POINT
  5
99A
330
995
100
AcDbEntity
  8
Defpoints
 62
     0
100
AcDbPoint
 10
7551771.776000001
 20
5784686.512
 30
0.0
  0
POINT
  5
99B
330
995
100
AcDbEntity
  8
Defpoints
 62
     0
100
AcDbPoint
 10
7551771.727892705
 20
5784687.260455536
 30
0.0
  0
ENDBLK
  5
997
330
995
100
AcDbEntity
  8
0
100
AcDbBlockEnd
  0
BLOCK
  5
99E
330
99D
100
AcDbEntity
  8
0
100
AcDbBlockBegin
  2
*D241
 70
     1
 10
0.0
 20
0.0
 30
0.0
  3
*D241
  1

  0
MTEXT
  5
9A0
330
99D
100
AcDbEntity
  8
!wymiary
100
AcDbMText
 10
7551746.090115839
 20
5784679.393416208
 30
0.0
 40
1.5
 41
0.0
 46
0.0
 71
     5
 72
     1
  1
\A1;- 53 m -
 11
0.9845860233705662
 21
0.1749010079540275
 31
0.0
 73
     1
 44
1.0
 90
        3
 63
     9
421
 13158600
 45
1.1
441
        0
  0
POINT
  5
9A1
330
99D
100
AcDbEntity
  8
Defpoints
 62
     0
100
AcDbPoint
 10
7551771.776000001
 20
5784686.512
 30
0.0
  0
POINT
  5
9A2
330
99D
100
AcDbEntity
  8
Defpoints
 62
     0
100
AcDbPoint
 10
7551719.524
 20
5784677.230000001
 30
0.0
  0
POINT
  5
9A3
330
99D
100
AcDbEntity
  8
Defpoints
 62
     0
100
AcDbPoint
 10
7551719.392824245
 20
5784677.968439518
 30
0.0
  0
ENDBLK
  5
99F
330
99D
100
AcDbEntity
  8
0
100
AcDbBlockEnd
  0
BLOCK
  5
9A6
330
9A5
100
AcDbEntity
  8
0
100
AcDbBlockBegin
  2
*D242
 70
     1
 10
0.0
 20
0.0
 30
0.0
  3
*D242
  1

  0
MTEXT
  5
9A8
330
9A5
100
AcDbEntity
  8
!wymiary
100
AcDbMText
 10
7551697.567045973
 20
5784670.577745963
 30
0.0
 40
1.5
 41
0.0
 46
0.0
 71
     5
 72
     1
  1
\A1;- 46 m -
 11
0.983065253500458
 21
0.1832558521850805
 31
0.0
 73
     1
 44
1.0
 90
        3
 63
     9
421
 13158600
 45
1.1
441
        0
  0
POINT
  5
9A9
330
9A5
100
AcDbEntity
  8
Defpoints
 62
     0
100
AcDbPoint
 10
7551719.524
 20
5784677.230000001
 30
0.0
  0
POINT
  5
9AA
330
9A5
100
AcDbEntity
  8
Defpoints
 62
     0
100
AcDbPoint
 10
7551674.687999999
 20
5784668.872000001
 30
0.0
  0
POINT
  5
9AB
330
9A5
100
AcDbEntity
  8
Defpoints
 62
     0
100
AcDbPoint
 10
7551674.55055811
 20
5784669.609298943
 30
0.0
  0
ENDBLK
  5
9A7
330
9A5
100
AcDbEntity
  8
0
100
AcDbBlockEnd
  0
BLOCK
  5
9AE
330
9AD
100
AcDbEntity
  8
0
100
AcDbBlockBegin
  2
*D243
 70
     1
 10
0.0
 20
0.0
 30
0.0
  3
*D243
  1

  0
MTEXT
  5
9B0
330
9AD
100
AcDbEntity
  8
!wymiary
100
AcDbMText
 10
7551646.821765179
 20
5784661.275307113
 30
0.0
 40
1.5
 41
0.0
 46
0.0
 71
     5
 72
     1
  1
\A1;- 58 m -
 11
0.9840346434580974
 21
0.1779770223211277
 31
0.0
 73
     1
 44
1.0
 90
        3
 63
     9
421
 13158600
 45
1.1
441
        0
  0
POINT
  5
9B1
330
9AD
100
AcDbEntity
  8
Defpoints
 62
     0
100
AcDbPoint
 10
7551674.687999999
 20
5784668.872000001
 30
0.0
  0
POINT
  5
9B2
330
9AD
100
AcDbEntity
  8
Defpoints
 62
     0
100
AcDbPoint
 10
7551618.060000001
 20
5784658.63
 30
0.0
  0
POINT
  5
9B3
330
9AD
100
AcDbEntity
  8
Defpoints
 62
     0
100
AcDbPoint
 10
7551617.926517233
 20
5784659.368025983
 30
0.0
  0
ENDBLK
  5
9AF
330
9AD
100
AcDbEntity
  8
0
100
AcDbBlockEnd
  0
BLOCK
  5
9B6
330
9B5
100
AcDbEntity
  8
0
100
AcDbBlockBegin
  2
*D244
 70
     1
 10
0.0
 20
0.0
 30
0.0
  3
*D244
  1

  0
MTEXT
  5
9B8
330
9B5
100
AcDbEntity
  8
!wymiary
100
AcDbMText
 10
7551595.882817628
 20
5784651.915170505
 30
0.0
 40
1.5
 41
0.0
 46
0.0
 71
     5
 72
     1
  1
\A1;- 46 m -
 11
0.9828965061467909
 21
0.1841587853034209
 31
0.0
 73
     1
 44
1.0
 90
        3
 63
     9
421
 13158600
 45
1.1
441
        0
  0
POINT
  5
9B9
330
9B5
100
AcDbEntity
  8
Defpoints
 62
     0
100
AcDbPoint
 10
7551618.060000001
 20
5784658.63
 30
0.0
  0
POINT
  5
9BA
330
9B5
100
AcDbEntity
  8
Defpoints
 62
     0
100
AcDbPoint
 10
7551572.779
 20
5784650.146000001
 30
0.0
  0
POINT
  5
9BB
330
9B5
100
AcDbEntity
  8
Defpoints
 62
     0
100
AcDbPoint
 10
7551572.640880912
 20
5784650.88317238
 30
0.0
  0
ENDBLK
  5
9B7
330
9B5
100
AcDbEntity
  8
0
100
AcDbBlockEnd
  0
BLOCK
  5
9BE
330
9BD
100
AcDbEntity
  8
0
100
AcDbBlockBegin
  2
*D245
 70
     1
 10
0.0
 20
0.0
 30
0.0
  3
*D245
  1

  0
MTEXT
  5
9C0
330
9BD
100
AcDbEntity
  8
!wymiary
100
AcDbMText
 10
7551549.259445154
 20
5784643.263616473
 30
0.0
 40
1.5
 41
0.0
 46
0.0
 71
     5
 72
     1
  1
\A1;- 49 m -
 11
0.983514200619906
 21
0.1808309076982896
 31
0.0
 73
     1
 44
1.0
 90
        3
 63
     9
421
 13158600
 45
1.1
441
        0
  0
POINT
  5
9C1
330
9BD
100
AcDbEntity
  8
Defpoints
 62
     0
100
AcDbPoint
 10
7551572.779
 20
5784650.146000001
 30
0.0
  0
POINT
  5
9C2
330
9BD
100
AcDbEntity
  8
Defpoints
 62
     0
100
AcDbPoint
 10
7551524.83
 20
5784641.33
 30
0.0
  0
POINT
  5
9C3
330
9BD
100
AcDbEntity
  8
Defpoints
 62
     0
100
AcDbPoint
 10
7551524.694376819
 20
5784642.067635651
 30
0.0
  0
ENDBLK
  5
9BF
330
9BD
100
AcDbEntity
  8
0
100
AcDbBlockEnd
  0
BLOCK
  5
9C6
330
9C5
100
AcDbEntity
  8
0
100
AcDbBlockBegin
  2
*D246
 70
     1
 10
0.0
 20
0.0
 30
0.0
  3
*D246
  1

  0
MTEXT
  5
9C8
330
9C5
100
AcDbEntity
  8
!wymiary
100
AcDbMText
 10
7551501.676733493
 20
5784631.613275749
 30
0.0
 40
1.5
 41
0.0
 46
0.0
 71
     5
 72
     1
  1
\A1;- 50 m -
 11
0.9562236164475301
 21
0.2926369685258634
 31
0.0
 73
     1
 44
1.0
 90
        3
 63
     9
421
 13158600
 45
1.1
441
        0
  0
POINT
  5
9C9
330
9C5
100
AcDbEntity
  8
Defpoints
 62
     0
100
AcDbPoint
 10
7551524.83
 20
5784641.33
 30
0.0
  0
POINT
  5
9CA
330
9C5
100
AcDbEntity
  8
Defpoints
 62
     0
100
AcDbPoint
 10
7551477.051
 20
5784626.708000001
 30
0.0
  0
POINT
  5
9CB
330
9C5
100
AcDbEntity
  8
Defpoints
 62
     0
100
AcDbPoint
 10
7551476.831522274
 20
5784627.425167713
 30
0.0
  0
ENDBLK
  5
9C7
330
9C5
100
AcDbEntity
  8
0
100
AcDbBlockEnd
  0
BLOCK
  5
9CE
330
9CD
100
AcDbEntity
  8
0
100
AcDbBlockBegin
  2
*D247
 70
     1
 10
0.0
 20
0.0
 30
0.0
  3
*D247
  1

  0
MTEXT
  5
9D0
330
9CD
100
AcDbEntity
  8
!wymiary
100
AcDbMText
 10
7551451.939870948
 20
5784616.259271606
 30
0.0
 40
1.5
 41
0.0
 46
0.0
 71
     5
 72
     1
  1
\A1;- 54 m -
 11
0.9548066039064017
 21
0.2972277731584377
 31
0.0
 73
     1
 44
1.0
 90
        3
 63
     9
421
 13158600
 45
1.1
441
        0
  0
POINT
  5
9D1
330
9CD
100
AcDbEntity
  8
Defpoints
 62
     0
100
AcDbPoint
 10
7551477.051
 20
5784626.708000001
 30
0.0
  0
POINT
  5
9D2
330
9CD
100
AcDbEntity
  8
Defpoints
 62
     0
100
AcDbPoint
 10
7551425.335
 20
5784610.609
 30
0.0
  0
POINT
  5
9D3
330
9CD
100
AcDbEntity
  8
Defpoints
 62
     0
100
AcDbPoint
 10
7551425.112079171
 20
5784611.325104953
 30
0.0
  0
ENDBLK
  5
9CF
330
9CD
100
AcDbEntity
  8
0
100
AcDbBlockEnd
  0
BLOCK
  5
9D6
330
9D5
100
AcDbEntity
  8
0
100
AcDbBlockBegin
  2
*D248
 70
     1
 10
0.0
 20
0.0
 30
0.0
  3
*D248
  1

  0
MTEXT
  5
9D8
330
9D5
100
AcDbEntity
  8
!wymiary
100
AcDbMText
 10
7551414.24298863
 20
5784604.721047112
 30
0.0
 40
1.5
 41
0.0
 46
0.0
 71
     5
 72
     1
  1
\A1;- 25 m -
 11
0.9592955825414371
 21
0.2824039399804555
 31
0.0
 73
     1
 44
1.0
 90
        3
 63
     9
421
 13158600
 45
1.1
441
        0
  0
POINT
  5
9D9
330
9D5
100
AcDbEntity
  8
Defpoints
 62
     0
100
AcDbPoint
 10
7551425.335
 20
5784610.609
 30
0.0
  0
POINT
  5
9DA
330
9D5
100
AcDbEntity
  8
Defpoints
 62
     0
100
AcDbPoint
 10
7551401.73
 20
5784603.66
 30
0.0
  0
POINT
  5
9DB
330
9D5
100
AcDbEntity
  8
Defpoints
 62
     0
100
AcDbPoint
 10
7551401.518197046
 20
5784604.379471687
 30
0.0
  0
ENDBLK
  5
9D7
330
9D5
100
AcDbEntity
  8
0
100
AcDbBlockEnd
  0
BLOCK
  5
9DE
330
9DD
100
AcDbEntity
  8
0
100
AcDbBlockBegin
  2
*D249
 70
     1
 10
0.0
 20
0.0
 30
0.0
  3
*D249
  1

  0
MTEXT
  5
9E0
330
9DD
100
AcDbEntity
  8
!wymiary
100
AcDbMText
 10
7551391.671528179
 20
5784597.716222729
 30
0.0
 40
1.5
 41
0.0
 46
0.0
 71
     5
 72
     1
  1
\A1;- 23 m -
 11
0.95028801346918
 21
0.3113722714963547
 31
0.0
 73
     1
 44
1.0
 90
        3
 63
     9
421
 13158600
 45
1.1
441
        0
  0
POINT
  5
9E1
330
9DD
100
AcDbEntity
  8
Defpoints
 62
     0
100
AcDbPoint
 10
7551401.73
 20
5784603.66
 30
0.0
  0
POINT
  5
9E2
330
9DD
100
AcDbEntity
  8
Defpoints
 62
     0
100
AcDbPoint
 10
7551380.046
 20
5784596.555000001
 30
0.0
  0
POINT
  5
9E3
330
9DD
100
AcDbEntity
  8
Defpoints
 62
     0
100
AcDbPoint
 10
7551379.812470797
 20
5784597.267716011
 30
0.0
  0
ENDBLK
  5
9DF
330
9DD
100
AcDbEntity
  8
0
100
AcDbBlockEnd
  0
BLOCK
  5
9E6
330
9E5
100
AcDbEntity
  8
0
100
AcDbBlockBegin
  2
*D250
 70
     1
 10
0.0
 20
0.0
 30
0.0
  3
*D250
  1

  0
MTEXT
  5
9E8
330
9E5
100
AcDbEntity
  8
!wymiary
100
AcDbMText
 10
7551358.360935077
 20
5784587.87470142
 30
0.0
 40
1.5
 41
0.0
 46
0.0
 71
     5
 72
     1
  1
\A1;- 46 m -
 11
0.9630102946862049
 21
0.2694646031084396
 31
0.0
 73
     1
 44
1.0
 90
        3
 63
     9
421
 13158600
 45
1.1
441
        0
  0
POINT
  5
9E9
330
9E5
100
AcDbEntity
  8
Defpoints
 62
     0
100
AcDbPoint
 10
7551380.046
 20
5784596.555000001
 30
0.0
  0
POINT
  5
9EA
330
9E5
100
AcDbEntity
  8
Defpoints
 62
     0
100
AcDbPoint
 10
7551335.32
 20
5784584.04
 30
0.0
  0
POINT
  5
9EB
330
9E5
100
AcDbEntity
  8
Defpoints
 62
     0
100
AcDbPoint
 10
7551335.117901548
 20
5784584.762257721
 30
0.0
  0
ENDBLK
  5
9E7
330
9E5
100
AcDbEntity
  8
0
100
AcDbBlockEnd
  0
BLOCK
  5
9EE
330
9ED
100
AcDbEntity
  8
0
100
AcDbBlockBegin
  2
*D251
 70
     1
 10
0.0
 20
0.0
 30
0.0
  3
*D251
  1

  0
MTEXT
  5
9F0
330
9ED
100
AcDbEntity
  8
!wymiary
100
AcDbMText
 10
7551255.530001526
 20
5784560.621857178
 30
0.0
 40
1.5
 41
0.0
 46
0.0
 71
     5
 72
     1
  1
\A1;- 16 m -
 11
0.9710966927368276
 21
0.2386864331200991
 31
0.0
 73
     1
 44
1.0
 90
        3
 63
     9
421
 13158600
 45
1.1
441
        0
  0
POINT
  5
9F1
330
9ED
100
AcDbEntity
  8
Defpoints
 62
     0
100
AcDbPoint
 10
7551262.680000001
 20
5784564.970000001
 30
0.0
  0
POINT
  5
9F2
330
9ED
100
AcDbEntity
  8
Defpoints
 62
     0
100
AcDbPoint
 10
7551247.179
 20
5784561.16
 30
0.0
  0
POINT
  5
9F3
330
9ED
100
AcDbEntity
  8
Defpoints
 62
     0
100
AcDbPoint
 10
7551246.999985175
 20
5784561.88832252
 30
0.0
  0
ENDBLK
  5
9EF
330
9ED
100
AcDbEntity
  8
0
100
AcDbBlockEnd
  0
BLOCK
  5
9F6
330
9F5
100
AcDbEntity
  8
0
100
AcDbBlockBegin
  2
*D252
 70
     1
 10
0.0
 20
0.0
 30
0.0
  3
*D252
  1

  0
MTEXT
  5
9F8
330
9F5
100
AcDbEntity
  8
!wymiary
100
AcDbMText
 10
7551223.246916007
 20
5784552.847198612
 30
0.0
 40
1.5
 41
0.0
 46
0.0
 71
     5
 72
     1
  1
\A1;- 50 m -
 11
0.9725508938431416
 21
0.2326902638378027
 31
0.0
 73
     1
 44
1.0
 90
        3
 63
     9
421
 13158600
 45
1.1
441
        0
  0
POINT
  5
9F9
330
9F5
100
AcDbEntity
  8
Defpoints
 62
     0
100
AcDbPoint
 10
7551247.179
 20
5784561.16
 30
0.0
  0
POINT
  5
9FA
330
9F5
100
AcDbEntity
  8
Defpoints
 62
     0
100
AcDbPoint
 10
7551198.144
 20
5784549.427999999
 30
0.0
  0
POINT
  5
9FB
330
9F5
100
AcDbEntity
  8
Defpoints
 62
     0
100
AcDbPoint
 10
7551197.969482303
 20
5784550.15741317
 30
0.0
  0
ENDBLK
  5
9F7
330
9F5
100
AcDbEntity
  8
0
100
AcDbBlockEnd
  0
BLOCK
  5
9FE
330
9FD
100
AcDbEntity
  8
0
100
AcDbBlockBegin
  2
*D253
 70
     1
 10
0.0
 20
0.0
 30
0.0
  3
*D253
  1

  0
MTEXT
  5
A00
330
9FD
100
AcDbEntity
  8
!wymiary
100
AcDbMText
 10
7551185.487318753
 20
5784543.627120379
 30
0.0
 40
1.5
 41
0.0
 46
0.0
 71
     5
 72
     1
  1
\A1;- 27 m -
 11
0.969161881390688
 21
0.2464249331120172
 31
0.0
 73
     1
 44
1.0
 90
        3
 63
     9
421
 13158600
 45
1.1
441
        0
  0
POINT
  5
A01
330
9FD
100
AcDbEntity
  8
Defpoints
 62
     0
100
AcDbPoint
 10
7551198.144
 20
5784549.427999999
 30
0.0
  0
POINT
  5
A02
330
9FD
100
AcDbEntity
  8
Defpoints
 62
     0
100
AcDbPoint
 10
7551171.597
 20
5784542.677999999
 30
0.0
  0
POINT
  5
A03
330
9FD
100
AcDbEntity
  8
Defpoints
 62
     0
100
AcDbPoint
 10
7551171.4121813
 20
5784543.404871411
 30
0.0
  0
ENDBLK
  5
9FF
330
9FD
100
AcDbEntity
  8
0
100
AcDbBlockEnd
  0
BLOCK
  5
A06
330
A05
100
AcDbEntity
  8
0
100
AcDbBlockBegin
  2
*D254
 70
     1
 10
0.0
 20
0.0
 30
0.0
  3
*D254
  1

  0
MTEXT
  5
A08
330
A05
100
AcDbEntity
  8
!wymiary
100
AcDbMText
 10
7551159.703304414
 20
5784537.684396219
 30
0.0
 40
1.5
 41
0.0
 46
0.0
 71
     5
 72
     1
  1
\A1;- 25 m -
 11
0.9798257014853663
 21
0.1998539334331695
 31
0.0
 73
     1
 44
1.0
 90
        3
 63
     9
421
 13158600
 45
1.1
441
        0
  0
POINT
  5
A09
330
A05
100
AcDbEntity
  8
Defpoints
 62
     0
100
AcDbPoint
 10
7551171.597
 20
5784542.677999999
 30
0.0
  0
POINT
  5
A0A
330
A05
100
AcDbEntity
  8
Defpoints
 62
     0
100
AcDbPoint
 10
7551146.804
 20
5784537.621
 30
0.0
  0
POINT
  5
A0B
330
A05
100
AcDbEntity
  8
Defpoints
 62
     0
100
AcDbPoint
 10
7551146.654109551
 20
5784538.355869276
 30
0.0
  0
ENDBLK
  5
A07
330
A05
100
AcDbEntity
  8
0
100
AcDbBlockEnd
  0
BLOCK
  5
A0E
330
A0D
100
AcDbEntity
  8
0
100
AcDbBlockBegin
  2
*D255
 70
     1
 10
0.0
 20
0.0
 30
0.0
  3
*D255
  1

  0
MTEXT
  5
A10
330
A0D
100
AcDbEntity
  8
!wymiary
100
AcDbMText
 10
7551123.375215578
 20
5784529.534280539
 30
0.0
 40
1.5
 41
0.0
 46
0.0
 71
     5
 72
     1
  1
\A1;- 49 m -
 11
0.9735120261995082
 21
0.228635812691119
 31
0.0
 73
     1
 44
1.0
 90
        3
 63
     9
421
 13158600
 45
1.1
441
        0
  0
POINT
  5
A11
330
A0D
100
AcDbEntity
  8
Defpoints
 62
     0
100
AcDbPoint
 10
7551146.804
 20
5784537.621
 30
0.0
  0
POINT
  5
A12
330
A0D
100
AcDbEntity
  8
Defpoints
 62
     0
100
AcDbPoint
 10
7551098.796
 20
5784526.346
 30
0.0
  0
POINT
  5
A13
330
A0D
100
AcDbEntity
  8
Defpoints
 62
     0
100
AcDbPoint
 10
7551098.62452314
 20
5784527.07613402
 30
0.0
  0
ENDBLK
  5
A0F
330
A0D
100
AcDbEntity
  8
0
100
AcDbBlockEnd
  0
BLOCK
  5
A16
330
A15
100
AcDbEntity
  8
0
100
AcDbBlockBegin
  2
*D256
 70
     1
 10
0.0
 20
0.0
 30
0.0
  3
*D256
  1

  0
MTEXT
  5
A18
330
A15
100
AcDbEntity
  8
!wymiary
100
AcDbMText
 10
7551084.526136117
 20
5784521.033585634
 30
0.0
 40
1.5
 41
0.0
 46
0.0
 71
     5
 72
     1
  1
\A1;- 30 m -
 11
0.9819356083833902
 21
0.1892153825373125
 31
0.0
 73
     1
 44
1.0
 90
        3
 63
     9
421
 13158600
 45
1.1
441
        0
  0
POINT
  5
A19
330
A15
100
AcDbEntity
  8
Defpoints
 62
     0
100
AcDbPoint
 10
7551098.796
 20
5784526.346
 30
0.0
  0
POINT
  5
A1A
330
A15
100
AcDbEntity
  8
Defpoints
 62
     0
100
AcDbPoint
 10
7551069.304
 20
5784520.663000001
 30
0.0
  0
POINT
  5
A1B
330
A15
100
AcDbEntity
  8
Defpoints
 62
     0
100
AcDbPoint
 10
7551069.162088464
 20
5784521.399451707
 30
0.0
  0
ENDBLK
  5
A17
330
A15
100
AcDbEntity
  8
0
100
AcDbBlockEnd
  0
BLOCK
  5
A1E
330
A1D
100
AcDbEntity
  8
0
100
AcDbBlockBegin
  2
*D257
 70
     1
 10
0.0
 20
0.0
 30
0.0
  3
*D257
  1

  0
MTEXT
  5
A20
330
A1D
100
AcDbEntity
  8
!wymiary
100
AcDbMText
 10
7551061.327095781
 20
5784516.538392102
 30
0.0
 40
1.5
 41
0.0
 46
0.0
 71
     5
 72
     1
  1
\A1;- 17 m -
 11
0.9810990770310963
 21
0.1935060749659576
 31
0.0
 73
     1
 44
1.0
 90
        3
 63
     9
421
 13158600
 45
1.1
441
        0
  0
POINT
  5
A21
330
A1D
100
AcDbEntity
  8
Defpoints
 62
     0
100
AcDbPoint
 10
7551069.304
 20
5784520.663000001
 30
0.0
  0
POINT
  5
A22
330
A1D
100
AcDbEntity
  8
Defpoints
 62
     0
100
AcDbPoint
 10
7551052.381473224
 20
5784517.325302706
 30
0.0
  0
POINT
  5
A23
330
A1D
100
AcDbEntity
  8
Defpoints
 62
     0
100
AcDbPoint
 10
7551052.236343668
 20
5784518.061127014
 30
0.0
  0
ENDBLK
  5
A1F
330
A1D
100
AcDbEntity
  8
0
100
AcDbBlockEnd
  0
BLOCK
  5
A26
330
A25
100
AcDbEntity
  8
0
100
AcDbBlockBegin
  2
*D258
 70
     1
 10
0.0
 20
0.0
 30
0.0
  3
*D258
  1

  0
MTEXT
  5
A28
330
A25
100
AcDbEntity
  8
!wymiary
100
AcDbMText
 10
7551030.004764234
 20
5784510.754781694
 30
0.0
 40
1.5
 41
0.0
 46
0.0
 71
     5
 72
     1
  1
\A1;- 46 m -
 11
0.9842852632691917
 21
0.1765857313349465
 31
0.0
 73
     1
 44
1.0
 90
        3
 63
     9
421
 13158600
 45
1.1
441
        0
  0
POINT
  5
A29
330
A25
100
AcDbEntity
  8
Defpoints
 62
     0
100
AcDbPoint
 10
7551052.381473224
 20
5784517.325302706
 30
0.0
  0
POINT
  5
A2A
330
A25
100
AcDbEntity
  8
Defpoints
 62
     0
100
AcDbPoint
 10
7551006.73952547
 20
5784509.136907508
 30
0.0
  0
POINT
  5
A2B
330
A25
100
AcDbEntity
  8
Defpoints
 62
     0
100
AcDbPoint
 10
7551006.607086171
 20
5784509.875121455
 30
0.0
  0
ENDBLK
  5
A27
330
A25
100
AcDbEntity
  8
0
100
AcDbBlockEnd
  0
BLOCK
  5
A2E
330
A2D
100
AcDbEntity
  8
0
100
AcDbBlockBegin
  2
*D259
 70
     1
 10
0.0
 20
0.0
 30
0.0
  3
*D259
  1

  0
MTEXT
  5
A30
330
A2D
100
AcDbEntity
  8
!wymiary
100
AcDbMText
 10
7550980.685655588
 20
5784501.101961381
 30
0.0
 40
1.5
 41
0.0
 46
0.0
 71
     5
 72
     1
  1
\A1;- 54 m -
 11
0.9786828663123988
 21
0.2053773288037107
 31
0.0
 73
     1
 44
1.0
 90
        3
 63
     9
421
 13158600
 45
1.1
441
        0
  0
POINT
  5
A31
330
A2D
100
AcDbEntity
  8
Defpoints
 62
     0
100
AcDbPoint
 10
7551006.73952547
 20
5784509.136907508
 30
0.0
  0
POINT
  5
A32
330
A2D
100
AcDbEntity
  8
Defpoints
 62
     0
100
AcDbPoint
 10
7550953.599645551
 20
5784497.985464107
 30
0.0
  0
POINT
  5
A33
330
A2D
100
AcDbEntity
  8
Defpoints
 62
     0
100
AcDbPoint
 10
7550953.445612554
 20
5784498.719476257
 30
0.0
  0
ENDBLK
  5
A2F
330
A2D
100
AcDbEntity
  8
0
100
AcDbBlockEnd
  0
BLOCK
  5
A36
330
A35
100
AcDbEntity
  8
0
100
AcDbBlockBegin
  2
*D260
 70
     1
 10
0.0
 20
0.0
 30
0.0
  3
*D260
  1

  0
MTEXT
  5
A38
330
A35
100
AcDbEntity
  8
!wymiary
100
AcDbMText
 10
7550175.325867774
 20
5784848.601630409
 30
0.0
 40
1.5
 41
0.0
 46
0.0
 71
     5
 72
     1
  1
\A1;- 46 m -
 11
0.5717209573414748
 21
-0.8204481378713391
 31
0.0
 73
     1
 44
1.0
 90
        3
 63
     9
421
 13158600
 45
1.1
441
        0
  0
POINT
  5
A39
330
A35
100
AcDbEntity
  8
Defpoints
 62
     0
100
AcDbPoint
 10
7550190.4
 20
5784831.37
 30
0.0
  0
POINT
  5
A3A
330
A35
100
AcDbEntity
  8
Defpoints
 62
     0
100
AcDbPoint
 10
7550164.380000001
 20
5784868.71
 30
0.0
  0
POINT
  5
A3B
330
A35
100
AcDbEntity
  8
Defpoints
 62
     0
100
AcDbPoint
 10
7550164.995336104
 20
5784869.138790718
 30
0.0
  0
ENDBLK
  5
A37
330
A35
100
AcDbEntity
  8
0
100
AcDbBlockEnd
  0
BLOCK
  5
A3E
330
A3D
100
AcDbEntity
  8
0
100
AcDbBlockBegin
  2
*D261
 70
     1
 10
0.0
 20
0.0
 30
0.0
  3
*D261
  1

  0
MTEXT
  5
A40
330
A3D
100
AcDbEntity
  8
!wymiary
100
AcDbMText
 10
7550150.352232344
 20
5784884.188467039
 30
0.0
 40
1.5
 41
0.0
 46
0.0
 71
     5
 72
     1
  1
\A1;- 41 m -
 11
0.5779036166011556
 21
-0.8161050238292278
 31
0.0
 73
     1
 44
1.0
 90
        3
 63
     9
421
 13158600
 45
1.1
441
        0
  0
POINT
  5
A41
330
A3D
100
AcDbEntity
  8
Defpoints
 62
     0
100
AcDbPoint
 10
7550164.380000001
 20
5784868.71
 30
0.0
  0
POINT
  5
A42
330
A3D
100
AcDbEntity
  8
Defpoints
 62
     0
100
AcDbPoint
 10
7550140.41
 20
5784902.56
 30
0.0
  0
POINT
  5
A43
330
A3D
100
AcDbEntity
  8
Defpoints
 62
     0
100
AcDbPoint
 10
7550141.022078768
 20
5784902.993427712
 30
0.0
  0
ENDBLK
  5
A3F
330
A3D
100
AcDbEntity
  8
0
100
AcDbBlockEnd
  0
BLOCK
  5
A46
330
A45
100
AcDbEntity
  8
0
100
AcDbBlockBegin
  2
*D262
 70
     1
 10
0.0
 20
0.0
 30
0.0
  3
*D262
  1

  0
MTEXT
  5
A48
330
A45
100
AcDbEntity
  8
!wymiary
100
AcDbMText
 10
7550137.334249138
 20
5784899.151007035
 30
0.0
 40
1.5
 41
0.0
 46
0.0
 71
     5
 72
     1
  1
\A1;- 6 m -
 11
0.9989691789948991
 21
0.04539360547761356
 31
0.0
 73
     1
 44
1.0
 90
        3
 63
     9
421
 13158600
 45
1.1
441
        0
  0
POINT
  5
A49
330
A45
100
AcDbEntity
  8
Defpoints
 62
     0
100
AcDbPoint
 10
7550140.41
 20
5784902.56
 30
0.0
  0
POINT
  5
A4A
330
A45
100
AcDbEntity
  8
Defpoints
 62
     0
100
AcDbPoint
 10
7550133.962
 20
5784902.267000001
 30
0.0
  0
POINT
  5
A4B
330
A45
100
AcDbEntity
  8
Defpoints
 62
     0
100
AcDbPoint
 10
7550133.962
 20
5784902.267
 30
0.0
  0
ENDBLK
  5
A47
330
A45
100
AcDbEntity
  8
0
100
AcDbBlockEnd
  0
BLOCK
  5
A4E
330
A4D
100
AcDbEntity
  8
0
100
AcDbBlockBegin
  2
*D263
 70
     1
 10
0.0
 20
0.0
 30
0.0
  3
*D263
  1

  0
MTEXT
  5
A50
330
A4D
100
AcDbEntity
  8
!wymiary
100
AcDbMText
 10
7550125.052260215
 20
5784911.909341153
 30
0.0
 40
1.5
 41
0.0
 46
0.0
 71
     5
 72
     1
  1
\A1;- 26 m -
 11
0.5253309482047589
 21
-0.8508979932155727
 31
0.0
 73
     1
 44
1.0
 90
        3
 63
     9
421
 13158600
 45
1.1
441
        0
  0
POINT
  5
A51
330
A4D
100
AcDbEntity
  8
Defpoints
 62
     0
100
AcDbPoint
 10
7550133.962
 20
5784902.267000001
 30
0.0
  0
POINT
  5
A52
330
A4D
100
AcDbEntity
  8
Defpoints
 62
     0
100
AcDbPoint
 10
7550120.424000001
 20
5784924.195
 30
0.0
  0
POINT
  5
A53
330
A4D
100
AcDbEntity
  8
Defpoints
 62
     0
100
AcDbPoint
 10
7550121.062173495
 20
5784924.588998211
 30
0.0
  0
ENDBLK
  5
A4F
330
A4D
100
AcDbEntity
  8
0
100
AcDbBlockEnd
  0
BLOCK
  5
A56
330
A55
100
AcDbEntity
  8
0
100
AcDbBlockBegin
  2
*D264
 70
     1
 10
0.0
 20
0.0
 30
0.0
  3
*D264
  1

  0
MTEXT
  5
A58
330
A55
100
AcDbEntity
  8
!wymiary
100
AcDbMText
 10
7550109.766155697
 20
5784937.068960948
 30
0.0
 40
1.5
 41
0.0
 46
0.0
 71
     5
 72
     1
  1
\A1;- 33 m -
 11
0.5144468020348996
 21
-0.8575222958477903
 31
0.0
 73
     1
 44
1.0
 90
        3
 63
     9
421
 13158600
 45
1.1
441
        0
  0
POINT
  5
A59
330
A55
100
AcDbEntity
  8
Defpoints
 62
     0
100
AcDbPoint
 10
7550120.424000001
 20
5784924.195
 30
0.0
  0
POINT
  5
A5A
330
A55
100
AcDbEntity
  8
Defpoints
 62
     0
100
AcDbPoint
 10
7550103.424000001
 20
5784952.532000001
 30
0.0
  0
POINT
  5
A5B
330
A55
100
AcDbEntity
  8
Defpoints
 62
     0
100
AcDbPoint
 10
7550104.067141723
 20
5784952.917835102
 30
0.0
  0
ENDBLK
  5
A57
330
A55
100
AcDbEntity
  8
0
100
AcDbBlockEnd
  0
BLOCK
  5
A5E
330
A5D
100
AcDbEntity
  8
0
100
AcDbBlockBegin
  2
*D265
 70
     1
 10
0.0
 20
0.0
 30
0.0
  3
*D265
  1

  0
MTEXT
  5
A60
330
A5D
100
AcDbEntity
  8
!wymiary
100
AcDbMText
 10
7550087.11255614
 20
5784974.659113735
 30
0.0
 40
1.5
 41
0.0
 46
0.0
 71
     5
 72
     1
  1
\A1;- 55 m -
 11
0.5173079780720081
 21
-0.855799308145929
 31
0.0
 73
     1
 44
1.0
 90
        3
 63
     9
421
 13158600
 45
1.1
441
        0
  0
POINT
  5
A61
330
A5D
100
AcDbEntity
  8
Defpoints
 62
     0
100
AcDbPoint
 10
7550103.424000001
 20
5784952.532000001
 30
0.0
  0
POINT
  5
A62
330
A5D
100
AcDbEntity
  8
Defpoints
 62
     0
100
AcDbPoint
 10
7550075.102000002
 20
5784999.386
 30
0.0
  0
POINT
  5
A63
330
A5D
100
AcDbEntity
  8
Defpoints
 62
     0
100
AcDbPoint
 10
7550075.743849483
 20
5784999.773980984
 30
0.0
  0
ENDBLK
  5
A5F
330
A5D
100
AcDbEntity
  8
0
100
AcDbBlockEnd
  0
BLOCK
  5
A66
330
A65
100
AcDbEntity
  8
0
100
AcDbBlockBegin
  2
*D266
 70
     1
 10
0.0
 20
0.0
 30
0.0
  3
*D266
  1

  0
MTEXT
  5
A68
330
A65
100
AcDbEntity
  8
!wymiary
100
AcDbMText
 10
7550059.216598448
 20
5785018.302735513
 30
0.0
 40
1.5
 41
0.0
 46
0.0
 71
     5
 72
     1
  1
\A1;- 49 m -
 11
0.5617422187259816
 21
-0.827312322947514
 31
0.0
 73
     1
 44
1.0
 90
        3
 63
     9
421
 13158600
 45
1.1
441
        0
  0
POINT
  5
A69
330
A65
100
AcDbEntity
  8
Defpoints
 62
     0
100
AcDbPoint
 10
7550075.102000002
 20
5784999.386
 30
0.0
  0
POINT
  5
A6A
330
A65
100
AcDbEntity
  8
Defpoints
 62
     0
100
AcDbPoint
 10
7550047.494
 20
5785040.046
 30
0.0
  0
POINT
  5
A6B
330
A65
100
AcDbEntity
  8
Defpoints
 62
     0
100
AcDbPoint
 10
7550048.114484242
 20
5785040.467306664
 30
0.0
  0
ENDBLK
  5
A67
330
A65
100
AcDbEntity
  8
0
100
AcDbBlockEnd
  0
BLOCK
  5
A6E
330
A6D
100
AcDbEntity
  8
0
100
AcDbBlockBegin
  2
*D267
 70
     1
 10
0.0
 20
0.0
 30
0.0
  3
*D267
  1

  0
MTEXT
  5
A70
330
A6D
100
AcDbEntity
  8
!wymiary
100
AcDbMText
 10
7550405.635068298
 20
5785375.31176307
 30
0.0
 40
1.5
 41
0.0
 46
0.0
 71
     5
 72
     1
  1
\A1;- 22 m -
 11
0.5812381937071277
 21
-0.8137334712152841
 31
0.0
 73
     1
 44
1.0
 90
        3
 63
     9
421
 13158600
 45
1.1
441
        0
  0
POINT
  5
A71
330
A6D
100
AcDbEntity
  8
Defpoints
 62
     0
100
AcDbPoint
 10
7550402.475000001
 20
5785386.623000001
 30
0.0
  0
POINT
  5
A72
330
A6D
100
AcDbEntity
  8
Defpoints
 62
     0
100
AcDbPoint
 10
7550415.310000001
 20
5785368.654
 30
0.0
  0
POINT
  5
A73
330
A6D
100
AcDbEntity
  8
Defpoints
 62
     0
100
AcDbPoint
 10
7550414.699699896
 20
5785368.218071355
 30
0.0
  0
ENDBLK
  5
A6F
330
A6D
100
AcDbEntity
  8
0
100
AcDbBlockEnd
  0
BLOCK
  5
A76
330
A75
100
AcDbEntity
  8
0
100
AcDbBlockBegin
  2
*D268
 70
     1
 10
0.0
 20
0.0
 30
0.0
  3
*D268
  1

  0
MTEXT
  5
A78
330
A75
100
AcDbEntity
  8
!wymiary
100
AcDbMText
 10
7549862.251179591
 20
5784849.99725041
 30
0.0
 40
1.5
 41
0.0
 46
0.0
 71
     5
 72
     1
  1
\A1;- 25 m -
 11
0.6715248883428948
 21
0.7409820000081396
 31
0.0
 73
     1
 44
1.0
 90
        3
 63
     9
421
 13158600
 45
1.1
441
        0
  0
POINT
  5
A79
330
A75
100
AcDbEntity
  8
Defpoints
 62
     0
100
AcDbPoint
 10
7549850.840000001
 20
5784843.386
 30
0.0
  0
POINT
  5
A7A
330
A75
100
AcDbEntity
  8
Defpoints
 62
     0
100
AcDbPoint
 10
7549867.711
 20
5784862.002
 30
0.0
  0
POINT
  5
A7B
330
A75
100
AcDbEntity
  8
Defpoints
 62
     0
100
AcDbPoint
 10
7549868.2667365
 20
5784861.498356334
 30
0.0
  0
ENDBLK
  5
A77
330
A75
100
AcDbEntity
  8
0
100
AcDbBlockEnd
  0
BLOCK
  5
A7E
330
A7D
100
AcDbEntity
  8
0
100
AcDbBlockBegin
  2
*D269
 70
     1
 10
0.0
 20
0.0
 30
0.0
  3
*D269
  1

  0
MTEXT
  5
A80
330
A7D
100
AcDbEntity
  8
!wymiary
100
AcDbMText
 10
7549881.098871468
 20
5784869.590956134
 30
0.0
 40
1.5
 41
0.0
 46
0.0
 71
     5
 72
     1
  1
\A1;- 30 m -
 11
0.7111005958439348
 21
0.703090280540416
 31
0.0
 73
     1
 44
1.0
 90
        3
 63
     9
421
 13158600
 45
1.1
441
        0
  0
POINT
  5
A81
330
A7D
100
AcDbEntity
  8
Defpoints
 62
     0
100
AcDbPoint
 10
7549867.711
 20
5784862.002
 30
0.0
  0
POINT
  5
A82
330
A7D
100
AcDbEntity
  8
Defpoints
 62
     0
100
AcDbPoint
 10
7549888.839000001
 20
5784882.892000001
 30
0.0
  0
POINT
  5
A83
330
A7D
100
AcDbEntity
  8
Defpoints
 62
     0
100
AcDbPoint
 10
7549889.366317711
 20
5784882.358674554
 30
0.0
  0
ENDBLK
  5
A7F
330
A7D
100
AcDbEntity
  8
0
100
AcDbBlockEnd
  0
BLOCK
  5
A86
330
A85
100
AcDbEntity
  8
0
100
AcDbBlockBegin
  2
*D270
 70
     1
 10
0.0
 20
0.0
 30
0.0
  3
*D270
  1

  0
MTEXT
  5
A88
330
A85
100
AcDbEntity
  8
!wymiary
100
AcDbMText
 10
7549904.612392984
 20
5784892.799535032
 30
0.0
 40
1.5
 41
0.0
 46
0.0
 71
     5
 72
     1
  1
\A1;- 36 m -
 11
0.7122013661284041
 21
0.7019752232699065
 31
0.0
 73
     1
 44
1.0
 90
        3
 63
     9
421
 13158600
 45
1.1
441
        0
  0
POINT
  5
A89
330
A85
100
AcDbEntity
  8
Defpoints
 62
     0
100
AcDbPoint
 10
7549888.839000001
 20
5784882.892000001
 30
0.0
  0
POINT
  5
A8A
330
A85
100
AcDbEntity
  8
Defpoints
 62
     0
100
AcDbPoint
 10
7549914.747
 20
5784908.427999999
 30
0.0
  0
POINT
  5
A8B
330
A85
100
AcDbEntity
  8
Defpoints
 62
     0
100
AcDbPoint
 10
7549915.273481417
 20
5784907.893848975
 30
0.0
  0
ENDBLK
  5
A87
330
A85
100
AcDbEntity
  8
0
100
AcDbBlockEnd
  0
BLOCK
  5
A8E
330
A8D
100
AcDbEntity
  8
0
100
AcDbBlockBegin
  2
*D271
 70
     1
 10
0.0
 20
0.0
 30
0.0
  3
*D271
  1

  0
MTEXT
  5
A90
330
A8D
100
AcDbEntity
  8
!wymiary
100
AcDbMText
 10
7549928.18367565
 20
5784916.584145743
 30
0.0
 40
1.5
 41
0.0
 46
0.0
 71
     5
 72
     1
  1
\A1;- 30 m -
 11
0.6938736991300238
 21
0.7200967224308255
 31
0.0
 73
     1
 44
1.0
 90
        3
 63
     9
421
 13158600
 45
1.1
441
        0
  0
POINT
  5
A91
330
A8D
100
AcDbEntity
  8
Defpoints
 62
     0
100
AcDbPoint
 10
7549914.747
 20
5784908.427999999
 30
0.0
  0
POINT
  5
A92
330
A8D
100
AcDbEntity
  8
Defpoints
 62
     0
100
AcDbPoint
 10
7549935.836
 20
5784930.313999999
 30
0.0
  0
POINT
  5
A93
330
A8D
100
AcDbEntity
  8
Defpoints
 62
     0
100
AcDbPoint
 10
7549936.376072542
 20
5784929.793594725
 30
0.0
  0
ENDBLK
  5
A8F
330
A8D
100
AcDbEntity
  8
0
100
AcDbBlockEnd
  0
BLOCK
  5
A96
330
A95
100
AcDbEntity
  8
0
100
AcDbBlockBegin
  2
*D272
 70
     1
 10
0.0
 20
0.0
 30
0.0
  3
*D272
  1

  0
MTEXT
  5
A98
330
A95
100
AcDbEntity
  8
!wymiary
100
AcDbMText
 10
7549946.837088906
 20
5784934.883685485
 30
0.0
 40
1.5
 41
0.0
 46
0.0
 71
     5
 72
     1
  1
\A1;- 22 m -
 11
0.7408850777153352
 21
0.6716318199867706
 31
0.0
 73
     1
 44
1.0
 90
        3
 63
     9
421
 13158600
 45
1.1
441
        0
  0
POINT
  5
A99
330
A95
100
AcDbEntity
  8
Defpoints
 62
     0
100
AcDbPoint
 10
7549935.836
 20
5784930.313999999
 30
0.0
  0
POINT
  5
A9A
330
A95
100
AcDbEntity
  8
Defpoints
 62
     0
100
AcDbPoint
 10
7549952.461
 20
5784945.385000001
 30
0.0
  0
POINT
  5
A9B
330
A95
100
AcDbEntity
  8
Defpoints
 62
     0
100
AcDbPoint
 10
7549952.964723866
 20
5784944.829336192
 30
0.0
  0
ENDBLK
  5
A97
330
A95
100
AcDbEntity
  8
0
100
AcDbBlockEnd
  0
BLOCK
  5
A9E
330
A9D
100
AcDbEntity
  8
0
100
AcDbBlockBegin
  2
*D273
 70
     1
 10
0.0
 20
0.0
 30
0.0
  3
*D273
  1

  0
MTEXT
  5
AA0
330
A9D
100
AcDbEntity
  8
!wymiary
100
AcDbMText
 10
7549963.677709813
 20
5784950.91751986
 30
0.0
 40
1.5
 41
0.0
 46
0.0
 71
     5
 72
     1
  1
\A1;- 24 m -
 11
0.7080766612207863
 21
0.7061355690194511
 31
0.0
 73
     1
 44
1.0
 90
        3
 63
     9
421
 13158600
 45
1.1
441
        0
  0
POINT
  5
AA1
330
A9D
100
AcDbEntity
  8
Defpoints
 62
     0
100
AcDbPoint
 10
7549952.461
 20
5784945.385000001
 30
0.0
  0
POINT
  5
AA2
330
A9D
100
AcDbEntity
  8
Defpoints
 62
     0
100
AcDbPoint
 10
7549969.241
 20
5784962.119
 30
0.0
  0
POINT
  5
AA3
330
A9D
100
AcDbEntity
  8
Defpoints
 62
     0
100
AcDbPoint
 10
7549969.770601677
 20
5784961.587942504
 30
0.0
  0
ENDBLK
  5
A9F
330
A9D
100
AcDbEntity
  8
0
100
AcDbBlockEnd
  0
BLOCK
  5
AA6
330
AA5
100
AcDbEntity
  8
0
100
AcDbBlockBegin
  2
*D274
 70
     1
 10
0.0
 20
0.0
 30
0.0
  3
*D274
  1

  0
MTEXT
  5
AA8
330
AA5
100
AcDbEntity
  8
!wymiary
100
AcDbMText
 10
7549980.061312601
 20
5784967.221821876
 30
0.0
 40
1.5
 41
0.0
 46
0.0
 71
     5
 72
     1
  1
\A1;- 23 m -
 11
0.7087687040405372
 21
0.7054409430793604
 31
0.0
 73
     1
 44
1.0
 90
        3
 63
     9
421
 13158600
 45
1.1
441
        0
  0
POINT
  5
AA9
330
AA5
100
AcDbEntity
  8
Defpoints
 62
     0
100
AcDbPoint
 10
7549969.241
 20
5784962.119
 30
0.0
  0
POINT
  5
AAA
330
AA5
100
AcDbEntity
  8
Defpoints
 62
     0
100
AcDbPoint
 10
7549985.215000001
 20
5784978.017999999
 30
0.0
  0
POINT
  5
AAB
330
AA5
100
AcDbEntity
  8
Defpoints
 62
     0
100
AcDbPoint
 10
7549985.744080708
 20
5784977.486423471
 30
0.0
  0
ENDBLK
  5
AA7
330
AA5
100
AcDbEntity
  8
0
100
AcDbBlockEnd
  0
BLOCK
  5
AAE
330
AAD
100
AcDbEntity
  8
0
100
AcDbBlockBegin
  2
*D275
 70
     1
 10
0.0
 20
0.0
 30
0.0
  3
*D275
  1

  0
MTEXT
  5
AB0
330
AAD
100
AcDbEntity
  8
!wymiary
100
AcDbMText
 10
7550002.11275034
 20
5784989.11452123
 30
0.0
 40
1.5
 41
0.0
 46
0.0
 71
     5
 72
     1
  1
\A1;- 40 m -
 11
0.7101789251044575
 21
0.7040212314536242
 31
0.0
 73
     1
 44
1.0
 90
        3
 63
     9
421
 13158600
 45
1.1
441
        0
  0
POINT
  5
AB1
330
AAD
100
AcDbEntity
  8
Defpoints
 62
     0
100
AcDbPoint
 10
7549985.215000001
 20
5784978.017999999
 30
0.0
  0
POINT
  5
AB2
330
AAD
100
AcDbEntity
  8
Defpoints
 62
     0
100
AcDbPoint
 10
7550013.356000001
 20
5785005.915
 30
0.0
  0
POINT
  5
AB3
330
AAD
100
AcDbEntity
  8
Defpoints
 62
     0
100
AcDbPoint
 10
7550013.884015925
 20
5785005.382365806
 30
0.0
  0
ENDBLK
  5
AAF
330
AAD
100
AcDbEntity
  8
0
100
AcDbBlockEnd
  0
BLOCK
  5
AB6
330
AB5
100
AcDbEntity
  8
0
100
AcDbBlockBegin
  2
*D276
 70
     1
 10
0.0
 20
0.0
 30
0.0
  3
*D276
  1

  0
MTEXT
  5
AB8
330
AB5
100
AcDbEntity
  8
!wymiary
100
AcDbMText
 10
7550026.308467163
 20
5785012.771433169
 30
0.0
 40
1.5
 41
0.0
 46
0.0
 71
     5
 72
     1
  1
\A1;- 28 m -
 11
0.7217799437949227
 21
0.6921226139459672
 31
0.0
 73
     1
 44
1.0
 90
        3
 63
     9
421
 13158600
 45
1.1
441
        0
  0
POINT
  5
AB9
330
AB5
100
AcDbEntity
  8
Defpoints
 62
     0
100
AcDbPoint
 10
7550013.356000001
 20
5785005.915
 30
0.0
  0
POINT
  5
ABA
330
AB5
100
AcDbEntity
  8
Defpoints
 62
     0
100
AcDbPoint
 10
7550033.702000001
 20
5785025.425
 30
0.0
  0
POINT
  5
ABB
330
AB5
100
AcDbEntity
  8
Defpoints
 62
     0
100
AcDbPoint
 10
7550034.221091961
 20
5785024.883665042
 30
0.0
  0
ENDBLK
  5
AB7
330
AB5
100
AcDbEntity
  8
0
100
AcDbBlockEnd
  0
BLOCK
  5
ABE
330
ABD
100
AcDbEntity
  8
0
100
AcDbBlockBegin
  2
*D277
 70
     1
 10
0.0
 20
0.0
 30
0.0
  3
*D277
  1

  0
MTEXT
  5
AC0
330
ABD
100
AcDbEntity
  8
!wymiary
100
AcDbMText
 10
7550043.519249938
 20
5785029.979882794
 30
0.0
 40
1.5
 41
0.0
 46
0.0
 71
     5
 72
     1
  1
\A1;- 20 m -
 11
0.6861836717115677
 21
0.7274283254564888
 31
0.0
 73
     1
 44
1.0
 90
        3
 63
     9
421
 13158600
 45
1.1
441
        0
  0
POINT
  5
AC1
330
ABD
100
AcDbEntity
  8
Defpoints
 62
     0
100
AcDbPoint
 10
7550033.702000001
 20
5785025.425
 30
0.0
  0
POINT
  5
AC2
330
ABD
100
AcDbEntity
  8
Defpoints
 62
     0
100
AcDbPoint
 10
7550047.494
 20
5785040.046
 30
0.0
  0
POINT
  5
AC3
330
ABD
100
AcDbEntity
  8
Defpoints
 62
     0
100
AcDbPoint
 10
7550048.039571244
 20
5785039.531362246
 30
0.0
  0
ENDBLK
  5
ABF
330
ABD
100
AcDbEntity
  8
0
100
AcDbBlockEnd
  0
BLOCK
  5
AC6
330
AC5
100
AcDbEntity
  8
0
100
AcDbBlockBegin
  2
*D278
 70
     1
 10
0.0
 20
0.0
 30
0.0
  3
*D278
  1

  0
MTEXT
  5
AC8
330
AC5
100
AcDbEntity
  8
!wymiary
100
AcDbMText
 10
7550056.722893775
 20
5785042.823476967
 30
0.0
 40
1.5
 41
0.0
 46
0.0
 71
     5
 72
     1
  1
\A1;- 18 m -
 11
0.75040549733832
 21
0.6609777527000652
 31
0.0
 73
     1
 44
1.0
 90
        3
 63
     9
421
 13158600
 45
1.1
441
        0
  0
POINT
  5
AC9
330
AC5
100
AcDbEntity
  8
Defpoints
 62
     0
100
AcDbPoint
 10
7550047.494
 20
5785040.046
 30
0.0
  0
POINT
  5
ACA
330
AC5
100
AcDbEntity
  8
Defpoints
 62
     0
100
AcDbPoint
 10
7550060.642999999
 20
5785051.628
 30
0.0
  0
POINT
  5
ACB
330
AC5
100
AcDbEntity
  8
Defpoints
 62
     0
100
AcDbPoint
 10
7550061.138733314
 20
5785051.065195876
 30
0.0
  0
ENDBLK
  5
AC7
330
AC5
100
AcDbEntity
  8
0
100
AcDbBlockEnd
  0
BLOCK
  5
ACE
330
ACD
100
AcDbEntity
  8
0
100
AcDbBlockBegin
  2
*D279
 70
     1
 10
0.0
 20
0.0
 30
0.0
  3
*D279
  1

  0
MTEXT
  5
AD0
330
ACD
100
AcDbEntity
  8
!wymiary
100
AcDbMText
 10
7550071.973079585
 20
5785057.0957883
 30
0.0
 40
1.5
 41
0.0
 46
0.0
 71
     5
 72
     1
  1
\A1;- 24 m -
 11
0.7155038515326397
 21
0.6986087878361955
 31
0.0
 73
     1
 44
1.0
 90
        3
 63
     9
421
 13158600
 45
1.1
441
        0
  0
POINT
  5
AD1
330
ACD
100
AcDbEntity
  8
Defpoints
 62
     0
100
AcDbPoint
 10
7550060.642999999
 20
5785051.628
 30
0.0
  0
POINT
  5
AD2
330
ACD
100
AcDbEntity
  8
Defpoints
 62
     0
100
AcDbPoint
 10
7550077.71
 20
5785068.292
 30
0.0
  0
POINT
  5
AD3
330
ACD
100
AcDbEntity
  8
Defpoints
 62
     0
100
AcDbPoint
 10
7550078.233956591
 20
5785067.755372112
 30
0.0
  0
ENDBLK
  5
ACF
330
ACD
100
AcDbEntity
  8
0
100
AcDbBlockEnd
  0
BLOCK
  5
AD6
330
AD5
100
AcDbEntity
  8
0
100
AcDbBlockBegin
  2
*D280
 70
     1
 10
0.0
 20
0.0
 30
0.0
  3
*D280
  1

  0
MTEXT
  5
AD8
330
AD5
100
AcDbEntity
  8
!wymiary
100
AcDbMText
 10
7550087.008267995
 20
5785071.823616334
 30
0.0
 40
1.5
 41
0.0
 46
0.0
 71
     5
 72
     1
  1
\A1;- 18 m -
 11
0.711898331899357
 21
0.7022825393236778
 31
0.0
 73
     1
 44
1.0
 90
        3
 63
     9
421
 13158600
 45
1.1
441
        0
  0
POINT
  5
AD9
330
AD5
100
AcDbEntity
  8
Defpoints
 62
     0
100
AcDbPoint
 10
7550077.71
 20
5785068.292
 30
0.0
  0
POINT
  5
ADA
330
AD5
100
AcDbEntity
  8
Defpoints
 62
     0
100
AcDbPoint
 10
7550090.666
 20
5785081.073
 30
0.0
  0
POINT
  5
ADB
330
AD5
100
AcDbEntity
  8
Defpoints
 62
     0
100
AcDbPoint
 10
7550091.192711905
 20
5785080.539076251
 30
0.0
  0
ENDBLK
  5
AD7
330
AD5
100
AcDbEntity
  8
0
100
AcDbBlockEnd
  0
BLOCK
  5
ADE
330
ADD
100
AcDbEntity
  8
0
100
AcDbBlockBegin
  2
*D281
 70
     1
 10
0.0
 20
0.0
 30
0.0
  3
*D281
  1

  0
MTEXT
  5
AE0
330
ADD
100
AcDbEntity
  8
!wymiary
100
AcDbMText
 10
7550102.507666272
 20
5785087.125490215
 30
0.0
 40
1.5
 41
0.0
 46
0.0
 71
     5
 72
     1
  1
\A1;- 25 m -
 11
0.7114317117869454
 21
0.7027552343909627
 31
0.0
 73
     1
 44
1.0
 90
        3
 63
     9
421
 13158600
 45
1.1
441
        0
  0
POINT
  5
AE1
330
ADD
100
AcDbEntity
  8
Defpoints
 62
     0
100
AcDbPoint
 10
7550090.666
 20
5785081.073
 30
0.0
  0
POINT
  5
AE2
330
ADD
100
AcDbEntity
  8
Defpoints
 62
     0
100
AcDbPoint
 10
7550108.705
 20
5785098.892000001
 30
0.0
  0
POINT
  5
AE3
330
ADD
100
AcDbEntity
  8
Defpoints
 62
     0
100
AcDbPoint
 10
7550109.232066425
 20
5785098.358426217
 30
0.0
  0
ENDBLK
  5
ADF
330
ADD
100
AcDbEntity
  8
0
100
AcDbBlockEnd
  0
BLOCK
  5
AE6
330
AE5
100
AcDbEntity
  8
0
100
AcDbBlockBegin
  2
*D282
 70
     1
 10
0.0
 20
0.0
 30
0.0
  3
*D282
  1

  0
MTEXT
  5
AE8
330
AE5
100
AcDbEntity
  8
!wymiary
100
AcDbMText
 10
7550119.310107322
 20
5785103.554367849
 30
0.0
 40
1.5
 41
0.0
 46
0.0
 71
     5
 72
     1
  1
\A1;- 22 m -
 11
0.7199805290017635
 21
0.693994263562993
 31
0.0
 73
     1
 44
1.0
 90
        3
 63
     9
421
 13158600
 45
1.1
441
        0
  0
POINT
  5
AE9
330
AE5
100
AcDbEntity
  8
Defpoints
 62
     0
100
AcDbPoint
 10
7550108.705
 20
5785098.892000001
 30
0.0
  0
POINT
  5
AEA
330
AE5
100
AcDbEntity
  8
Defpoints
 62
     0
100
AcDbPoint
 10
7550124.359
 20
5785113.981000001
 30
0.0
  0
POINT
  5
AEB
330
AE5
100
AcDbEntity
  8
Defpoints
 62
     0
100
AcDbPoint
 10
7550124.879495698
 20
5785113.441014604
 30
0.0
  0
ENDBLK
  5
AE7
330
AE5
100
AcDbEntity
  8
0
100
AcDbBlockEnd
  0
BLOCK
  5
AEE
330
AED
100
AcDbEntity
  8
0
100
AcDbBlockBegin
  2
*D283
 70
     1
 10
0.0
 20
0.0
 30
0.0
  3
*D283
  1

  0
MTEXT
  5
AF0
330
AED
100
AcDbEntity
  8
!wymiary
100
AcDbMText
 10
7550136.150577769
 20
5785119.995879663
 30
0.0
 40
1.5
 41
0.0
 46
0.0
 71
     5
 72
     1
  1
\A1;- 25 m -
 11
0.7109612150768663
 21
0.7032312213322344
 31
0.0
 73
     1
 44
1.0
 90
        3
 63
     9
421
 13158600
 45
1.1
441
        0
  0
POINT
  5
AF1
330
AED
100
AcDbEntity
  8
Defpoints
 62
     0
100
AcDbPoint
 10
7550124.359
 20
5785113.981000001
 30
0.0
  0
POINT
  5
AF2
330
AED
100
AcDbEntity
  8
Defpoints
 62
     0
100
AcDbPoint
 10
7550142.294000001
 20
5785131.721
 30
0.0
  0
POINT
  5
AF3
330
AED
100
AcDbEntity
  8
Defpoints
 62
     0
100
AcDbPoint
 10
7550142.821423417
 20
5785131.187779089
 30
0.0
  0
ENDBLK
  5
AEF
330
AED
100
AcDbEntity
  8
0
100
AcDbBlockEnd
  0
BLOCK
  5
AF6
330
AF5
100
AcDbEntity
  8
0
100
AcDbBlockBegin
  2
*D284
 70
     1
 10
0.0
 20
0.0
 30
0.0
  3
*D284
  1

  0
MTEXT
  5
AF8
330
AF5
100
AcDbEntity
  8
!wymiary
100
AcDbMText
 10
7550154.04934916
 20
5785137.422861518
 30
0.0
 40
1.5
 41
0.0
 46
0.0
 71
     5
 72
     1
  1
\A1;- 25 m -
 11
0.7220467984777672
 21
0.6918442171529706
 31
0.0
 73
     1
 44
1.0
 90
        3
 63
     9
421
 13158600
 45
1.1
441
        0
  0
POINT
  5
AF9
330
AF5
100
AcDbEntity
  8
Defpoints
 62
     0
100
AcDbPoint
 10
7550142.294000001
 20
5785131.721
 30
0.0
  0
POINT
  5
AFA
330
AF5
100
AcDbEntity
  8
Defpoints
 62
     0
100
AcDbPoint
 10
7550160.248000001
 20
5785148.924000001
 30
0.0
  0
POINT
  5
AFB
330
AF5
100
AcDbEntity
  8
Defpoints
 62
     0
100
AcDbPoint
 10
7550160.766883164
 20
5785148.382464902
 30
0.0
  0
ENDBLK
  5
AF7
330
AF5
100
AcDbEntity
  8
0
100
AcDbBlockEnd
  0
BLOCK
  5
AFE
330
AFD
100
AcDbEntity
  8
0
100
AcDbBlockBegin
  2
*D285
 70
     1
 10
0.0
 20
0.0
 30
0.0
  3
*D285
  1

  0
MTEXT
  5
B00
330
AFD
100
AcDbEntity
  8
!wymiary
100
AcDbMText
 10
7550170.59209277
 20
5785153.214411526
 30
0.0
 40
1.5
 41
0.0
 46
0.0
 71
     5
 72
     1
  1
\A1;- 21 m -
 11
0.7257152091988802
 21
0.6879952290077496
 31
0.0
 73
     1
 44
1.0
 90
        3
 63
     9
421
 13158600
 45
1.1
441
        0
  0
POINT
  5
B01
330
AFD
100
AcDbEntity
  8
Defpoints
 62
     0
100
AcDbPoint
 10
7550160.248000001
 20
5785148.924000001
 30
0.0
  0
POINT
  5
B02
330
AFD
100
AcDbEntity
  8
Defpoints
 62
     0
100
AcDbPoint
 10
7550175.428
 20
5785163.315000001
 30
0.0
  0
POINT
  5
B03
330
AFD
100
AcDbEntity
  8
Defpoints
 62
     0
100
AcDbPoint
 10
7550175.943996422
 20
5785162.770713595
 30
0.0
  0
ENDBLK
  5
AFF
330
AFD
100
AcDbEntity
  8
0
100
AcDbBlockEnd
  0
BLOCK
  5
B06
330
B05
100
AcDbEntity
  8
0
100
AcDbBlockBegin
  2
*D286
 70
     1
 10
0.0
 20
0.0
 30
0.0
  3
*D286
  1

  0
MTEXT
  5
B08
330
B05
100
AcDbEntity
  8
!wymiary
100
AcDbMText
 10
7550186.104934573
 20
5785168.782363053
 30
0.0
 40
1.5
 41
0.0
 46
0.0
 71
     5
 72
     1
  1
\A1;- 23 m -
 11
0.6861011828113109
 21
0.7275061284586682
 31
0.0
 73
     1
 44
1.0
 90
        3
 63
     9
421
 13158600
 45
1.1
441
        0
  0
POINT
  5
B09
330
B05
100
AcDbEntity
  8
Defpoints
 62
     0
100
AcDbPoint
 10
7550175.428
 20
5785163.315000001
 30
0.0
  0
POINT
  5
B0A
330
B05
100
AcDbEntity
  8
Defpoints
 62
     0
100
AcDbPoint
 10
7550190.937999999
 20
5785179.761
 30
0.0
  0
POINT
  5
B0B
330
B05
100
AcDbEntity
  8
Defpoints
 62
     0
100
AcDbPoint
 10
7550191.483629595
 20
5785179.246424112
 30
0.0
  0
ENDBLK
  5
B07
330
B05
100
AcDbEntity
  8
0
100
AcDbBlockEnd
  0
BLOCK
  5
B0E
330
B0D
100
AcDbEntity
  8
0
100
AcDbBlockBegin
  2
*D287
 70
     1
 10
0.0
 20
0.0
 30
0.0
  3
*D287
  1

  0
MTEXT
  5
B10
330
B0D
100
AcDbEntity
  8
!wymiary
100
AcDbMText
 10
7550208.392864083
 20
5785189.995261172
 30
0.0
 40
1.5
 41
0.0
 46
0.0
 71
     5
 72
     1
  1
\A1;- 40 m -
 11
0.7451054607924946
 21
0.6669466637574584
 31
0.0
 73
     1
 44
1.0
 90
        3
 63
     9
421
 13158600
 45
1.1
441
        0
  0
POINT
  5
B11
330
B0D
100
AcDbEntity
  8
Defpoints
 62
     0
100
AcDbPoint
 10
7550190.937999999
 20
5785179.761
 30
0.0
  0
POINT
  5
B12
330
B0D
100
AcDbEntity
  8
Defpoints
 62
     0
100
AcDbPoint
 10
7550220.491
 20
5785206.214000001
 30
0.0
  0
POINT
  5
B13
330
B0D
100
AcDbEntity
  8
Defpoints
 62
     0
100
AcDbPoint
 10
7550220.991209998
 20
5785205.655170905
 30
0.0
  0
ENDBLK
  5
B0F
330
B0D
100
AcDbEntity
  8
0
100
AcDbBlockEnd
  0
BLOCK
  5
B16
330
B15
100
AcDbEntity
  8
0
100
AcDbBlockBegin
  2
*D288
 70
     1
 10
0.0
 20
0.0
 30
0.0
  3
*D288
  1

  0
MTEXT
  5
B18
330
B15
100
AcDbEntity
  8
!wymiary
100
AcDbMText
 10
7550233.035630952
 20
5785214.315673141
 30
0.0
 40
1.5
 41
0.0
 46
0.0
 71
     5
 72
     1
  1
\A1;- 29 m -
 11
0.663202204118693
 21
0.7484402691278093
 31
0.0
 73
     1
 44
1.0
 90
        3
 63
     9
421
 13158600
 45
1.1
441
        0
  0
POINT
  5
B19
330
B15
100
AcDbEntity
  8
Defpoints
 62
     0
100
AcDbPoint
 10
7550220.491
 20
5785206.214000001
 30
0.0
  0
POINT
  5
B1A
330
B15
100
AcDbEntity
  8
Defpoints
 62
     0
100
AcDbPoint
 10
7550239.569
 20
5785227.744
 30
0.0
  0
POINT
  5
B1B
330
B15
100
AcDbEntity
  8
Defpoints
 62
     0
100
AcDbPoint
 10
7550240.130330202
 20
5785227.246598347
 30
0.0
  0
ENDBLK
  5
B17
330
B15
100
AcDbEntity
  8
0
100
AcDbBlockEnd
  0
BLOCK
  5
B1E
330
B1D
100
AcDbEntity
  8
0
100
AcDbBlockBegin
  2
*D289
 70
     1
 10
0.0
 20
0.0
 30
0.0
  3
*D289
  1

  0
MTEXT
  5
B20
330
B1D
100
AcDbEntity
  8
!wymiary
100
AcDbMText
 10
7550257.292970545
 20
5785239.576446892
 30
0.0
 40
1.5
 41
0.0
 46
0.0
 71
     5
 72
     1
  1
\A1;- 42 m -
 11
0.712591438670465
 21
0.7015792482204394
 31
0.0
 73
     1
 44
1.0
 90
        3
 63
     9
421
 13158600
 45
1.1
441
        0
  0
POINT
  5
B21
330
B1D
100
AcDbEntity
  8
Defpoints
 62
     0
100
AcDbPoint
 10
7550239.569
 20
5785227.744
 30
0.0
  0
POINT
  5
B22
330
B1D
100
AcDbEntity
  8
Defpoints
 62
     0
100
AcDbPoint
 10
7550269.4
 20
5785257.114
 30
0.0
  0
POINT
  5
B23
330
B1D
100
AcDbEntity
  8
Defpoints
 62
     0
100
AcDbPoint
 10
7550269.926184436
 20
5785256.579556421
 30
0.0
  0
ENDBLK
  5
B1F
330
B1D
100
AcDbEntity
  8
0
100
AcDbBlockEnd
  0
BLOCK
  5
B26
330
B25
100
AcDbEntity
  8
0
100
AcDbBlockBegin
  2
*D290
 70
     1
 10
0.0
 20
0.0
 30
0.0
  3
*D290
  1

  0
MTEXT
  5
B28
330
B25
100
AcDbEntity
  8
!wymiary
100
AcDbMText
 10
7550289.315535781
 20
5785270.906244387
 30
0.0
 40
1.5
 41
0.0
 46
0.0
 71
     5
 72
     1
  1
\A1;- 48 m -
 11
0.7163486737879502
 21
0.6977424865681069
 31
0.0
 73
     1
 44
1.0
 90
        3
 63
     9
421
 13158600
 45
1.1
441
        0
  0
POINT
  5
B29
330
B25
100
AcDbEntity
  8
Defpoints
 62
     0
100
AcDbPoint
 10
7550269.4
 20
5785257.114
 30
0.0
  0
POINT
  5
B2A
330
B25
100
AcDbEntity
  8
Defpoints
 62
     0
100
AcDbPoint
 10
7550303.627
 20
5785290.452000001
 30
0.0
  0
POINT
  5
B2B
330
B25
100
AcDbEntity
  8
Defpoints
 62
     0
100
AcDbPoint
 10
7550304.150306866
 20
5785289.914738496
 30
0.0
  0
ENDBLK
  5
B27
330
B25
100
AcDbEntity
  8
0
100
AcDbBlockEnd
  0
BLOCK
  5
B2E
330
B2D
100
AcDbEntity
  8
0
100
AcDbBlockBegin
  2
*D291
 70
     1
 10
0.0
 20
0.0
 30
0.0
  3
*D291
  1

  0
MTEXT
  5
B30
330
B2D
100
AcDbEntity
  8
!wymiary
100
AcDbMText
 10
7550322.950218629
 20
5785303.580150917
 30
0.0
 40
1.5
 41
0.0
 46
0.0
 71
     5
 72
     1
  1
\A1;- 46 m -
 11
0.7182395441812174
 21
0.6957959163248639
 31
0.0
 73
     1
 44
1.0
 90
        3
 63
     9
421
 13158600
 45
1.1
441
        0
  0
POINT
  5
B31
330
B2D
100
AcDbEntity
  8
Defpoints
 62
     0
100
AcDbPoint
 10
7550303.627
 20
5785290.452000001
 30
0.0
  0
POINT
  5
B32
330
B2D
100
AcDbEntity
  8
Defpoints
 62
     0
100
AcDbPoint
 10
7550336.685000001
 20
5785322.477000001
 30
0.0
  0
POINT
  5
B33
330
B2D
100
AcDbEntity
  8
Defpoints
 62
     0
100
AcDbPoint
 10
7550337.206846938
 20
5785321.938320342
 30
0.0
  0
ENDBLK
  5
B2F
330
B2D
100
AcDbEntity
  8
0
100
AcDbBlockEnd
  0
BLOCK
  5
B36
330
B35
100
AcDbEntity
  8
0
100
AcDbBlockBegin
  2
*D292
 70
     1
 10
0.0
 20
0.0
 30
0.0
  3
*D292
  1

  0
MTEXT
  5
B38
330
B35
100
AcDbEntity
  8
!wymiary
100
AcDbMText
 10
7550348.662105337
 20
5785328.559225549
 30
0.0
 40
1.5
 41
0.0
 46
0.0
 71
     5
 72
     1
  1
\A1;- 26 m -
 11
0.7154818200707377
 21
0.6986313513923239
 31
0.0
 73
     1
 44
1.0
 90
        3
 63
     9
421
 13158600
 45
1.1
441
        0
  0
POINT
  5
B39
330
B35
100
AcDbEntity
  8
Defpoints
 62
     0
100
AcDbPoint
 10
7550336.685000001
 20
5785322.477000001
 30
0.0
  0
POINT
  5
B3A
330
B35
100
AcDbEntity
  8
Defpoints
 62
     0
100
AcDbPoint
 10
7550355.028
 20
5785340.387999999
 30
0.0
  0
POINT
  5
B3B
330
B35
100
AcDbEntity
  8
Defpoints
 62
     0
100
AcDbPoint
 10
7550355.551973513
 20
5785339.851388634
 30
0.0
  0
ENDBLK
  5
B37
330
B35
100
AcDbEntity
  8
0
100
AcDbBlockEnd
  0
BLOCK
  5
B3E
330
B3D
100
AcDbEntity
  8
0
100
AcDbBlockBegin
  2
*D293
 70
     1
 10
0.0
 20
0.0
 30
0.0
  3
*D293
  1

  0
MTEXT
  5
B40
330
B3D
100
AcDbEntity
  8
!wymiary
100
AcDbMText
 10
7550367.242987216
 20
5785346.676210172
 30
0.0
 40
1.5
 41
0.0
 46
0.0
 71
     5
 72
     1
  1
\A1;- 26 m -
 11
0.7164816997843123
 21
0.6976058872129612
 31
0.0
 73
     1
 44
1.0
 90
        3
 63
     9
421
 13158600
 45
1.1
441
        0
  0
POINT
  5
B41
330
B3D
100
AcDbEntity
  8
Defpoints
 62
     0
100
AcDbPoint
 10
7550355.028
 20
5785340.387999999
 30
0.0
  0
POINT
  5
B42
330
B3D
100
AcDbEntity
  8
Defpoints
 62
     0
100
AcDbPoint
 10
7550373.855
 20
5785358.719
 30
0.0
  0
POINT
  5
B43
330
B3D
100
AcDbEntity
  8
Defpoints
 62
     0
100
AcDbPoint
 10
7550374.378204416
 20
5785358.181638725
 30
0.0
  0
ENDBLK
  5
B3F
330
B3D
100
AcDbEntity
  8
0
100
AcDbBlockEnd
  0
BLOCK
  5
B46
330
B45
100
AcDbEntity
  8
0
100
AcDbBlockBegin
  2
*D294
 70
     1
 10
0.0
 20
0.0
 30
0.0
  3
*D294
  1

  0
MTEXT
  5
B48
330
B45
100
AcDbEntity
  8
!wymiary
100
AcDbMText
 10
7550390.968446299
 20
5785369.795618942
 30
0.0
 40
1.5
 41
0.0
 46
0.0
 71
     5
 72
     1
  1
\A1;- 40 m -
 11
0.7160063919992586
 21
0.6980937233754534
 31
0.0
 73
     1
 44
1.0
 90
        3
 63
     9
421
 13158600
 45
1.1
441
        0
  0
POINT
  5
B49
330
B45
100
AcDbEntity
  8
Defpoints
 62
     0
100
AcDbPoint
 10
7550373.855
 20
5785358.719
 30
0.0
  0
POINT
  5
B4A
330
B45
100
AcDbEntity
  8
Defpoints
 62
     0
100
AcDbPoint
 10
7550402.475000001
 20
5785386.623000001
 30
0.0
  0
POINT
  5
B4B
330
B45
100
AcDbEntity
  8
Defpoints
 62
     0
100
AcDbPoint
 10
7550402.998570293
 20
5785386.085995207
 30
0.0
  0
ENDBLK
  5
B47
330
B45
100
AcDbEntity
  8
0
100
AcDbBlockEnd
  0
BLOCK
  5
B4E
330
B4D
100
AcDbEntity
  8
0
100
AcDbBlockBegin
  2
*D295
 70
     1
 10
0.0
 20
0.0
 30
0.0
  3
*D295
  1

  0
MTEXT
  5
B50
330
B4D
100
AcDbEntity
  8
!wymiary
100
AcDbMText
 10
7550415.475852932
 20
5785393.142304173
 30
0.0
 40
1.5
 41
0.0
 46
0.0
 71
     5
 72
     1
  1
\A1;- 28 m -
 11
0.7353832574249219
 21
0.6776514330384841
 31
0.0
 73
     1
 44
1.0
 90
        3
 63
     9
421
 13158600
 45
1.1
441
        0
  0
POINT
  5
B51
330
B4D
100
AcDbEntity
  8
Defpoints
 62
     0
100
AcDbPoint
 10
7550402.475000001
 20
5785386.623000001
 30
0.0
  0
POINT
  5
B52
330
B4D
100
AcDbEntity
  8
Defpoints
 62
     0
100
AcDbPoint
 10
7550423.034
 20
5785405.568
 30
0.0
  0
POINT
  5
B53
330
B4D
100
AcDbEntity
  8
Defpoints
 62
     0
100
AcDbPoint
 10
7550423.542238574
 20
5785405.016462557
 30
0.0
  0
ENDBLK
  5
B4F
330
B4D
100
AcDbEntity
  8
0
100
AcDbBlockEnd
  0
BLOCK
  5
B56
330
B55
100
AcDbEntity
  8
0
100
AcDbBlockBegin
  2
*D296
 70
     1
 10
0.0
 20
0.0
 30
0.0
  3
*D296
  1

  0
MTEXT
  5
B58
330
B55
100
AcDbEntity
  8
!wymiary
100
AcDbMText
 10
7548857.655577132
 20
5784420.304161782
 30
0.0
 40
1.5
 41
0.0
 46
0.0
 71
     5
 72
     1
  1
\A1;- 45 m -
 11
0.977998767969366
 21
0.208610665715831
 31
0.0
 73
     1
 44
1.0
 90
        3
 63
     9
421
 13158600
 45
1.1
441
        0
  0
POINT
  5
B59
330
B55
100
AcDbEntity
  8
Defpoints
 62
     0
100
AcDbPoint
 10
7548834.641932716
 20
5784419.498330728
 30
0.0
  0
POINT
  5
B5A
330
B55
100
AcDbEntity
  8
Defpoints
 62
     0
100
AcDbPoint
 10
7548878.995
 20
5784428.959000001
 30
0.0
  0
POINT
  5
B5B
330
B55
100
AcDbEntity
  8
Defpoints
 62
     0
100
AcDbPoint
 10
7548879.151458
 20
5784428.225500925
 30
0.0
  0
ENDBLK
  5
B57
330
B55
100
AcDbEntity
  8
0
100
AcDbBlockEnd
  0
BLOCK
  5
B5E
330
B5D
100
AcDbEntity
  8
0
100
AcDbBlockBegin
  2
*D297
 70
     1
 10
0.0
 20
0.0
 30
0.0
  3
*D297
  1

  0
MTEXT
  5
B60
330
B5D
100
AcDbEntity
  8
!wymiary
100
AcDbMText
 10
7549083.300186437
 20
5784485.004604091
 30
0.0
 40
1.5
 41
0.0
 46
0.0
 71
     5
 72
     1
  1
\A1;- 37 m -
 11
0.7143005100104249
 21
-0.6998391110811447
 31
0.0
 73
     1
 44
1.0
 90
        3
 63
     9
421
 13158600
 45
1.1
441
        0
  0
POINT
  5
B61
330
B5D
100
AcDbEntity
  8
Defpoints
 62
     0
100
AcDbPoint
 10
7549072.997
 20
5784500.722
 30
0.0
  0
POINT
  5
B62
330
B5D
100
AcDbEntity
  8
Defpoints
 62
     0
100
AcDbPoint
 10
7549099.225000001
 20
5784475.025
 30
0.0
  0
POINT
  5
B63
330
B5D
100
AcDbEntity
  8
Defpoints
 62
     0
100
AcDbPoint
 10
7549098.700120668
 20
5784474.489274618
 30
0.0
  0
ENDBLK
  5
B5F
330
B5D
100
AcDbEntity
  8
0
100
AcDbBlockEnd
  0
BLOCK
  5
B66
330
B65
100
AcDbEntity
  8
0
100
AcDbBlockBegin
  2
*D298
 70
     1
 10
0.0
 20
0.0
 30
0.0
  3
*D298
  1

  0
MTEXT
  5
B68
330
B65
100
AcDbEntity
  8
!wymiary
100
AcDbMText
 10
7549115.99299806
 20
5784474.954005405
 30
0.0
 40
1.5
 41
0.0
 46
0.0
 71
     5
 72
     1
  1
\A1;- 33 m -
 11
0.9718959029488571
 21
0.2354110316684968
 31
0.0
 73
     1
 44
1.0
 90
        3
 63
     9
421
 13158600
 45
1.1
441
        0
  0
POINT
  5
B69
330
B65
100
AcDbEntity
  8
Defpoints
 62
     0
100
AcDbPoint
 10
7549099.225000001
 20
5784475.025
 30
0.0
  0
POINT
  5
B6A
330
B65
100
AcDbEntity
  8
Defpoints
 62
     0
100
AcDbPoint
 10
7549130.87
 20
5784482.690000001
 30
0.0
  0
POINT
  5
B6B
330
B65
100
AcDbEntity
  8
Defpoints
 62
     0
100
AcDbPoint
 10
7549131.046558274
 20
5784481.961078074
 30
0.0
  0
ENDBLK
  5
B67
330
B65
100
AcDbEntity
  8
0
100
AcDbBlockEnd
  0
BLOCK
  5
B6E
330
B6D
100
AcDbEntity
  8
0
100
AcDbBlockBegin
  2
*D299
 70
     1
 10
0.0
 20
0.0
 30
0.0
  3
*D299
  1

  0
MTEXT
  5
B70
330
B6D
100
AcDbEntity
  8
!wymiary
100
AcDbMText
 10
7549155.039488622
 20
5784484.81809119
 30
0.0
 40
1.5
 41
0.0
 46
0.0
 71
     5
 72
     1
  1
\A1;- 48 m -
 11
0.9678896455031852
 21
0.251375484341092
 31
0.0
 73
     1
 44
1.0
 90
        3
 63
     9
421
 13158600
 45
1.1
441
        0
  0
POINT
  5
B71
330
B6D
100
AcDbEntity
  8
Defpoints
 62
     0
100
AcDbPoint
 10
7549130.87
 20
5784482.690000001
 30
0.0
  0
POINT
  5
B72
330
B6D
100
AcDbEntity
  8
Defpoints
 62
     0
100
AcDbPoint
 10
7549177.19
 20
5784494.720000001
 30
0.0
  0
POINT
  5
B73
330
B6D
100
AcDbEntity
  8
Defpoints
 62
     0
100
AcDbPoint
 10
7549177.378531613
 20
5784493.994082767
 30
0.0
  0
ENDBLK
  5
B6F
330
B6D
100
AcDbEntity
  8
0
100
AcDbBlockEnd
  0
BLOCK
  5
B76
330
B75
100
AcDbEntity
  8
0
100
AcDbBlockBegin
  2
*D300
 70
     1
 10
0.0
 20
0.0
 30
0.0
  3
*D300
  1

  0
MTEXT
  5
B78
330
B75
100
AcDbEntity
  8
!wymiary
100
AcDbMText
 10
7549200.69976084
 20
5784485.456248932
 30
0.0
 40
1.5
 41
0.0
 46
0.0
 71
     5
 72
     1
  1
\A1;- 50 m -
 11
0.9768148231741625
 21
-0.2140859669086923
 31
0.0
 73
     1
 44
1.0
 90
        3
 63
     9
421
 13158600
 45
1.1
441
        0
  0
POINT
  5
B79
330
B75
100
AcDbEntity
  8
Defpoints
 62
     0
100
AcDbPoint
 10
7549177.19
 20
5784494.720000001
 30
0.0
  0
POINT
  5
B7A
330
B75
100
AcDbEntity
  8
Defpoints
 62
     0
100
AcDbPoint
 10
7549225.929
 20
5784484.038000001
 30
0.0
  0
POINT
  5
B7B
330
B75
100
AcDbEntity
  8
Defpoints
 62
     0
100
AcDbPoint
 10
7549225.768435526
 20
5784483.305388884
 30
0.0
  0
ENDBLK
  5
B77
330
B75
100
AcDbEntity
  8
0
100
AcDbBlockEnd
  0
BLOCK
  5
B7E
330
B7D
100
AcDbEntity
  8
0
100
AcDbBlockBegin
  2
*D301
 70
     1
 10
0.0
 20
0.0
 30
0.0
  3
*D301
  1

  0
MTEXT
  5
B80
330
B7D
100
AcDbEntity
  8
!wymiary
100
AcDbMText
 10
7549239.867608986
 20
5784487.699011911
 30
0.0
 40
1.5
 41
0.0
 46
0.0
 71
     5
 72
     1
  1
\A1;- 28 m -
 11
0.8580947877471092
 21
0.5134913195383578
 31
0.0
 73
     1
 44
1.0
 90
        3
 63
     9
421
 13158600
 45
1.1
441
        0
  0
POINT
  5
B81
330
B7D
100
AcDbEntity
  8
Defpoints
 62
     0
100
AcDbPoint
 10
7549225.929
 20
5784484.038000001
 30
0.0
  0
POINT
  5
B82
330
B7D
100
AcDbEntity
  8
Defpoints
 62
     0
100
AcDbPoint
 10
7549249.682
 20
5784498.252
 30
0.0
  0
POINT
  5
B83
330
B7D
100
AcDbEntity
  8
Defpoints
 62
     0
100
AcDbPoint
 10
7549250.06711849
 20
5784497.608428909
 30
0.0
  0
ENDBLK
  5
B7F
330
B7D
100
AcDbEntity
  8
0
100
AcDbBlockEnd
  0
BLOCK
  5
B86
330
B85
100
AcDbEntity
  8
0
100
AcDbBlockBegin
  2
*D302
 70
     1
 10
0.0
 20
0.0
 30
0.0
  3
*D302
  1

  0
MTEXT
  5
B88
330
B85
100
AcDbEntity
  8
!wymiary
100
AcDbMText
 10
7549263.353654268
 20
5784503.030029112
 30
0.0
 40
1.5
 41
0.0
 46
0.0
 71
     5
 72
     1
  1
\A1;- 28 m -
 11
0.8155093330880298
 21
0.5787439223407164
 31
0.0
 73
     1
 44
1.0
 90
        3
 63
     9
421
 13158600
 45
1.1
441
        0
  0
POINT
  5
B89
330
B85
100
AcDbEntity
  8
Defpoints
 62
     0
100
AcDbPoint
 10
7549249.682
 20
5784498.252
 30
0.0
  0
POINT
  5
B8A
330
B85
100
AcDbEntity
  8
Defpoints
 62
     0
100
AcDbPoint
 10
7549272.377
 20
5784514.357999999
 30
0.0
  0
POINT
  5
B8B
330
B85
100
AcDbEntity
  8
Defpoints
 62
     0
100
AcDbPoint
 10
7549272.811057942
 20
5784513.746367999
 30
0.0
  0
ENDBLK
  5
B87
330
B85
100
AcDbEntity
  8
0
100
AcDbBlockEnd
  0
BLOCK
  5
B8E
330
B8D
100
AcDbEntity
  8
0
100
AcDbBlockBegin
  2
*D303
 70
     1
 10
0.0
 20
0.0
 30
0.0
  3
*D303
  1

  0
MTEXT
  5
B90
330
B8D
100
AcDbEntity
  8
!wymiary
100
AcDbMText
 10
7549287.907262631
 20
5784513.391846519
 30
0.0
 40
1.5
 41
0.0
 46
0.0
 71
     5
 72
     1
  1
\A1;- 30 m -
 11
0.9802763249264917
 21
0.1976317959960176
 31
0.0
 73
     1
 44
1.0
 90
        3
 63
     9
421
 13158600
 45
1.1
441
        0
  0
POINT
  5
B91
330
B8D
100
AcDbEntity
  8
Defpoints
 62
     0
100
AcDbPoint
 10
7549272.377
 20
5784514.357999999
 30
0.0
  0
POINT
  5
B92
330
B8D
100
AcDbEntity
  8
Defpoints
 62
     0
100
AcDbPoint
 10
7549301.850000001
 20
5784520.3
 30
0.0
  0
POINT
  5
B93
330
B8D
100
AcDbEntity
  8
Defpoints
 62
     0
100
AcDbPoint
 10
7549301.998223848
 20
5784519.564792756
 30
0.0
  0
ENDBLK
  5
B8F
330
B8D
100
AcDbEntity
  8
0
100
AcDbBlockEnd
  0
BLOCK
  5
B96
330
B95
100
AcDbEntity
  8
0
100
AcDbBlockBegin
  2
*D304
 70
     1
 10
0.0
 20
0.0
 30
0.0
  3
*D304
  1

  0
MTEXT
  5
B98
330
B95
100
AcDbEntity
  8
!wymiary
100
AcDbMText
 10
7549322.31267267
 20
5784521.309095179
 30
0.0
 40
1.5
 41
0.0
 46
0.0
 71
     5
 72
     1
  1
\A1;- 40 m -
 11
0.9697562475077565
 21
0.2440754400173744
 31
0.0
 73
     1
 44
1.0
 90
        3
 63
     9
421
 13158600
 45
1.1
441
        0
  0
POINT
  5
B99
330
B95
100
AcDbEntity
  8
Defpoints
 62
     0
100
AcDbPoint
 10
7549301.850000001
 20
5784520.3
 30
0.0
  0
POINT
  5
B9A
330
B95
100
AcDbEntity
  8
Defpoints
 62
     0
100
AcDbPoint
 10
7549340.815
 20
5784530.107000001
 30
0.0
  0
POINT
  5
B9B
330
B95
100
AcDbEntity
  8
Defpoints
 62
     0
100
AcDbPoint
 10
7549340.99805658
 20
5784529.379682815
 30
0.0
  0
ENDBLK
  5
B97
330
B95
100
AcDbEntity
  8
0
100
AcDbBlockEnd
  0
BLOCK
  5
B9E
330
B9D
100
AcDbEntity
  8
0
100
AcDbBlockBegin
  2
*D305
 70
     1
 10
0.0
 20
0.0
 30
0.0
  3
*D305
  1

  0
MTEXT
  5
BA0
330
B9D
100
AcDbEntity
  8
!wymiary
100
AcDbMText
 10
7549355.727351063
 20
5784529.482937773
 30
0.0
 40
1.5
 41
0.0
 46
0.0
 71
     5
 72
     1
  1
\A1;- 29 m -
 11
0.973530633842866
 21
0.2285565684234598
 31
0.0
 73
     1
 44
1.0
 90
        3
 63
     9
421
 13158600
 45
1.1
441
        0
  0
POINT
  5
BA1
330
B9D
100
AcDbEntity
  8
Defpoints
 62
     0
100
AcDbPoint
 10
7549340.815
 20
5784530.107000001
 30
0.0
  0
POINT
  5
BA2
330
B9D
100
AcDbEntity
  8
Defpoints
 62
     0
100
AcDbPoint
 10
7549368.804
 20
5784536.677999999
 30
0.0
  0
POINT
  5
BA3
330
B9D
100
AcDbEntity
  8
Defpoints
 62
     0
100
AcDbPoint
 10
7549368.975417427
 20
5784535.947852024
 30
0.0
  0
ENDBLK
  5
B9F
330
B9D
100
AcDbEntity
  8
0
100
AcDbBlockEnd
  0
BLOCK
  5
BA6
330
BA5
100
AcDbEntity
  8
0
100
AcDbBlockBegin
  2
*D306
 70
     1
 10
0.0
 20
0.0
 30
0.0
  3
*D306
  1

  0
MTEXT
  5
BA8
330
BA5
100
AcDbEntity
  8
!wymiary
100
AcDbMText
 10
7549384.366739728
 20
5784536.610739064
 30
0.0
 40
1.5
 41
0.0
 46
0.0
 71
     5
 72
     1
  1
\A1;- 30 m -
 11
0.9672315778664874
 21
0.2538957951166293
 31
0.0
 73
     1
 44
1.0
 90
        3
 63
     9
421
 13158600
 45
1.1
441
        0
  0
POINT
  5
BA9
330
BA5
100
AcDbEntity
  8
Defpoints
 62
     0
100
AcDbPoint
 10
7549368.804
 20
5784536.677999999
 30
0.0
  0
POINT
  5
BAA
330
BA5
100
AcDbEntity
  8
Defpoints
 62
     0
100
AcDbPoint
 10
7549397.890000001
 20
5784544.312999999
 30
0.0
  0
POINT
  5
BAB
330
BA5
100
AcDbEntity
  8
Defpoints
 62
     0
100
AcDbPoint
 10
7549398.080421847
 20
5784543.587576316
 30
0.0
  0
ENDBLK
  5
BA7
330
BA5
100
AcDbEntity
  8
0
100
AcDbBlockEnd
  0
BLOCK
  5
BB6
330
BB5
100
AcDbEntity
  8
0
100
AcDbBlockBegin
  2
*D308
 70
     1
 10
0.0
 20
0.0
 30
0.0
  3
*D308
  1

  0
MTEXT
  5
BB8
330
BB5
100
AcDbEntity
  8
!wymiary
100
AcDbMText
 10
7549447.880633705
 20
5784552.257999231
 30
0.0
 40
1.5
 41
0.0
 46
0.0
 71
     5
 72
     1
  1
\A1;- 27 m -
 11
0.9784992975038854
 21
0.2062501509924359
 31
0.0
 73
     1
 44
1.0
 90
        3
 63
     9
421
 13158600
 45
1.1
441
        0
  0
POINT
  5
BB9
330
BB5
100
AcDbEntity
  8
Defpoints
 62
     0
100
AcDbPoint
 10
7549433.681000001
 20
5784553.356000001
 30
0.0
  0
POINT
  5
BBA
330
BB5
100
AcDbEntity
  8
Defpoints
 62
     0
100
AcDbPoint
 10
7549460.429
 20
5784558.994
 30
0.0
  0
POINT
  5
BBB
330
BB5
100
AcDbEntity
  8
Defpoints
 62
     0
100
AcDbPoint
 10
7549460.583687614
 20
5784558.260125527
 30
0.0
  0
ENDBLK
  5
BB7
330
BB5
100
AcDbEntity
  8
0
100
AcDbBlockEnd
  0
BLOCK
  5
BBE
330
BBD
100
AcDbEntity
  8
0
100
AcDbBlockBegin
  2
*D309
 70
     1
 10
0.0
 20
0.0
 30
0.0
  3
*D309
  1

  0
MTEXT
  5
BC0
330
BBD
100
AcDbEntity
  8
!wymiary
100
AcDbMText
 10
7549469.947425714
 20
5784556.521154561
 30
0.0
 40
1.5
 41
0.0
 46
0.0
 71
     5
 72
     1
  1
\A1;- 18 m -
 11
0.9861762985301767
 21
0.1656994514695804
 31
0.0
 73
     1
 44
1.0
 90
        3
 63
     9
421
 13158600
 45
1.1
441
        0
  0
POINT
  5
BC1
330
BBD
100
AcDbEntity
  8
Defpoints
 62
     0
100
AcDbPoint
 10
7549460.429
 20
5784558.994
 30
0.0
  0
POINT
  5
BC2
330
BBD
100
AcDbEntity
  8
Defpoints
 62
     0
100
AcDbPoint
 10
7549478.135000001
 20
5784561.969
 30
0.0
  0
POINT
  5
BC3
330
BBD
100
AcDbEntity
  8
Defpoints
 62
     0
100
AcDbPoint
 10
7549478.259274589
 20
5784561.229367776
 30
0.0
  0
ENDBLK
  5
BBF
330
BBD
100
AcDbEntity
  8
0
100
AcDbBlockEnd
  0
BLOCK
  5
BC6
330
BC5
100
AcDbEntity
  8
0
100
AcDbBlockBegin
  2
*D310
 70
     1
 10
0.0
 20
0.0
 30
0.0
  3
*D310
  1

  0
MTEXT
  5
BC8
330
BC5
100
AcDbEntity
  8
!wymiary
100
AcDbMText
 10
7549498.582684824
 20
5784562.190099495
 30
0.0
 40
1.5
 41
0.0
 46
0.0
 71
     5
 72
     1
  1
\A1;- 40 m -
 11
0.978346110305506
 21
0.2069755745253212
 31
0.0
 73
     1
 44
1.0
 90
        3
 63
     9
421
 13158600
 45
1.1
441
        0
  0
POINT
  5
BC9
330
BC5
100
AcDbEntity
  8
Defpoints
 62
     0
100
AcDbPoint
 10
7549478.135000001
 20
5784561.969
 30
0.0
  0
POINT
  5
BCA
330
BC5
100
AcDbEntity
  8
Defpoints
 62
     0
100
AcDbPoint
 10
7549517.368000001
 20
5784570.268999999
 30
0.0
  0
POINT
  5
BCB
330
BC5
100
AcDbEntity
  8
Defpoints
 62
     0
100
AcDbPoint
 10
7549517.523231681
 20
5784569.535240415
 30
0.0
  0
ENDBLK
  5
BC7
330
BC5
100
AcDbEntity
  8
0
100
AcDbBlockEnd
  0
BLOCK
  5
BCE
330
BCD
100
AcDbEntity
  8
0
100
AcDbBlockBegin
  2
*D311
 70
     1
 10
0.0
 20
0.0
 30
0.0
  3
*D311
  1

  0
MTEXT
  5
BD0
330
BCD
100
AcDbEntity
  8
!wymiary
100
AcDbMText
 10
7549532.844062092
 20
5784569.471964856
 30
0.0
 40
1.5
 41
0.0
 46
0.0
 71
     5
 72
     1
  1
\A1;- 30 m -
 11
0.977881542594663
 21
0.2091594813836621
 31
0.0
 73
     1
 44
1.0
 90
        3
 63
     9
421
 13158600
 45
1.1
441
        0
  0
POINT
  5
BD1
330
BCD
100
AcDbEntity
  8
Defpoints
 62
     0
100
AcDbPoint
 10
7549517.368000001
 20
5784570.268999999
 30
0.0
  0
POINT
  5
BD2
330
BCD
100
AcDbEntity
  8
Defpoints
 62
     0
100
AcDbPoint
 10
7549546.640000001
 20
5784576.53
 30
0.0
  0
POINT
  5
BD3
330
BCD
100
AcDbEntity
  8
Defpoints
 62
     0
100
AcDbPoint
 10
7549546.796869611
 20
5784575.796588844
 30
0.0
  0
ENDBLK
  5
BCF
330
BCD
100
AcDbEntity
  8
0
100
AcDbBlockEnd
  0
BLOCK
  5
BD6
330
BD5
100
AcDbEntity
  8
0
100
AcDbBlockBegin
  2
*D312
 70
     1
 10
0.0
 20
0.0
 30
0.0
  3
*D312
  1

  0
MTEXT
  5
BD8
330
BD5
100
AcDbEntity
  8
!wymiary
100
AcDbMText
 10
7549567.005786626
 20
5784576.796679198
 30
0.0
 40
1.5
 41
0.0
 46
0.0
 71
     5
 72
     1
  1
\A1;- 40 m -
 11
0.9777037320659104
 21
0.2099890766311204
 31
0.0
 73
     1
 44
1.0
 90
        3
 63
     9
421
 13158600
 45
1.1
441
        0
  0
POINT
  5
BD9
330
BD5
100
AcDbEntity
  8
Defpoints
 62
     0
100
AcDbPoint
 10
7549546.640000001
 20
5784576.53
 30
0.0
  0
POINT
  5
BDA
330
BD5
100
AcDbEntity
  8
Defpoints
 62
     0
100
AcDbPoint
 10
7549585.685000001
 20
5784584.916
 30
0.0
  0
POINT
  5
BDB
330
BD5
100
AcDbEntity
  8
Defpoints
 62
     0
100
AcDbPoint
 10
7549585.842491808
 20
5784584.182722202
 30
0.0
  0
ENDBLK
  5
BD7
330
BD5
100
AcDbEntity
  8
0
100
AcDbBlockEnd
  0
BLOCK
  5
BDE
330
BDD
100
AcDbEntity
  8
0
100
AcDbBlockBegin
  2
*D313
 70
     1
 10
0.0
 20
0.0
 30
0.0
  3
*D313
  1

  0
MTEXT
  5
BE0
330
BDD
100
AcDbEntity
  8
!wymiary
100
AcDbMText
 10
7549606.406568049
 20
5784585.89552344
 30
0.0
 40
1.5
 41
0.0
 46
0.0
 71
     5
 72
     1
  1
\A1;- 41 m -
 11
0.970999001323858
 21
0.2390835406883348
 31
0.0
 73
     1
 44
1.0
 90
        3
 63
     9
421
 13158600
 45
1.1
441
        0
  0
POINT
  5
BE1
330
BDD
100
AcDbEntity
  8
Defpoints
 62
     0
100
AcDbPoint
 10
7549585.685000001
 20
5784584.916
 30
0.0
  0
POINT
  5
BE2
330
BDD
100
AcDbEntity
  8
Defpoints
 62
     0
100
AcDbPoint
 10
7549625.214000001
 20
5784594.649
 30
0.0
  0
POINT
  5
BE3
330
BDD
100
AcDbEntity
  8
Defpoints
 62
     0
100
AcDbPoint
 10
7549625.393312656
 20
5784593.92075075
 30
0.0
  0
ENDBLK
  5
BDF
330
BDD
100
AcDbEntity
  8
0
100
AcDbBlockEnd
  0
BLOCK
  5
BE6
330
BE5
100
AcDbEntity
  8
0
100
AcDbBlockBegin
  2
*D314
 70
     1
 10
0.0
 20
0.0
 30
0.0
  3
*D314
  1

  0
MTEXT
  5
BE8
330
BE5
100
AcDbEntity
  8
!wymiary
100
AcDbMText
 10
7549651.807441574
 20
5784595.672890088
 30
0.0
 40
1.5
 41
0.0
 46
0.0
 71
     5
 72
     1
  1
\A1;- 53 m -
 11
0.9820083447593904
 21
0.1888375249332674
 31
0.0
 73
     1
 44
1.0
 90
        3
 63
     9
421
 13158600
 45
1.1
441
        0
  0
POINT
  5
BE9
330
BE5
100
AcDbEntity
  8
Defpoints
 62
     0
100
AcDbPoint
 10
7549625.214000001
 20
5784594.649
 30
0.0
  0
POINT
  5
BEA
330
BE5
100
AcDbEntity
  8
Defpoints
 62
     0
100
AcDbPoint
 10
7549676.884000001
 20
5784604.585
 30
0.0
  0
POINT
  5
BEB
330
BE5
100
AcDbEntity
  8
Defpoints
 62
     0
100
AcDbPoint
 10
7549677.025628144
 20
5784603.848493743
 30
0.0
  0
ENDBLK
  5
BE7
330
BE5
100
AcDbEntity
  8
0
100
AcDbBlockEnd
  0
BLOCK
  5
BEE
330
BED
100
AcDbEntity
  8
0
100
AcDbBlockBegin
  2
*D315
 70
     1
 10
0.0
 20
0.0
 30
0.0
  3
*D315
  1

  0
MTEXT
  5
BF0
330
BED
100
AcDbEntity
  8
!wymiary
100
AcDbMText
 10
7549702.417293047
 20
5784605.981326113
 30
0.0
 40
1.5
 41
0.0
 46
0.0
 71
     5
 72
     1
  1
\A1;- 51 m -
 11
0.9775426415387779
 21
0.2107377136949825
 31
0.0
 73
     1
 44
1.0
 90
        3
 63
     9
421
 13158600
 45
1.1
441
        0
  0
POINT
  5
BF1
330
BED
100
AcDbEntity
  8
Defpoints
 62
     0
100
AcDbPoint
 10
7549676.884000001
 20
5784604.585
 30
0.0
  0
POINT
  5
BF2
330
BED
100
AcDbEntity
  8
Defpoints
 62
     0
100
AcDbPoint
 10
7549726.258
 20
5784615.228999999
 30
0.0
  0
POINT
  5
BF3
330
BED
100
AcDbEntity
  8
Defpoints
 62
     0
100
AcDbPoint
 10
7549726.416053286
 20
5784614.495843018
 30
0.0
  0
ENDBLK
  5
BEF
330
BED
100
AcDbEntity
  8
0
100
AcDbBlockEnd
  0
BLOCK
  5
BF6
330
BF5
100
AcDbEntity
  8
0
100
AcDbBlockBegin
  2
*D316
 70
     1
 10
0.0
 20
0.0
 30
0.0
  3
*D316
  1

  0
MTEXT
  5
BF8
330
BF5
100
AcDbEntity
  8
!wymiary
100
AcDbMText
 10
7549746.355367103
 20
5784615.891109683
 30
0.0
 40
1.5
 41
0.0
 46
0.0
 71
     5
 72
     1
  1
\A1;- 39 m -
 11
0.9727413733242547
 21
0.2318926920436326
 31
0.0
 73
     1
 44
1.0
 90
        3
 63
     9
421
 13158600
 45
1.1
441
        0
  0
POINT
  5
BF9
330
BF5
100
AcDbEntity
  8
Defpoints
 62
     0
100
AcDbPoint
 10
7549726.258
 20
5784615.228999999
 30
0.0
  0
POINT
  5
BFA
330
BF5
100
AcDbEntity
  8
Defpoints
 62
     0
100
AcDbPoint
 10
7549764.590000001
 20
5784624.367000001
 30
0.0
  0
POINT
  5
BFB
330
BF5
100
AcDbEntity
  8
Defpoints
 62
     0
100
AcDbPoint
 10
7549764.76391952
 20
5784623.637443972
 30
0.0
  0
ENDBLK
  5
BF7
330
BF5
100
AcDbEntity
  8
0
100
AcDbBlockEnd
  0
BLOCK
  5
BFE
330
BFD
100
AcDbEntity
  8
0
100
AcDbBlockBegin
  2
*D317
 70
     1
 10
0.0
 20
0.0
 30
0.0
  3
*D317
  1

  0
MTEXT
  5
C00
330
BFD
100
AcDbEntity
  8
!wymiary
100
AcDbMText
 10
7549788.421144602
 20
5784625.192781584
 30
0.0
 40
1.5
 41
0.0
 46
0.0
 71
     5
 72
     1
  1
\A1;- 47 m -
 11
0.9794296041648691
 21
0.201786150380664
 31
0.0
 73
     1
 44
1.0
 90
        3
 63
     9
421
 13158600
 45
1.1
441
        0
  0
POINT
  5
C01
330
BFD
100
AcDbEntity
  8
Defpoints
 62
     0
100
AcDbPoint
 10
7549764.590000001
 20
5784624.367000001
 30
0.0
  0
POINT
  5
C02
330
BFD
100
AcDbEntity
  8
Defpoints
 62
     0
100
AcDbPoint
 10
7549810.638
 20
5784633.853999999
 30
0.0
  0
POINT
  5
C03
330
BFD
100
AcDbEntity
  8
Defpoints
 62
     0
100
AcDbPoint
 10
7549810.789339613
 20
5784633.119427796
 30
0.0
  0
ENDBLK
  5
BFF
330
BFD
100
AcDbEntity
  8
0
100
AcDbBlockEnd
  0
BLOCK
  5
C06
330
C05
100
AcDbEntity
  8
0
100
AcDbBlockBegin
  2
*D318
 70
     1
 10
0.0
 20
0.0
 30
0.0
  3
*D318
  1

  0
MTEXT
  5
C08
330
C05
100
AcDbEntity
  8
!wymiary
100
AcDbMText
 10
7549837.806397435
 20
5784635.959997654
 30
0.0
 40
1.5
 41
0.0
 46
0.0
 71
     5
 72
     1
  1
\A1;- 54 m -
 11
0.9747588184631291
 21
0.2232604887309096
 31
0.0
 73
     1
 44
1.0
 90
        3
 63
     9
421
 13158600
 45
1.1
441
        0
  0
POINT
  5
C09
330
C05
100
AcDbEntity
  8
Defpoints
 62
     0
100
AcDbPoint
 10
7549810.638
 20
5784633.853999999
 30
0.0
  0
POINT
  5
C0A
330
C05
100
AcDbEntity
  8
Defpoints
 62
     0
100
AcDbPoint
 10
7549863.183
 20
5784645.889
 30
0.0
  0
POINT
  5
C0B
330
C05
100
AcDbEntity
  8
Defpoints
 62
     0
100
AcDbPoint
 10
7549863.350445366
 20
5784645.157930885
 30
0.0
  0
ENDBLK
  5
C07
330
C05
100
AcDbEntity
  8
0
100
AcDbBlockEnd
  0
BLOCK
  5
C0E
330
C0D
100
AcDbEntity
  8
0
100
AcDbBlockBegin
  2
*D319
 70
     1
 10
0.0
 20
0.0
 30
0.0
  3
*D319
  1

  0
MTEXT
  5
C10
330
C0D
100
AcDbEntity
  8
!wymiary
100
AcDbMText
 10
7549884.274209049
 20
5784646.735690149
 30
0.0
 40
1.5
 41
0.0
 46
0.0
 71
     5
 72
     1
  1
\A1;- 41 m -
 11
0.9734554387986611
 21
0.228876623256518
 31
0.0
 73
     1
 44
1.0
 90
        3
 63
     9
421
 13158600
 45
1.1
441
        0
  0
POINT
  5
C11
330
C0D
100
AcDbEntity
  8
Defpoints
 62
     0
100
AcDbPoint
 10
7549863.183
 20
5784645.889
 30
0.0
  0
POINT
  5
C12
330
C0D
100
AcDbEntity
  8
Defpoints
 62
     0
100
AcDbPoint
 10
7549903.533000001
 20
5784655.376
 30
0.0
  0
POINT
  5
C13
330
C0D
100
AcDbEntity
  8
Defpoints
 62
     0
100
AcDbPoint
 10
7549903.704657468
 20
5784654.645908421
 30
0.0
  0
ENDBLK
  5
C0F
330
C0D
100
AcDbEntity
  8
0
100
AcDbBlockEnd
  0
BLOCK
  5
C16
330
C15
100
AcDbEntity
  8
0
100
AcDbBlockBegin
  2
*D320
 70
     1
 10
0.0
 20
0.0
 30
0.0
  3
*D320
  1

  0
MTEXT
  5
C18
330
C15
100
AcDbEntity
  8
!wymiary
100
AcDbMText
 10
7549922.590549733
 20
5784655.541843495
 30
0.0
 40
1.5
 41
0.0
 46
0.0
 71
     5
 72
     1
  1
\A1;- 37 m -
 11
0.9756709300239735
 21
0.2192401338855513
 31
0.0
 73
     1
 44
1.0
 90
        3
 63
     9
421
 13158600
 45
1.1
441
        0
  0
POINT
  5
C19
330
C15
100
AcDbEntity
  8
Defpoints
 62
     0
100
AcDbPoint
 10
7549903.533000001
 20
5784655.376
 30
0.0
  0
POINT
  5
C1A
330
C15
100
AcDbEntity
  8
Defpoints
 62
     0
100
AcDbPoint
 10
7549939.887
 20
5784663.545
 30
0.0
  0
POINT
  5
C1B
330
C15
100
AcDbEntity
  8
Defpoints
 62
     0
100
AcDbPoint
 10
7549940.051430101
 20
5784662.813246802
 30
0.0
  0
ENDBLK
  5
C17
330
C15
100
AcDbEntity
  8
0
100
AcDbBlockEnd
  0
BLOCK
  5
C1E
330
C1D
100
AcDbEntity
  8
0
100
AcDbBlockBegin
  2
*D321
 70
     1
 10
0.0
 20
0.0
 30
0.0
  3
*D321
  1

  0
MTEXT
  5
C20
330
C1D
100
AcDbEntity
  8
!wymiary
100
AcDbMText
 10
7549958.266371666
 20
5784663.330721928
 30
0.0
 40
1.5
 41
0.0
 46
0.0
 71
     5
 72
     1
  1
\A1;- 36 m -
 11
0.9783154982404871
 21
0.2071202208922811
 31
0.0
 73
     1
 44
1.0
 90
        3
 63
     9
421
 13158600
 45
1.1
441
        0
  0
POINT
  5
C21
330
C1D
100
AcDbEntity
  8
Defpoints
 62
     0
100
AcDbPoint
 10
7549939.887
 20
5784663.545
 30
0.0
  0
POINT
  5
C22
330
C1D
100
AcDbEntity
  8
Defpoints
 62
     0
100
AcDbPoint
 10
7549974.982000002
 20
5784670.975000001
 30
0.0
  0
POINT
  5
C23
330
C1D
100
AcDbEntity
  8
Defpoints
 62
     0
100
AcDbPoint
 10
7549975.137340168
 20
5784670.241263377
 30
0.0
  0
ENDBLK
  5
C1F
330
C1D
100
AcDbEntity
  8
0
100
AcDbBlockEnd
  0
BLOCK
  5
C26
330
C25
100
AcDbEntity
  8
0
100
AcDbBlockBegin
  2
*D322
 70
     1
 10
0.0
 20
0.0
 30
0.0
  3
*D322
  1

  0
MTEXT
  5
C28
330
C25
100
AcDbEntity
  8
!wymiary
100
AcDbMText
 10
7550001.510985378
 20
5784673.710931976
 30
0.0
 40
1.5
 41
0.0
 46
0.0
 71
     5
 72
     1
  1
\A1;- 53 m -
 11
0.9679304897687339
 21
0.251218166094849
 31
0.0
 73
     1
 44
1.0
 90
        3
 63
     9
421
 13158600
 45
1.1
441
        0
  0
POINT
  5
C29
330
C25
100
AcDbEntity
  8
Defpoints
 62
     0
100
AcDbPoint
 10
7549974.982000002
 20
5784670.975000001
 30
0.0
  0
POINT
  5
C2A
330
C25
100
AcDbEntity
  8
Defpoints
 62
     0
100
AcDbPoint
 10
7550026.022000002
 20
5784684.222
 30
0.0
  0
POINT
  5
C2B
330
C25
100
AcDbEntity
  8
Defpoints
 62
     0
100
AcDbPoint
 10
7550026.210413626
 20
5784683.496052133
 30
0.0
  0
ENDBLK
  5
C27
330
C25
100
AcDbEntity
  8
0
100
AcDbBlockEnd
  0
BLOCK
  5
C2E
330
C2D
100
AcDbEntity
  8
0
100
AcDbBlockBegin
  2
*D323
 70
     1
 10
0.0
 20
0.0
 30
0.0
  3
*D323
  1

  0
MTEXT
  5
C30
330
C2D
100
AcDbEntity
  8
!wymiary
100
AcDbMText
 10
7550037.34575278
 20
5784667.041574115
 30
0.0
 40
1.5
 41
0.0
 46
0.0
 71
     5
 72
     1
  1
\A1;- 40 m -
 11
0.7026953751867481
 21
-0.7114908359853664
 31
0.0
 73
     1
 44
1.0
 90
        3
 63
     9
421
 13158600
 45
1.1
441
        0
  0
POINT
  5
C31
330
C2D
100
AcDbEntity
  8
Defpoints
 62
     0
100
AcDbPoint
 10
7550026.022000002
 20
5784684.222
 30
0.0
  0
POINT
  5
C32
330
C2D
100
AcDbEntity
  8
Defpoints
 62
     0
100
AcDbPoint
 10
7550054.384000001
 20
5784655.505
 30
0.0
  0
POINT
  5
C33
330
C2D
100
AcDbEntity
  8
Defpoints
 62
     0
100
AcDbPoint
 10
7550053.850381874
 20
5784654.977978469
 30
0.0
  0
ENDBLK
  5
C2F
330
C2D
100
AcDbEntity
  8
0
100
AcDbBlockEnd
  0
BLOCK
  5
C36
330
C35
100
AcDbEntity
  8
0
100
AcDbBlockBegin
  2
*D324
 70
     1
 10
0.0
 20
0.0
 30
0.0
  3
*D324
  1

  0
MTEXT
  5
C38
330
C35
100
AcDbEntity
  8
!wymiary
100
AcDbMText
 10
7548962.712990071
 20
5784459.722372725
 30
0.0
 40
1.5
 41
0.0
 46
0.0
 71
     5
 72
     1
  1
\A1;- 33 m -
 11
0.5136870660115502
 21
0.857977621044072
 31
0.0
 73
     1
 44
1.0
 90
        3
 63
     9
421
 13158600
 45
1.1
441
        0
  0
POINT
  5
C39
330
C35
100
AcDbEntity
  8
Defpoints
 62
     0
100
AcDbPoint
 10
7548969.057
 20
5784475.217
 30
0.0
  0
POINT
  5
C3A
330
C35
100
AcDbEntity
  8
Defpoints
 62
     0
100
AcDbPoint
 10
7548952.051
 20
5784446.812999999
 30
0.0
  0
POINT
  5
C3B
330
C35
100
AcDbEntity
  8
Defpoints
 62
     0
100
AcDbPoint
 10
7548951.407516784
 20
5784447.198265299
 30
0.0
  0
ENDBLK
  5
C37
330
C35
100
AcDbEntity
  8
0
100
AcDbBlockEnd
  0
BLOCK
  5
C3E
330
C3D
100
AcDbEntity
  8
0
100
AcDbBlockBegin
  2
*D325
 70
     1
 10
0.0
 20
0.0
 30
0.0
  3
*D325
  1

  0
MTEXT
  5
C40
330
C3D
100
AcDbEntity
  8
!wymiary
100
AcDbMText
 10
7548931.072670661
 20
5784438.867698138
 30
0.0
 40
1.5
 41
0.0
 46
0.0
 71
     5
 72
     1
  1
\A1;- 45 m -
 11
0.9689635648910776
 21
0.2472035798963573
 31
0.0
 73
     1
 44
1.0
 90
        3
 63
     9
421
 13158600
 45
1.1
441
        0
  0
POINT
  5
C41
330
C3D
100
AcDbEntity
  8
Defpoints
 62
     0
100
AcDbPoint
 10
7548952.051
 20
5784446.812999999
 30
0.0
  0
POINT
  5
C42
330
C3D
100
AcDbEntity
  8
Defpoints
 62
     0
100
AcDbPoint
 10
7548908.852000002
 20
5784435.792
 30
0.0
  0
POINT
  5
C43
330
C3D
100
AcDbEntity
  8
Defpoints
 62
     0
100
AcDbPoint
 10
7548908.666597317
 20
5784436.518722675
 30
0.0
  0
ENDBLK
  5
C3F
330
C3D
100
AcDbEntity
  8
0
100
AcDbBlockEnd
  0
BLOCK
  5
C46
330
C45
100
AcDbEntity
  8
0
100
AcDbBlockBegin
  2
*D326
 70
     1
 10
0.0
 20
0.0
 30
0.0
  3
*D326
  1

  0
MTEXT
  5
C48
330
C45
100
AcDbEntity
  8
!wymiary
100
AcDbMText
 10
7548894.484876871
 20
5784429.922546797
 30
0.0
 40
1.5
 41
0.0
 46
0.0
 71
     5
 72
     1
  1
\A1;- 31 m -
 11
0.974797883929105
 21
0.2230898596694599
 31
0.0
 73
     1
 44
1.0
 90
        3
 63
     9
421
 13158600
 45
1.1
441
        0
  0
POINT
  5
C49
330
C45
100
AcDbEntity
  8
Defpoints
 62
     0
100
AcDbPoint
 10
7548908.852000002
 20
5784435.792
 30
0.0
  0
POINT
  5
C4A
330
C45
100
AcDbEntity
  8
Defpoints
 62
     0
100
AcDbPoint
 10
7548878.995
 20
5784428.959000001
 30
0.0
  0
POINT
  5
C4B
330
C45
100
AcDbEntity
  8
Defpoints
 62
     0
100
AcDbPoint
 10
7548878.827682605
 20
5784429.690098413
 30
0.0
  0
ENDBLK
  5
C47
330
C45
100
AcDbEntity
  8
0
100
AcDbBlockEnd
  0
BLOCK
  5
C4E
330
C4D
100
AcDbEntity
  8
0
100
AcDbBlockBegin
  2
*D327
 70
     1
 10
0.0
 20
0.0
 30
0.0
  3
*D327
  1

  0
MTEXT
  5
C50
330
C4D
100
AcDbEntity
  8
!wymiary
100
AcDbMText
 10
7548718.55183751
 20
5784376.127461632
 30
0.0
 40
1.5
 41
0.0
 46
0.0
 71
     5
 72
     1
  1
\A1;- 27 m -
 11
0.6308407812779255
 21
-0.7759123073367612
 31
0.0
 73
     1
 44
1.0
 90
        3
 63
     9
421
 13158600
 45
1.1
441
        0
  0
POINT
  5
C51
330
C4D
100
AcDbEntity
  8
Defpoints
 62
     0
100
AcDbPoint
 10
7548729.154
 20
5784367.055000001
 30
0.0
  0
POINT
  5
C52
330
C4D
100
AcDbEntity
  8
Defpoints
 62
     0
100
AcDbPoint
 10
7548711.834000001
 20
5784388.357999999
 30
0.0
  0
POINT
  5
C53
330
C4D
100
AcDbEntity
  8
Defpoints
 62
     0
100
AcDbPoint
 10
7548712.415934231
 20
5784388.831130585
 30
0.0
  0
ENDBLK
  5
C4F
330
C4D
100
AcDbEntity
  8
0
100
AcDbBlockEnd
  0
BLOCK
  5
C56
330
C55
100
AcDbEntity
  8
0
100
AcDbBlockBegin
  2
*D328
 70
     1
 10
0.0
 20
0.0
 30
0.0
  3
*D328
  1

  0
MTEXT
  5
C58
330
C55
100
AcDbEntity
  8
!wymiary
100
AcDbMText
 10
7548734.250913667
 20
5784390.313384588
 30
0.0
 40
1.5
 41
0.0
 46
0.0
 71
     5
 72
     1
  1
\A1;- 44 m -
 11
0.964903852969913
 21
0.2626034168167208
 31
0.0
 73
     1
 44
1.0
 90
        3
 63
     9
421
 13158600
 45
1.1
441
        0
  0
POINT
  5
C59
330
C55
100
AcDbEntity
  8
Defpoints
 62
     0
100
AcDbPoint
 10
7548711.834000001
 20
5784388.357999999
 30
0.0
  0
POINT
  5
C5A
330
C55
100
AcDbEntity
  8
Defpoints
 62
     0
100
AcDbPoint
 10
7548754.567000001
 20
5784399.988
 30
0.0
  0
POINT
  5
C5B
330
C55
100
AcDbEntity
  8
Defpoints
 62
     0
100
AcDbPoint
 10
7548754.763952564
 20
5784399.26432211
 30
0.0
  0
ENDBLK
  5
C57
330
C55
100
AcDbEntity
  8
0
100
AcDbBlockEnd
  0
BLOCK
  5
C5E
330
C5D
100
AcDbEntity
  8
0
100
AcDbBlockBegin
  2
*D329
 70
     1
 10
0.0
 20
0.0
 30
0.0
  3
*D329
  1

  0
MTEXT
  5
C60
330
C5D
100
AcDbEntity
  8
!wymiary
100
AcDbMText
 10
7548771.714223335
 20
5784399.742783668
 30
0.0
 40
1.5
 41
0.0
 46
0.0
 71
     5
 72
     1
  1
\A1;- 33 m -
 11
0.9754368448075947
 21
0.2202792813493914
 31
0.0
 73
     1
 44
1.0
 90
        3
 63
     9
421
 13158600
 45
1.1
441
        0
  0
POINT
  5
C61
330
C5D
100
AcDbEntity
  8
Defpoints
 62
     0
100
AcDbPoint
 10
7548754.567000001
 20
5784399.988
 30
0.0
  0
POINT
  5
C62
330
C5D
100
AcDbEntity
  8
Defpoints
 62
     0
100
AcDbPoint
 10
7548787.092
 20
5784407.333000001
 30
0.0
  0
POINT
  5
C63
330
C5D
100
AcDbEntity
  8
Defpoints
 62
     0
100
AcDbPoint
 10
7548787.257209461
 20
5784406.601422367
 30
0.0
  0
ENDBLK
  5
C5F
330
C5D
100
AcDbEntity
  8
0
100
AcDbBlockEnd
  0
BLOCK
  5
C66
330
C65
100
AcDbEntity
  8
0
100
AcDbBlockBegin
  2
*D330
 70
     1
 10
0.0
 20
0.0
 30
0.0
  3
*D330
  1

  0
MTEXT
  5
C68
330
C65
100
AcDbEntity
  8
!wymiary
100
AcDbMText
 10
7548811.862336952
 20
5784409.525117232
 30
0.0
 40
1.5
 41
0.0
 46
0.0
 71
     5
 72
     1
  1
\A1;- 49 m -
 11
0.9687958825975106
 21
0.247859915803485
 31
0.0
 73
     1
 44
1.0
 90
        3
 63
     9
421
 13158600
 45
1.1
441
        0
  0
POINT
  5
C69
330
C65
100
AcDbEntity
  8
Defpoints
 62
     0
100
AcDbPoint
 10
7548787.092
 20
5784407.333000001
 30
0.0
  0
POINT
  5
C6A
330
C65
100
AcDbEntity
  8
Defpoints
 62
     0
100
AcDbPoint
 10
7548834.641932716
 20
5784419.498330728
 30
0.0
  0
POINT
  5
C6B
330
C65
100
AcDbEntity
  8
Defpoints
 62
     0
100
AcDbPoint
 10
7548834.827827653
 20
5784418.771733816
 30
0.0
  0
ENDBLK
  5
C67
330
C65
100
AcDbEntity
  8
0
100
AcDbBlockEnd
  0
BLOCK
  5
C6E
330
C6D
100
AcDbEntity
  8
0
100
AcDbBlockBegin
  2
*D331
 70
     1
 10
0.0
 20
0.0
 30
0.0
  3
*D331
  1

  0
MTEXT
  5
C70
330
C6D
100
AcDbEntity
  8
!wymiary
100
AcDbMText
 10
7548607.633551644
 20
5784354.168175258
 30
0.0
 40
1.5
 41
0.0
 46
0.0
 71
     5
 72
     1
  1
\A1;- 47 m -
 11
0.9881298971490965
 21
0.1536206573352554
 31
0.0
 73
     1
 44
1.0
 90
        3
 63
     9
421
 13158600
 45
1.1
441
        0
  0
POINT
  5
C71
330
C6D
100
AcDbEntity
  8
Defpoints
 62
     0
100
AcDbPoint
 10
7548630.589000001
 20
5784360.267000001
 30
0.0
  0
POINT
  5
C72
330
C6D
100
AcDbEntity
  8
Defpoints
 62
     0
100
AcDbPoint
 10
7548583.91
 20
5784353.010000001
 30
0.0
  0
POINT
  5
C73
330
C6D
100
AcDbEntity
  8
Defpoints
 62
     0
100
AcDbPoint
 10
7548583.794784507
 20
5784353.751097424
 30
0.0
  0
ENDBLK
  5
C6F
330
C6D
100
AcDbEntity
  8
0
100
AcDbBlockEnd
  0
BLOCK
  5
C76
330
C75
100
AcDbEntity
  8
0
100
AcDbBlockBegin
  2
*D332
 70
     1
 10
0.0
 20
0.0
 30
0.0
  3
*D332
  1

  0
MTEXT
  5
C78
330
C75
100
AcDbEntity
  8
!wymiary
100
AcDbMText
 10
7548577.061159897
 20
5784368.818642443
 30
0.0
 40
1.5
 41
0.0
 46
0.0
 71
     5
 72
     1
  1
\A1;- 34 m -
 11
0.259245372364969
 21
-0.9658114913932991
 31
0.0
 73
     1
 44
1.0
 90
        3
 63
     9
421
 13158600
 45
1.1
441
        0
  0
POINT
  5
C79
330
C75
100
AcDbEntity
  8
Defpoints
 62
     0
100
AcDbPoint
 10
7548583.91
 20
5784353.010000001
 30
0.0
  0
POINT
  5
C7A
330
C75
100
AcDbEntity
  8
Defpoints
 62
     0
100
AcDbPoint
 10
7548575.073000001
 20
5784385.932
 30
0.0
  0
POINT
  5
C7B
330
C75
100
AcDbEntity
  8
Defpoints
 62
     0
100
AcDbPoint
 10
7548575.797358619
 20
5784386.126434029
 30
0.0
  0
ENDBLK
  5
C77
330
C75
100
AcDbEntity
  8
0
100
AcDbBlockEnd
  0
BLOCK
  5
C7E
330
C7D
100
AcDbEntity
  8
0
100
AcDbBlockBegin
  2
*D333
 70
     1
 10
0.0
 20
0.0
 30
0.0
  3
*D333
  1

  0
MTEXT
  5
C80
330
C7D
100
AcDbEntity
  8
!wymiary
100
AcDbMText
 10
7548293.997683011
 20
5784279.364356043
 30
0.0
 40
1.5
 41
0.0
 46
0.0
 71
     5
 72
     1
  1
\A1;- 37 m -
 11
0.9699062191212282
 21
0.2434788001242906
 31
0.0
 73
     1
 44
1.0
 90
        3
 63
     9
421
 13158600
 45
1.1
441
        0
  0
POINT
  5
C81
330
C7D
100
AcDbEntity
  8
Defpoints
 62
     0
100
AcDbPoint
 10
7548311.53
 20
5784286.36
 30
0.0
  0
POINT
  5
C82
330
C7D
100
AcDbEntity
  8
Defpoints
 62
     0
100
AcDbPoint
 10
7548275.24
 20
5784277.25
 30
0.0
  0
POINT
  5
C83
330
C7D
100
AcDbEntity
  8
Defpoints
 62
     0
100
AcDbPoint
 10
7548275.057390899
 20
5784277.977429666
 30
0.0
  0
ENDBLK
  5
C7F
330
C7D
100
AcDbEntity
  8
0
100
AcDbBlockEnd
  0
BLOCK
  5
C86
330
C85
100
AcDbEntity
  8
0
100
AcDbBlockBegin
  2
*D334
 70
     1
 10
0.0
 20
0.0
 30
0.0
  3
*D334
  1

  0
MTEXT
  5
C88
330
C85
100
AcDbEntity
  8
!wymiary
100
AcDbMText
 10
7548269.594495337
 20
5784296.977528219
 30
0.0
 40
1.5
 41
0.0
 46
0.0
 71
     5
 72
     1
  1
\A1;- 41 m -
 11
0.1557974194691624
 21
-0.9877890281263251
 31
0.0
 73
     1
 44
1.0
 90
        3
 63
     9
421
 13158600
 45
1.1
441
        0
  0
POINT
  5
C89
330
C85
100
AcDbEntity
  8
Defpoints
 62
     0
100
AcDbPoint
 10
7548275.24
 20
5784277.25
 30
0.0
  0
POINT
  5
C8A
330
C85
100
AcDbEntity
  8
Defpoints
 62
     0
100
AcDbPoint
 10
7548268.894
 20
5784317.485
 30
0.0
  0
POINT
  5
C8B
330
C85
100
AcDbEntity
  8
Defpoints
 62
     0
100
AcDbPoint
 10
7548269.634841772
 20
5784317.601848065
 30
0.0
  0
ENDBLK
  5
C87
330
C85
100
AcDbEntity
  8
0
100
AcDbBlockEnd
  0
BLOCK
  5
C9E
330
C9D
100
AcDbEntity
  8
0
100
AcDbBlockBegin
  2
*D337
 70
     1
 10
0.0
 20
0.0
 30
0.0
  3
*D337
  1

  0
MTEXT
  5
CA0
330
C9D
100
AcDbEntity
  8
!wymiary
100
AcDbMText
 10
7548628.923051485
 20
5784559.380559405
 30
0.0
 40
1.5
 41
0.0
 46
0.0
 71
     5
 72
     1
  1
\A1;- 47 m -
 11
0.864860148910645
 21
0.5020128711758863
 31
0.0
 73
     1
 44
1.0
 90
        3
 63
     9
421
 13158600
 45
1.1
441
        0
  0
POINT
  5
CA1
330
C9D
100
AcDbEntity
  8
Defpoints
 62
     0
100
AcDbPoint
 10
7548606.5
 20
5784550.99
 30
0.0
  0
POINT
  5
CA2
330
C9D
100
AcDbEntity
  8
Defpoints
 62
     0
100
AcDbPoint
 10
7548647.33
 20
5784574.690000001
 30
0.0
  0
POINT
  5
CA3
330
C9D
100
AcDbEntity
  8
Defpoints
 62
     0
100
AcDbPoint
 10
7548647.706509653
 20
5784574.04135489
 30
0.0
  0
ENDBLK
  5
C9F
330
C9D
100
AcDbEntity
  8
0
100
AcDbBlockEnd
  0
BLOCK
  5
CA6
330
CA5
100
AcDbEntity
  8
0
100
AcDbBlockBegin
  2
*D338
 70
     1
 10
0.0
 20
0.0
 30
0.0
  3
*D338
  1

  0
MTEXT
  5
CA8
330
CA5
100
AcDbEntity
  8
!wymiary
100
AcDbMText
 10
7548675.602749536
 20
5784582.402056218
 30
0.0
 40
1.5
 41
0.0
 46
0.0
 71
     5
 72
     1
  1
\A1;- 58 m -
 11
0.9195898908893627
 21
0.3928796667862694
 31
0.0
 73
     1
 44
1.0
 90
        3
 63
     9
421
 13158600
 45
1.1
441
        0
  0
POINT
  5
CA9
330
CA5
100
AcDbEntity
  8
Defpoints
 62
     0
100
AcDbPoint
 10
7548647.33
 20
5784574.690000001
 30
0.0
  0
POINT
  5
CAA
330
CA5
100
AcDbEntity
  8
Defpoints
 62
     0
100
AcDbPoint
 10
7548700.720000001
 20
5784597.5
 30
0.0
  0
POINT
  5
CAB
330
CA5
100
AcDbEntity
  8
Defpoints
 62
     0
100
AcDbPoint
 10
7548701.014659751
 20
5784596.810307582
 30
0.0
  0
ENDBLK
  5
CA7
330
CA5
100
AcDbEntity
  8
0
100
AcDbBlockEnd
  0
BLOCK
  5
CAE
330
CAD
100
AcDbEntity
  8
0
100
AcDbBlockBegin
  2
*D339
 70
     1
 10
0.0
 20
0.0
 30
0.0
  3
*D339
  1

  0
MTEXT
  5
CB0
330
CAD
100
AcDbEntity
  8
!wymiary
100
AcDbMText
 10
7549658.256434731
 20
5784665.255634284
 30
0.0
 40
1.5
 41
0.0
 46
0.0
 71
     5
 72
     1
  1
\A1;- 19 m -
 11
0.7249473705136906
 21
0.6888042610098212
 31
0.0
 73
     1
 44
1.0
 90
        3
 63
     9
421
 13158600
 45
1.1
441
        0
  0
POINT
  5
CB1
330
CAD
100
AcDbEntity
  8
Defpoints
 62
     0
100
AcDbPoint
 10
7549663.303
 20
5784673.521000001
 30
0.0
  0
POINT
  5
CB2
330
CAD
100
AcDbEntity
  8
Defpoints
 62
     0
100
AcDbPoint
 10
7549649.744
 20
5784660.637999999
 30
0.0
  0
POINT
  5
CB3
330
CAD
100
AcDbEntity
  8
Defpoints
 62
     0
100
AcDbPoint
 10
7549649.227396804
 20
5784661.181710527
 30
0.0
  0
ENDBLK
  5
CAF
330
CAD
100
AcDbEntity
  8
0
100
AcDbBlockEnd
  0
BLOCK
  5
CB6
330
CB5
100
AcDbEntity
  8
0
100
AcDbBlockBegin
  2
*D340
 70
     1
 10
0.0
 20
0.0
 30
0.0
  3
*D340
  1

  0
MTEXT
  5
CB8
330
CB5
100
AcDbEntity
  8
!wymiary
100
AcDbMText
 10
7549640.27292795
 20
5784649.71104994
 30
0.0
 40
1.5
 41
0.0
 46
0.0
 71
     5
 72
     1
  1
\A1;- 28 m -
 11
0.7764543594569188
 21
0.6301734901440604
 31
0.0
 73
     1
 44
1.0
 90
        3
 63
     9
421
 13158600
 45
1.1
441
        0
  0
POINT
  5
CB9
330
CB5
100
AcDbEntity
  8
Defpoints
 62
     0
100
AcDbPoint
 10
7549649.744
 20
5784660.637999999
 30
0.0
  0
POINT
  5
CBA
330
CB5
100
AcDbEntity
  8
Defpoints
 62
     0
100
AcDbPoint
 10
7549627.631
 20
5784642.691000002
 30
0.0
  0
POINT
  5
CBB
330
CB5
100
AcDbEntity
  8
Defpoints
 62
     0
100
AcDbPoint
 10
7549627.158369882
 20
5784643.273340772
 30
0.0
  0
ENDBLK
  5
CB7
330
CB5
100
AcDbEntity
  8
0
100
AcDbBlockEnd
  0
BLOCK
  5
CBE
330
CBD
100
AcDbEntity
  8
0
100
AcDbBlockBegin
  2
*D341
 70
     1
 10
0.0
 20
0.0
 30
0.0
  3
*D341
  1

  0
MTEXT
  5
CC0
330
CBD
100
AcDbEntity
  8
!wymiary
100
AcDbMText
 10
7549618.354091316
 20
5784630.95098958
 30
0.0
 40
1.5
 41
0.0
 46
0.0
 71
     5
 72
     1
  1
\A1;- 29 m -
 11
0.743090158514802
 21
0.669191315184564
 31
0.0
 73
     1
 44
1.0
 90
        3
 63
     9
421
 13158600
 45
1.1
441
        0
  0
POINT
  5
CC1
330
CBD
100
AcDbEntity
  8
Defpoints
 62
     0
100
AcDbPoint
 10
7549627.631
 20
5784642.691000002
 30
0.0
  0
POINT
  5
CC2
330
CBD
100
AcDbEntity
  8
Defpoints
 62
     0
100
AcDbPoint
 10
7549605.71
 20
5784622.95
 30
0.0
  0
POINT
  5
CC3
330
CBD
100
AcDbEntity
  8
Defpoints
 62
     0
100
AcDbPoint
 10
7549605.208106513
 20
5784623.507317619
 30
0.0
  0
ENDBLK
  5
CBF
330
CBD
100
AcDbEntity
  8
0
100
AcDbBlockEnd
  0
BLOCK
  5
CC6
330
CC5
100
AcDbEntity
  8
0
100
AcDbBlockBegin
  2
*D342
 70
     1
 10
0.0
 20
0.0
 30
0.0
  3
*D342
  1

  0
MTEXT
  5
CC8
330
CC5
100
AcDbEntity
  8
!wymiary
100
AcDbMText
 10
7549596.324476138
 20
5784617.647836254
 30
0.0
 40
1.5
 41
0.0
 46
0.0
 71
     5
 72
     1
  1
\A1;- 21 m -
 11
0.961085448040031
 21
0.2762512652743747
 31
0.0
 73
     1
 44
1.0
 90
        3
 63
     9
421
 13158600
 45
1.1
441
        0
  0
POINT
  5
CC9
330
CC5
100
AcDbEntity
  8
Defpoints
 62
     0
100
AcDbPoint
 10
7549605.71
 20
5784622.95
 30
0.0
  0
POINT
  5
CCA
330
CC5
100
AcDbEntity
  8
Defpoints
 62
     0
100
AcDbPoint
 10
7549585.556000001
 20
5784617.157000001
 30
0.0
  0
POINT
  5
CCB
330
CC5
100
AcDbEntity
  8
Defpoints
 62
     0
100
AcDbPoint
 10
7549585.348811552
 20
5784617.877814086
 30
0.0
  0
ENDBLK
  5
CC7
330
CC5
100
AcDbEntity
  8
0
100
AcDbBlockEnd
  0
BLOCK
  5
CCE
330
CCD
100
AcDbEntity
  8
0
100
AcDbBlockBegin
  2
*D343
 70
     1
 10
0.0
 20
0.0
 30
0.0
  3
*D343
  1

  0
MTEXT
  5
CD0
330
CCD
100
AcDbEntity
  8
!wymiary
100
AcDbMText
 10
7549567.788733546
 20
5784610.435706941
 30
0.0
 40
1.5
 41
0.0
 46
0.0
 71
     5
 72
     1
  1
\A1;- 38 m -
 11
0.9739394484525133
 21
0.2268081805138744
 31
0.0
 73
     1
 44
1.0
 90
        3
 63
     9
421
 13158600
 45
1.1
441
        0
  0
POINT
  5
CD1
330
CCD
100
AcDbEntity
  8
Defpoints
 62
     0
100
AcDbPoint
 10
7549585.556000001
 20
5784617.157000001
 30
0.0
  0
POINT
  5
CD2
330
CCD
100
AcDbEntity
  8
Defpoints
 62
     0
100
AcDbPoint
 10
7549548.880000001
 20
5784608.616000001
 30
0.0
  0
POINT
  5
CD3
330
CCD
100
AcDbEntity
  8
Defpoints
 62
     0
100
AcDbPoint
 10
7549548.709893866
 20
5784609.346454588
 30
0.0
  0
ENDBLK
  5
CCF
330
CCD
100
AcDbEntity
  8
0
100
AcDbBlockEnd
  0
BLOCK
  5
CD6
330
CD5
100
AcDbEntity
  8
0
100
AcDbBlockBegin
  2
*D344
 70
     1
 10
0.0
 20
0.0
 30
0.0
  3
*D344
  1

  0
MTEXT
  5
CD8
330
CD5
100
AcDbEntity
  8
!wymiary
100
AcDbMText
 10
7549530.596011118
 20
5784601.138997382
 30
0.0
 40
1.5
 41
0.0
 46
0.0
 71
     5
 72
     1
  1
\A1;- 39 m -
 11
0.9662734728840987
 21
0.2575181073254912
 31
0.0
 73
     1
 44
1.0
 90
        3
 63
     9
421
 13158600
 45
1.1
441
        0
  0
POINT
  5
CD9
330
CD5
100
AcDbEntity
  8
Defpoints
 62
     0
100
AcDbPoint
 10
7549548.880000001
 20
5784608.616000001
 30
0.0
  0
POINT
  5
CDA
330
CD5
100
AcDbEntity
  8
Defpoints
 62
     0
100
AcDbPoint
 10
7549511.016000001
 20
5784598.525
 30
0.0
  0
POINT
  5
CDB
330
CD5
100
AcDbEntity
  8
Defpoints
 62
     0
100
AcDbPoint
 10
7549510.82286142
 20
5784599.249705106
 30
0.0
  0
ENDBLK
  5
CD7
330
CD5
100
AcDbEntity
  8
0
100
AcDbBlockEnd
  0
BLOCK
  5
CDE
330
CDD
100
AcDbEntity
  8
0
100
AcDbBlockBegin
  2
*D345
 70
     1
 10
0.0
 20
0.0
 30
0.0
  3
*D345
  1

  0
MTEXT
  5
CE0
330
CDD
100
AcDbEntity
  8
!wymiary
100
AcDbMText
 10
7549498.231865562
 20
5784593.857464626
 30
0.0
 40
1.5
 41
0.0
 46
0.0
 71
     5
 72
     1
  1
\A1;- 27 m -
 11
0.9864030138989048
 21
0.1643444376033368
 31
0.0
 73
     1
 44
1.0
 90
        3
 63
     9
421
 13158600
 45
1.1
441
        0
  0
POINT
  5
CE1
330
CDD
100
AcDbEntity
  8
Defpoints
 62
     0
100
AcDbPoint
 10
7549511.016000001
 20
5784598.525
 30
0.0
  0
POINT
  5
CE2
330
CDD
100
AcDbEntity
  8
Defpoints
 62
     0
100
AcDbPoint
 10
7549484.625
 20
5784594.128
 30
0.0
  0
POINT
  5
CE3
330
CDD
100
AcDbEntity
  8
Defpoints
 62
     0
100
AcDbPoint
 10
7549484.501741672
 20
5784594.86780226
 30
0.0
  0
ENDBLK
  5
CDF
330
CDD
100
AcDbEntity
  8
0
100
AcDbBlockEnd
  0
BLOCK
  5
CE6
330
CE5
100
AcDbEntity
  8
0
100
AcDbBlockBegin
  2
*D346
 70
     1
 10
0.0
 20
0.0
 30
0.0
  3
*D346
  1

  0
MTEXT
  5
CE8
330
CE5
100
AcDbEntity
  8
!wymiary
100
AcDbMText
 10
7549449.960452897
 20
5784583.633908633
 30
0.0
 40
1.5
 41
0.0
 46
0.0
 71
     5
 72
     1
  1
\A1;- 72 m -
 11
0.97483960824723
 21
0.2229074655375799
 31
0.0
 73
     1
 44
1.0
 90
        3
 63
     9
421
 13158600
 45
1.1
441
        0
  0
POINT
  5
CE9
330
CE5
100
AcDbEntity
  8
Defpoints
 62
     0
100
AcDbPoint
 10
7549484.625
 20
5784594.128
 30
0.0
  0
POINT
  5
CEA
330
CE5
100
AcDbEntity
  8
Defpoints
 62
     0
100
AcDbPoint
 10
7549414.180000001
 20
5784578.02
 30
0.0
  0
POINT
  5
CEB
330
CE5
100
AcDbEntity
  8
Defpoints
 62
     0
100
AcDbPoint
 10
7549414.012819402
 20
5784578.751129705
 30
0.0
  0
ENDBLK
  5
CE7
330
CE5
100
AcDbEntity
  8
0
100
AcDbBlockEnd
  0
BLOCK
  5
CEE
330
CED
100
AcDbEntity
  8
0
100
AcDbBlockBegin
  2
*D347
 70
     1
 10
0.0
 20
0.0
 30
0.0
  3
*D347
  1

  0
MTEXT
  5
CF0
330
CED
100
AcDbEntity
  8
!wymiary
100
AcDbMText
 10
7549388.635415966
 20
5784569.676409656
 30
0.0
 40
1.5
 41
0.0
 46
0.0
 71
     5
 72
     1
  1
\A1;- 54 m -
 11
0.9754457941438198
 21
0.2202396483086842
 31
0.0
 73
     1
 44
1.0
 90
        3
 63
     9
421
 13158600
 45
1.1
441
        0
  0
POINT
  5
CF1
330
CED
100
AcDbEntity
  8
Defpoints
 62
     0
100
AcDbPoint
 10
7549414.180000001
 20
5784578.02
 30
0.0
  0
POINT
  5
CF2
330
CED
100
AcDbEntity
  8
Defpoints
 62
     0
100
AcDbPoint
 10
7549361.984
 20
5784566.235
 30
0.0
  0
POINT
  5
CF3
330
CED
100
AcDbEntity
  8
Defpoints
 62
     0
100
AcDbPoint
 10
7549361.818820264
 20
5784566.966584346
 30
0.0
  0
ENDBLK
  5
CEF
330
CED
100
AcDbEntity
  8
0
100
AcDbBlockEnd
  0
BLOCK
  5
CF6
330
CF5
100
AcDbEntity
  8
0
100
AcDbBlockBegin
  2
*D348
 70
     1
 10
0.0
 20
0.0
 30
0.0
  3
*D348
  1

  0
MTEXT
  5
CF8
330
CF5
100
AcDbEntity
  8
!wymiary
100
AcDbMText
 10
7549348.360849776
 20
5784560.342989147
 30
0.0
 40
1.5
 41
0.0
 46
0.0
 71
     5
 72
     1
  1
\A1;- 29 m -
 11
0.9718391951276437
 21
0.2356450271354216
 31
0.0
 73
     1
 44
1.0
 90
        3
 63
     9
421
 13158600
 45
1.1
441
        0
  0
POINT
  5
CF9
330
CF5
100
AcDbEntity
  8
Defpoints
 62
     0
100
AcDbPoint
 10
7549361.984
 20
5784566.235
 30
0.0
  0
POINT
  5
CFA
330
CF5
100
AcDbEntity
  8
Defpoints
 62
     0
100
AcDbPoint
 10
7549333.552
 20
5784559.341
 30
0.0
  0
POINT
  5
CFB
330
CF5
100
AcDbEntity
  8
Defpoints
 62
     0
100
AcDbPoint
 10
7549333.37526623
 20
5784560.069879397
 30
0.0
  0
ENDBLK
  5
CF7
330
CF5
100
AcDbEntity
  8
0
100
AcDbBlockEnd
  0
BLOCK
  5
CFE
330
CFD
100
AcDbEntity
  8
0
100
AcDbBlockBegin
  2
*D349
 70
     1
 10
0.0
 20
0.0
 30
0.0
  3
*D349
  1

  0
MTEXT
  5
D00
330
CFD
100
AcDbEntity
  8
!wymiary
100
AcDbMText
 10
7549319.154576346
 20
5784553.318352513
 30
0.0
 40
1.5
 41
0.0
 46
0.0
 71
     5
 72
     1
  1
\A1;- 31 m -
 11
0.9726894055088944
 21
0.2321105779811719
 31
0.0
 73
     1
 44
1.0
 90
        3
 63
     9
421
 13158600
 45
1.1
441
        0
  0
POINT
  5
D01
330
CFD
100
AcDbEntity
  8
Defpoints
 62
     0
100
AcDbPoint
 10
7549333.552
 20
5784559.341
 30
0.0
  0
POINT
  5
D02
330
CFD
100
AcDbEntity
  8
Defpoints
 62
     0
100
AcDbPoint
 10
7549303.589000001
 20
5784552.191000002
 30
0.0
  0
POINT
  5
D03
330
CFD
100
AcDbEntity
  8
Defpoints
 62
     0
100
AcDbPoint
 10
7549303.414917068
 20
5784552.920517055
 30
0.0
  0
ENDBLK
  5
CFF
330
CFD
100
AcDbEntity
  8
0
100
AcDbBlockEnd
  0
BLOCK
  5
D06
330
D05
100
AcDbEntity
  8
0
100
AcDbBlockBegin
  2
*D350
 70
     1
 10
0.0
 20
0.0
 30
0.0
  3
*D350
  1

  0
MTEXT
  5
D08
330
D05
100
AcDbEntity
  8
!wymiary
100
AcDbMText
 10
7549292.803797911
 20
5784547.277289409
 30
0.0
 40
1.5
 41
0.0
 46
0.0
 71
     5
 72
     1
  1
\A1;- 23 m -
 11
0.9772845565168722
 21
0.2119313464158159
 31
0.0
 73
     1
 44
1.0
 90
        3
 63
     9
421
 13158600
 45
1.1
441
        0
  0
POINT
  5
D09
330
D05
100
AcDbEntity
  8
Defpoints
 62
     0
100
AcDbPoint
 10
7549303.589000001
 20
5784552.191000002
 30
0.0
  0
POINT
  5
D0A
330
D05
100
AcDbEntity
  8
Defpoints
 62
     0
100
AcDbPoint
 10
7549280.952000001
 20
5784547.282000001
 30
0.0
  0
POINT
  5
D0B
330
D05
100
AcDbEntity
  8
Defpoints
 62
     0
100
AcDbPoint
 10
7549280.793051491
 20
5784548.014963418
 30
0.0
  0
ENDBLK
  5
D07
330
D05
100
AcDbEntity
  8
0
100
AcDbBlockEnd
  0
BLOCK
  5
D0E
330
D0D
100
AcDbEntity
  8
0
100
AcDbBlockBegin
  2
*D351
 70
     1
 10
0.0
 20
0.0
 30
0.0
  3
*D351
  1

  0
MTEXT
  5
D10
330
D0D
100
AcDbEntity
  8
!wymiary
100
AcDbMText
 10
7549259.207825813
 20
5784539.752875214
 30
0.0
 40
1.5
 41
0.0
 46
0.0
 71
     5
 72
     1
  1
\A1;- 46 m -
 11
0.9750643088856144
 21
0.221922494437629
 31
0.0
 73
     1
 44
1.0
 90
        3
 63
     9
421
 13158600
 45
1.1
441
        0
  0
POINT
  5
D11
330
D0D
100
AcDbEntity
  8
Defpoints
 62
     0
100
AcDbPoint
 10
7549280.952000001
 20
5784547.282000001
 30
0.0
  0
POINT
  5
D12
330
D0D
100
AcDbEntity
  8
Defpoints
 62
     0
100
AcDbPoint
 10
7549236.347
 20
5784537.13
 30
0.0
  0
POINT
  5
D13
330
D0D
100
AcDbEntity
  8
Defpoints
 62
     0
100
AcDbPoint
 10
7549236.180558129
 20
5784537.861298231
 30
0.0
  0
ENDBLK
  5
D0F
330
D0D
100
AcDbEntity
  8
0
100
AcDbBlockEnd
  0
BLOCK
  5
D16
330
D15
100
AcDbEntity
  8
0
100
AcDbBlockBegin
  2
*D352
 70
     1
 10
0.0
 20
0.0
 30
0.0
  3
*D352
  1

  0
MTEXT
  5
D18
330
D15
100
AcDbEntity
  8
!wymiary
100
AcDbMText
 10
7549218.419375889
 20
5784530.489294345
 30
0.0
 40
1.5
 41
0.0
 46
0.0
 71
     5
 72
     1
  1
\A1;- 38 m -
 11
0.9752956060092107
 21
0.220903781993714
 31
0.0
 73
     1
 44
1.0
 90
        3
 63
     9
421
 13158600
 45
1.1
441
        0
  0
POINT
  5
D19
330
D15
100
AcDbEntity
  8
Defpoints
 62
     0
100
AcDbPoint
 10
7549236.347
 20
5784537.13
 30
0.0
  0
POINT
  5
D1A
330
D15
100
AcDbEntity
  8
Defpoints
 62
     0
100
AcDbPoint
 10
7549199.380000001
 20
5784528.757
 30
0.0
  0
POINT
  5
D1B
330
D15
100
AcDbEntity
  8
Defpoints
 62
     0
100
AcDbPoint
 10
7549199.214322165
 20
5784529.488471705
 30
0.0
  0
ENDBLK
  5
D17
330
D15
100
AcDbEntity
  8
0
100
AcDbBlockEnd
  0
BLOCK
  5
D1E
330
D1D
100
AcDbEntity
  8
0
100
AcDbBlockBegin
  2
*D353
 70
     1
 10
0.0
 20
0.0
 30
0.0
  3
*D353
  1

  0
MTEXT
  5
D20
330
D1D
100
AcDbEntity
  8
!wymiary
100
AcDbMText
 10
7549178.836915876
 20
5784521.645284417
 30
0.0
 40
1.5
 41
0.0
 46
0.0
 71
     5
 72
     1
  1
\A1;- 43 m -
 11
0.9764917441531437
 21
0.2155548041699643
 31
0.0
 73
     1
 44
1.0
 90
        3
 63
     9
421
 13158600
 45
1.1
441
        0
  0
POINT
  5
D21
330
D1D
100
AcDbEntity
  8
Defpoints
 62
     0
100
AcDbPoint
 10
7549199.380000001
 20
5784528.757
 30
0.0
  0
POINT
  5
D22
330
D1D
100
AcDbEntity
  8
Defpoints
 62
     0
100
AcDbPoint
 10
7549157.209000001
 20
5784519.448
 30
0.0
  0
POINT
  5
D23
330
D1D
100
AcDbEntity
  8
Defpoints
 62
     0
100
AcDbPoint
 10
7549157.047333898
 20
5784520.180368808
 30
0.0
  0
ENDBLK
  5
D1F
330
D1D
100
AcDbEntity
  8
0
100
AcDbBlockEnd
  0
BLOCK
  5
D26
330
D25
100
AcDbEntity
  8
0
100
AcDbBlockBegin
  2
*D354
 70
     1
 10
0.0
 20
0.0
 30
0.0
  3
*D354
  1

  0
MTEXT
  5
D28
330
D25
100
AcDbEntity
  8
!wymiary
100
AcDbMText
 10
7549136.31991437
 20
5784511.586797053
 30
0.0
 40
1.5
 41
0.0
 46
0.0
 71
     5
 72
     1
  1
\A1;- 44 m -
 11
0.9694811788232625
 21
0.2451657478267658
 31
0.0
 73
     1
 44
1.0
 90
        3
 63
     9
421
 13158600
 45
1.1
441
        0
  0
POINT
  5
D29
330
D25
100
AcDbEntity
  8
Defpoints
 62
     0
100
AcDbPoint
 10
7549157.209000001
 20
5784519.448
 30
0.0
  0
POINT
  5
D2A
330
D25
100
AcDbEntity
  8
Defpoints
 62
     0
100
AcDbPoint
 10
7549114.205
 20
5784508.573
 30
0.0
  0
POINT
  5
D2B
330
D25
100
AcDbEntity
  8
Defpoints
 62
     0
100
AcDbPoint
 10
7549114.021125689
 20
5784509.300110884
 30
0.0
  0
ENDBLK
  5
D27
330
D25
100
AcDbEntity
  8
0
100
AcDbBlockEnd
  0
BLOCK
  5
D2E
330
D2D
100
AcDbEntity
  8
0
100
AcDbBlockBegin
  2
*D355
 70
     1
 10
0.0
 20
0.0
 30
0.0
  3
*D355
  1

  0
MTEXT
  5
D30
330
D2D
100
AcDbEntity
  8
!wymiary
100
AcDbMText
 10
7549094.069461558
 20
5784502.18865859
 30
0.0
 40
1.5
 41
0.0
 46
0.0
 71
     5
 72
     1
  1
\A1;- 42 m -
 11
0.9823304281167312
 21
0.1871548289411729
 31
0.0
 73
     1
 44
1.0
 90
        3
 63
     9
421
 13158600
 45
1.1
441
        0
  0
POINT
  5
D31
330
D2D
100
AcDbEntity
  8
Defpoints
 62
     0
100
AcDbPoint
 10
7549114.205
 20
5784508.573
 30
0.0
  0
POINT
  5
D32
330
D2D
100
AcDbEntity
  8
Defpoints
 62
     0
100
AcDbPoint
 10
7549072.997
 20
5784500.722
 30
0.0
  0
POINT
  5
D33
330
D2D
100
AcDbEntity
  8
Defpoints
 62
     0
100
AcDbPoint
 10
7549072.856633878
 20
5784501.458747821
 30
0.0
  0
ENDBLK
  5
D2F
330
D2D
100
AcDbEntity
  8
0
100
AcDbBlockEnd
  0
BLOCK
  5
D36
330
D35
100
AcDbEntity
  8
0
100
AcDbBlockBegin
  2
*D356
 70
     1
 10
0.0
 20
0.0
 30
0.0
  3
*D356
  1

  0
MTEXT
  5
D38
330
D35
100
AcDbEntity
  8
!wymiary
100
AcDbMText
 10
7549046.832551255
 20
5784491.618639512
 30
0.0
 40
1.5
 41
0.0
 46
0.0
 71
     5
 72
     1
  1
\A1;- 55 m -
 11
0.970379770099527
 21
0.241584564452262
 31
0.0
 73
     1
 44
1.0
 90
        3
 63
     9
421
 13158600
 45
1.1
441
        0
  0
POINT
  5
D39
330
D35
100
AcDbEntity
  8
Defpoints
 62
     0
100
AcDbPoint
 10
7549072.997
 20
5784500.722
 30
0.0
  0
POINT
  5
D3A
330
D35
100
AcDbEntity
  8
Defpoints
 62
     0
100
AcDbPoint
 10
7549019.454
 20
5784487.392000001
 30
0.0
  0
POINT
  5
D3B
330
D35
100
AcDbEntity
  8
Defpoints
 62
     0
100
AcDbPoint
 10
7549019.272811577
 20
5784488.119784829
 30
0.0
  0
ENDBLK
  5
D37
330
D35
100
AcDbEntity
  8
0
100
AcDbBlockEnd
  0
BLOCK
  5
D3E
330
D3D
100
AcDbEntity
  8
0
100
AcDbBlockBegin
  2
*D357
 70
     1
 10
0.0
 20
0.0
 30
0.0
  3
*D357
  1

  0
MTEXT
  5
D40
330
D3D
100
AcDbEntity
  8
!wymiary
100
AcDbMText
 10
7548994.846290618
 20
5784478.858990774
 30
0.0
 40
1.5
 41
0.0
 46
0.0
 71
     5
 72
     1
  1
\A1;- 52 m -
 11
0.972037287498149
 21
0.2348265566609556
 31
0.0
 73
     1
 44
1.0
 90
        3
 63
     9
421
 13158600
 45
1.1
441
        0
  0
POINT
  5
D41
330
D3D
100
AcDbEntity
  8
Defpoints
 62
     0
100
AcDbPoint
 10
7549019.454
 20
5784487.392000001
 30
0.0
  0
POINT
  5
D42
330
D3D
100
AcDbEntity
  8
Defpoints
 62
     0
100
AcDbPoint
 10
7548969.057
 20
5784475.217
 30
0.0
  0
POINT
  5
D43
330
D3D
100
AcDbEntity
  8
Defpoints
 62
     0
100
AcDbPoint
 10
7548968.880880082
 20
5784475.946027966
 30
0.0
  0
ENDBLK
  5
D3F
330
D3D
100
AcDbEntity
  8
0
100
AcDbBlockEnd
  0
BLOCK
  5
D46
330
D45
100
AcDbEntity
  8
0
100
AcDbBlockBegin
  2
*D358
 70
     1
 10
0.0
 20
0.0
 30
0.0
  3
*D358
  1

  0
MTEXT
  5
D48
330
D45
100
AcDbEntity
  8
!wymiary
100
AcDbMText
 10
7548952.3812731
 20
5784469.5082998
 30
0.0
 40
1.5
 41
0.0
 46
0.0
 71
     5
 72
     1
  1
\A1;- 35 m -
 11
0.9826452946805354
 21
0.185494541273332
 31
0.0
 73
     1
 44
1.0
 90
        3
 63
     9
421
 13158600
 45
1.1
441
        0
  0
POINT
  5
D49
330
D45
100
AcDbEntity
  8
Defpoints
 62
     0
100
AcDbPoint
 10
7548969.057
 20
5784475.217
 30
0.0
  0
POINT
  5
D4A
330
D45
100
AcDbEntity
  8
Defpoints
 62
     0
100
AcDbPoint
 10
7548934.772000002
 20
5784468.745
 30
0.0
  0
POINT
  5
D4B
330
D45
100
AcDbEntity
  8
Defpoints
 62
     0
100
AcDbPoint
 10
7548934.632879096
 20
5784469.481983971
 30
0.0
  0
ENDBLK
  5
D47
330
D45
100
AcDbEntity
  8
0
100
AcDbBlockEnd
  0
BLOCK
  5
D4E
330
D4D
100
AcDbEntity
  8
0
100
AcDbBlockBegin
  2
*D359
 70
     1
 10
0.0
 20
0.0
 30
0.0
  3
*D359
  1

  0
MTEXT
  5
D50
330
D4D
100
AcDbEntity
  8
!wymiary
100
AcDbMText
 10
7548916.122261988
 20
5784461.813830065
 30
0.0
 40
1.5
 41
0.0
 46
0.0
 71
     5
 72
     1
  1
\A1;- 39 m -
 11
0.9738905200636611
 21
0.2270181819373327
 31
0.0
 73
     1
 44
1.0
 90
        3
 63
     9
421
 13158600
 45
1.1
441
        0
  0
POINT
  5
D51
330
D4D
100
AcDbEntity
  8
Defpoints
 62
     0
100
AcDbPoint
 10
7548934.772000002
 20
5784468.745
 30
0.0
  0
POINT
  5
D52
330
D4D
100
AcDbEntity
  8
Defpoints
 62
     0
100
AcDbPoint
 10
7548896.33
 20
5784459.784
 30
0.0
  0
POINT
  5
D53
330
D4D
100
AcDbEntity
  8
Defpoints
 62
     0
100
AcDbPoint
 10
7548896.159736363
 20
5784460.514417891
 30
0.0
  0
ENDBLK
  5
D4F
330
D4D
100
AcDbEntity
  8
0
100
AcDbBlockEnd
  0
BLOCK
  5
D56
330
D55
100
AcDbEntity
  8
0
100
AcDbBlockBegin
  2
*D360
 70
     1
 10
0.0
 20
0.0
 30
0.0
  3
*D360
  1

  0
MTEXT
  5
D58
330
D55
100
AcDbEntity
  8
!wymiary
100
AcDbMText
 10
7548868.070860647
 20
5784450.73456791
 30
0.0
 40
1.5
 41
0.0
 46
0.0
 71
     5
 72
     1
  1
\A1;- 59 m -
 11
0.9747889768800586
 21
0.2231287757173619
 31
0.0
 73
     1
 44
1.0
 90
        3
 63
     9
421
 13158600
 45
1.1
441
        0
  0
POINT
  5
D59
330
D55
100
AcDbEntity
  8
Defpoints
 62
     0
100
AcDbPoint
 10
7548896.33
 20
5784459.784
 30
0.0
  0
POINT
  5
D5A
330
D55
100
AcDbEntity
  8
Defpoints
 62
     0
100
AcDbPoint
 10
7548838.689
 20
5784446.59
 30
0.0
  0
POINT
  5
D5B
330
D55
100
AcDbEntity
  8
Defpoints
 62
     0
100
AcDbPoint
 10
7548838.521653418
 20
5784447.321091733
 30
0.0
  0
ENDBLK
  5
D57
330
D55
100
AcDbEntity
  8
0
100
AcDbBlockEnd
  0
BLOCK
  5
D5E
330
D5D
100
AcDbEntity
  8
0
100
AcDbBlockBegin
  2
*D361
 70
     1
 10
0.0
 20
0.0
 30
0.0
  3
*D361
  1

  0
MTEXT
  5
D60
330
D5D
100
AcDbEntity
  8
!wymiary
100
AcDbMText
 10
7548808.744257722
 20
5784437.176676806
 30
0.0
 40
1.5
 41
0.0
 46
0.0
 71
     5
 72
     1
  1
\A1;- 63 m -
 11
0.974944917931961
 21
0.2224464137688938
 31
0.0
 73
     1
 44
1.0
 90
        3
 63
     9
421
 13158600
 45
1.1
441
        0
  0
POINT
  5
D61
330
D5D
100
AcDbEntity
  8
Defpoints
 62
     0
100
AcDbPoint
 10
7548838.689
 20
5784446.59
 30
0.0
  0
POINT
  5
D62
330
D5D
100
AcDbEntity
  8
Defpoints
 62
     0
100
AcDbPoint
 10
7548777.680000001
 20
5784432.67
 30
0.0
  0
POINT
  5
D63
330
D5D
100
AcDbEntity
  8
Defpoints
 62
     0
100
AcDbPoint
 10
7548777.51316519
 20
5784433.401208689
 30
0.0
  0
ENDBLK
  5
D5F
330
D5D
100
AcDbEntity
  8
0
100
AcDbBlockEnd
  0
BLOCK
  5
D66
330
D65
100
AcDbEntity
  8
0
100
AcDbBlockBegin
  2
*D362
 70
     1
 10
0.0
 20
0.0
 30
0.0
  3
*D362
  1

  0
MTEXT
  5
D68
330
D65
100
AcDbEntity
  8
!wymiary
100
AcDbMText
 10
7548766.619339523
 20
5784430.191936824
 30
0.0
 40
1.5
 41
0.0
 46
0.0
 71
     5
 72
     1
  1
\A1;- 22 m -
 11
0.9999974429991345
 21
-0.002261414423078005
 31
0.0
 73
     1
 44
1.0
 90
        3
 63
     9
421
 13158600
 45
1.1
441
        0
  0
POINT
  5
D69
330
D65
100
AcDbEntity
  8
Defpoints
 62
     0
100
AcDbPoint
 10
7548777.680000001
 20
5784432.67
 30
0.0
  0
POINT
  5
D6A
330
D65
100
AcDbEntity
  8
Defpoints
 62
     0
100
AcDbPoint
 10
7548755.57
 20
5784432.720000001
 30
0.0
  0
POINT
  5
D6B
330
D65
100
AcDbEntity
  8
Defpoints
 62
     0
100
AcDbPoint
 10
7548755.571696061
 20
5784433.469998083
 30
0.0
  0
ENDBLK
  5
D67
330
D65
100
AcDbEntity
  8
0
100
AcDbBlockEnd
  0
BLOCK
  5
D6E
330
D6D
100
AcDbEntity
  8
0
100
AcDbBlockBegin
  2
*D363
 70
     1
 10
0.0
 20
0.0
 30
0.0
  3
*D363
  1

  0
MTEXT
  5
D70
330
D6D
100
AcDbEntity
  8
!wymiary
100
AcDbMText
 10
7548726.569533717
 20
5784421.053918718
 30
0.0
 40
1.5
 41
0.0
 46
0.0
 71
     5
 72
     1
  1
\A1;- 62 m -
 11
0.9547756147184661
 21
0.2973273037226402
 31
0.0
 73
     1
 44
1.0
 90
        3
 63
     9
421
 13158600
 45
1.1
441
        0
  0
POINT
  5
D71
330
D6D
100
AcDbEntity
  8
Defpoints
 62
     0
100
AcDbPoint
 10
7548755.57
 20
5784432.720000001
 30
0.0
  0
POINT
  5
D72
330
D6D
100
AcDbEntity
  8
Defpoints
 62
     0
100
AcDbPoint
 10
7548696.073000001
 20
5784414.192000001
 30
0.0
  0
POINT
  5
D73
330
D6D
100
AcDbEntity
  8
Defpoints
 62
     0
100
AcDbPoint
 10
7548695.850004523
 20
5784414.908081712
 30
0.0
  0
ENDBLK
  5
D6F
330
D6D
100
AcDbEntity
  8
0
100
AcDbBlockEnd
  0
BLOCK
  5
D76
330
D75
100
AcDbEntity
  8
0
100
AcDbBlockBegin
  2
*D364
 70
     1
 10
0.0
 20
0.0
 30
0.0
  3
*D364
  1

  0
MTEXT
  5
D78
330
D75
100
AcDbEntity
  8
!wymiary
100
AcDbMText
 10
7548676.484262258
 20
5784408.00214425
 30
0.0
 40
1.5
 41
0.0
 46
0.0
 71
     5
 72
     1
  1
\A1;- 41 m -
 11
0.9831351764065916
 21
0.1828803568237442
 31
0.0
 73
     1
 44
1.0
 90
        3
 63
     9
421
 13158600
 45
1.1
441
        0
  0
POINT
  5
D79
330
D75
100
AcDbEntity
  8
Defpoints
 62
     0
100
AcDbPoint
 10
7548696.073000001
 20
5784414.192000001
 30
0.0
  0
POINT
  5
D7A
330
D75
100
AcDbEntity
  8
Defpoints
 62
     0
100
AcDbPoint
 10
7548655.98
 20
5784406.734
 30
0.0
  0
POINT
  5
D7B
330
D75
100
AcDbEntity
  8
Defpoints
 62
     0
100
AcDbPoint
 10
7548655.842839733
 20
5784407.471351382
 30
0.0
  0
ENDBLK
  5
D77
330
D75
100
AcDbEntity
  8
0
100
AcDbBlockEnd
  0
BLOCK
  5
D7E
330
D7D
100
AcDbEntity
  8
0
100
AcDbBlockBegin
  2
*D365
 70
     1
 10
0.0
 20
0.0
 30
0.0
  3
*D365
  1

  0
MTEXT
  5
D80
330
D7D
100
AcDbEntity
  8
!wymiary
100
AcDbMText
 10
7548631.125598287
 20
5784397.700923399
 30
0.0
 40
1.5
 41
0.0
 46
0.0
 71
     5
 72
     1
  1
\A1;- 53 m -
 11
0.968091161803984
 21
0.250598288974631
 31
0.0
 73
     1
 44
1.0
 90
        3
 63
     9
421
 13158600
 45
1.1
441
        0
  0
POINT
  5
D81
330
D7D
100
AcDbEntity
  8
Defpoints
 62
     0
100
AcDbPoint
 10
7548655.98
 20
5784406.734
 30
0.0
  0
POINT
  5
D82
330
D7D
100
AcDbEntity
  8
Defpoints
 62
     0
100
AcDbPoint
 10
7548605.010000001
 20
5784393.54
 30
0.0
  0
POINT
  5
D83
330
D7D
100
AcDbEntity
  8
Defpoints
 62
     0
100
AcDbPoint
 10
7548604.822051284
 20
5784394.266068371
 30
0.0
  0
ENDBLK
  5
D7F
330
D7D
100
AcDbEntity
  8
0
100
AcDbBlockEnd
  0
BLOCK
  5
D86
330
D85
100
AcDbEntity
  8
0
100
AcDbBlockBegin
  2
*D366
 70
     1
 10
0.0
 20
0.0
 30
0.0
  3
*D366
  1

  0
MTEXT
  5
D88
330
D85
100
AcDbEntity
  8
!wymiary
100
AcDbMText
 10
7548590.661293418
 20
5784387.29715201
 30
0.0
 40
1.5
 41
0.0
 46
0.0
 71
     5
 72
     1
  1
\A1;- 31 m -
 11
0.969192505925483
 21
0.2463044588672373
 31
0.0
 73
     1
 44
1.0
 90
        3
 63
     9
421
 13158600
 45
1.1
441
        0
  0
POINT
  5
D89
330
D85
100
AcDbEntity
  8
Defpoints
 62
     0
100
AcDbPoint
 10
7548605.010000001
 20
5784393.54
 30
0.0
  0
POINT
  5
D8A
330
D85
100
AcDbEntity
  8
Defpoints
 62
     0
100
AcDbPoint
 10
7548575.073000001
 20
5784385.932
 30
0.0
  0
POINT
  5
D8B
330
D85
100
AcDbEntity
  8
Defpoints
 62
     0
100
AcDbPoint
 10
7548574.888271657
 20
5784386.658894381
 30
0.0
  0
ENDBLK
  5
D87
330
D85
100
AcDbEntity
  8
0
100
AcDbBlockEnd
  0
BLOCK
  5
D8E
330
D8D
100
AcDbEntity
  8
0
100
AcDbBlockBegin
  2
*D367
 70
     1
 10
0.0
 20
0.0
 30
0.0
  3
*D367
  1

  0
MTEXT
  5
D90
330
D8D
100
AcDbEntity
  8
!wymiary
100
AcDbMText
 10
7548566.978246256
 20
5784381.625900954
 30
0.0
 40
1.5
 41
0.0
 46
0.0
 71
     5
 72
     1
  1
\A1;- 18 m -
 11
0.9778364266980515
 21
0.2093703002395193
 31
0.0
 73
     1
 44
1.0
 90
        3
 63
     9
421
 13158600
 45
1.1
441
        0
  0
POINT
  5
D91
330
D8D
100
AcDbEntity
  8
Defpoints
 62
     0
100
AcDbPoint
 10
7548575.073000001
 20
5784385.932
 30
0.0
  0
POINT
  5
D92
330
D8D
100
AcDbEntity
  8
Defpoints
 62
     0
100
AcDbPoint
 10
7548557.83
 20
5784382.24
 30
0.0
  0
POINT
  5
D93
330
D8D
100
AcDbEntity
  8
Defpoints
 62
     0
100
AcDbPoint
 10
7548557.672972275
 20
5784382.97337732
 30
0.0
  0
ENDBLK
  5
D8F
330
D8D
100
AcDbEntity
  8
0
100
AcDbBlockEnd
  0
BLOCK
  5
D96
330
D95
100
AcDbEntity
  8
0
100
AcDbBlockBegin
  2
*D368
 70
     1
 10
0.0
 20
0.0
 30
0.0
  3
*D368
  1

  0
MTEXT
  5
D98
330
D95
100
AcDbEntity
  8
!wymiary
100
AcDbMText
 10
7548535.305720082
 20
5784374.739073713
 30
0.0
 40
1.5
 41
0.0
 46
0.0
 71
     5
 72
     1
  1
\A1;- 47 m -
 11
0.9767705150264936
 21
0.2142880327383646
 31
0.0
 73
     1
 44
1.0
 90
        3
 63
     9
421
 13158600
 45
1.1
441
        0
  0
POINT
  5
D99
330
D95
100
AcDbEntity
  8
Defpoints
 62
     0
100
AcDbPoint
 10
7548557.83
 20
5784382.24
 30
0.0
  0
POINT
  5
D9A
330
D95
100
AcDbEntity
  8
Defpoints
 62
     0
100
AcDbPoint
 10
7548511.71
 20
5784372.122000001
 30
0.0
  0
POINT
  5
D9B
330
D95
100
AcDbEntity
  8
Defpoints
 62
     0
100
AcDbPoint
 10
7548511.549283976
 20
5784372.854577888
 30
0.0
  0
ENDBLK
  5
D97
330
D95
100
AcDbEntity
  8
0
100
AcDbBlockEnd
  0
BLOCK
  5
D9E
330
D9D
100
AcDbEntity
  8
0
100
AcDbBlockBegin
  2
*D369
 70
     1
 10
0.0
 20
0.0
 30
0.0
  3
*D369
  1

  0
MTEXT
  5
DA0
330
D9D
100
AcDbEntity
  8
!wymiary
100
AcDbMText
 10
7548471.745068265
 20
5784360.451791946
 30
0.0
 40
1.5
 41
0.0
 46
0.0
 71
     5
 72
     1
  1
\A1;- 83 m -
 11
0.9750978603548023
 21
0.2217750272945233
 31
0.0
 73
     1
 44
1.0
 90
        3
 63
     9
421
 13158600
 45
1.1
441
        0
  0
POINT
  5
DA1
330
D9D
100
AcDbEntity
  8
Defpoints
 62
     0
100
AcDbPoint
 10
7548511.71
 20
5784372.122000001
 30
0.0
  0
POINT
  5
DA2
330
D9D
100
AcDbEntity
  8
Defpoints
 62
     0
100
AcDbPoint
 10
7548430.664000001
 20
5784353.688999999
 30
0.0
  0
POINT
  5
DA3
330
D9D
100
AcDbEntity
  8
Defpoints
 62
     0
100
AcDbPoint
 10
7548430.49766873
 20
5784354.420323394
 30
0.0
  0
ENDBLK
  5
D9F
330
D9D
100
AcDbEntity
  8
0
100
AcDbBlockEnd
  0
BLOCK
  5
DA6
330
DA5
100
AcDbEntity
  8
0
100
AcDbBlockBegin
  2
*D370
 70
     1
 10
0.0
 20
0.0
 30
0.0
  3
*D370
  1

  0
MTEXT
  5
DA8
330
DA5
100
AcDbEntity
  8
!wymiary
100
AcDbMText
 10
7548417.516898768
 20
5784348.077880471
 30
0.0
 40
1.5
 41
0.0
 46
0.0
 71
     5
 72
     1
  1
\A1;- 28 m -
 11
0.9744660012445843
 21
0.2245351028645414
 31
0.0
 73
     1
 44
1.0
 90
        3
 63
     9
421
 13158600
 45
1.1
441
        0
  0
POINT
  5
DA9
330
DA5
100
AcDbEntity
  8
Defpoints
 62
     0
100
AcDbPoint
 10
7548430.664000001
 20
5784353.688999999
 30
0.0
  0
POINT
  5
DAA
330
DA5
100
AcDbEntity
  8
Defpoints
 62
     0
100
AcDbPoint
 10
7548403.24
 20
5784347.37
 30
0.0
  0
POINT
  5
DAB
330
DA5
100
AcDbEntity
  8
Defpoints
 62
     0
100
AcDbPoint
 10
7548403.071598673
 20
5784348.100849501
 30
0.0
  0
ENDBLK
  5
DA7
330
DA5
100
AcDbEntity
  8
0
100
AcDbBlockEnd
  0
BLOCK
  5
DAE
330
DAD
100
AcDbEntity
  8
0
100
AcDbBlockBegin
  2
*D371
 70
     1
 10
0.0
 20
0.0
 30
0.0
  3
*D371
  1

  0
MTEXT
  5
DB0
330
DAD
100
AcDbEntity
  8
!wymiary
100
AcDbMText
 10
7548381.956289425
 20
5784339.900544884
 30
0.0
 40
1.5
 41
0.0
 46
0.0
 71
     5
 72
     1
  1
\A1;- 45 m -
 11
0.9745960508353821
 21
0.2239699481985856
 31
0.0
 73
     1
 44
1.0
 90
        3
 63
     9
421
 13158600
 45
1.1
441
        0
  0
POINT
  5
DB1
330
DAD
100
AcDbEntity
  8
Defpoints
 62
     0
100
AcDbPoint
 10
7548403.24
 20
5784347.37
 30
0.0
  0
POINT
  5
DB2
330
DAD
100
AcDbEntity
  8
Defpoints
 62
     0
100
AcDbPoint
 10
7548359.547
 20
5784337.329
 30
0.0
  0
POINT
  5
DB3
330
DAD
100
AcDbEntity
  8
Defpoints
 62
     0
100
AcDbPoint
 10
7548359.379022539
 20
5784338.059947039
 30
0.0
  0
ENDBLK
  5
DAF
330
DAD
100
AcDbEntity
  8
0
100
AcDbBlockEnd
  0
BLOCK
  5
DB6
330
DB5
100
AcDbEntity
  8
0
100
AcDbBlockBegin
  2
*D372
 70
     1
 10
0.0
 20
0.0
 30
0.0
  3
*D372
  1

  0
MTEXT
  5
DB8
330
DB5
100
AcDbEntity
  8
!wymiary
100
AcDbMText
 10
7548337.058949175
 20
5784329.739728455
 30
0.0
 40
1.5
 41
0.0
 46
0.0
 71
     5
 72
     1
  1
\A1;- 47 m -
 11
0.9759086184515301
 21
0.2181796700703938
 31
0.0
 73
     1
 44
1.0
 90
        3
 63
     9
421
 13158600
 45
1.1
441
        0
  0
POINT
  5
DB9
330
DB5
100
AcDbEntity
  8
Defpoints
 62
     0
100
AcDbPoint
 10
7548359.547
 20
5784337.329
 30
0.0
  0
POINT
  5
DBA
330
DB5
100
AcDbEntity
  8
Defpoints
 62
     0
100
AcDbPoint
 10
7548313.48
 20
5784327.03
 30
0.0
  0
POINT
  5
DBB
330
DB5
100
AcDbEntity
  8
Defpoints
 62
     0
100
AcDbPoint
 10
7548313.316365248
 20
5784327.761931465
 30
0.0
  0
ENDBLK
  5
DB7
330
DB5
100
AcDbEntity
  8
0
100
AcDbBlockEnd
  0
BLOCK
  5
DBE
330
DBD
100
AcDbEntity
  8
0
100
AcDbBlockBegin
  2
*D373
 70
     1
 10
0.0
 20
0.0
 30
0.0
  3
*D373
  1

  0
MTEXT
  5
DC0
330
DBD
100
AcDbEntity
  8
!wymiary
100
AcDbMText
 10
7548291.713663408
 20
5784319.797383217
 30
0.0
 40
1.5
 41
0.0
 46
0.0
 71
     5
 72
     1
  1
\A1;- 46 m -
 11
0.9778434769633763
 21
0.2093373701950401
 31
0.0
 73
     1
 44
1.0
 90
        3
 63
     9
421
 13158600
 45
1.1
441
        0
  0
POINT
  5
DC1
330
DBD
100
AcDbEntity
  8
Defpoints
 62
     0
100
AcDbPoint
 10
7548313.48
 20
5784327.03
 30
0.0
  0
POINT
  5
DC2
330
DBD
100
AcDbEntity
  8
Defpoints
 62
     0
100
AcDbPoint
 10
7548268.894
 20
5784317.485
 30
0.0
  0
POINT
  5
DC3
330
DBD
100
AcDbEntity
  8
Defpoints
 62
     0
100
AcDbPoint
 10
7548268.736996973
 20
5784318.218382608
 30
0.0
  0
ENDBLK
  5
DBF
330
DBD
100
AcDbEntity
  8
0
100
AcDbBlockEnd
  0
BLOCK
  5
DC6
330
DC5
100
AcDbEntity
  8
0
100
AcDbBlockBegin
  2
*D374
 70
     1
 10
0.0
 20
0.0
 30
0.0
  3
*D374
  1

  0
MTEXT
  5
DC8
330
DC5
100
AcDbEntity
  8
!wymiary
100
AcDbMText
 10
7548228.849190759
 20
5784305.471601877
 30
0.0
 40
1.5
 41
0.0
 46
0.0
 71
     5
 72
     1
  1
\A1;- 83 m -
 11
0.9733851042975016
 21
0.2291755631208134
 31
0.0
 73
     1
 44
1.0
 90
        3
 63
     9
421
 13158600
 45
1.1
441
        0
  0
POINT
  5
DC9
330
DC5
100
AcDbEntity
  8
Defpoints
 62
     0
100
AcDbPoint
 10
7548268.894
 20
5784317.485
 30
0.0
  0
POINT
  5
DCA
330
DC5
100
AcDbEntity
  8
Defpoints
 62
     0
100
AcDbPoint
 10
7548187.651000001
 20
5784298.357000001
 30
0.0
  0
POINT
  5
DCB
330
DC5
100
AcDbEntity
  8
Defpoints
 62
     0
100
AcDbPoint
 10
7548187.479118328
 20
5784299.08703883
 30
0.0
  0
ENDBLK
  5
DC7
330
DC5
100
AcDbEntity
  8
0
100
AcDbBlockEnd
  0
BLOCK
  5
DCE
330
DCD
100
AcDbEntity
  8
0
100
AcDbBlockBegin
  2
*D375
 70
     1
 10
0.0
 20
0.0
 30
0.0
  3
*D375
  1

  0
MTEXT
  5
DD0
330
DCD
100
AcDbEntity
  8
!wymiary
100
AcDbMText
 10
7551490.733502917
 20
5775570.298352838
 30
0.0
 40
1.5
 41
0.0
 46
0.0
 71
     5
 72
     1
  1
\A1;- 49 m -
 11
0.3891899242060223
 21
0.9211575342450989
 31
0.0
 73
     1
 44
1.0
 90
        3
 63
     9
421
 13158600
 45
1.1
441
        0
  0
POINT
  5
DD1
330
DCD
100
AcDbEntity
  8
Defpoints
 62
     0
100
AcDbPoint
 10
7551497.966
 20
5775593.881
 30
0.0
  0
POINT
  5
DD2
330
DCD
100
AcDbEntity
  8
Defpoints
 62
     0
100
AcDbPoint
 10
7551478.866
 20
5775548.674
 30
0.0
  0
POINT
  5
DD3
330
DCD
100
AcDbEntity
  8
Defpoints
 62
     0
100
AcDbPoint
 10
7551478.17513185
 20
5775548.965892443
 30
0.0
  0
ENDBLK
  5
DCF
330
DCD
100
AcDbEntity
  8
0
100
AcDbBlockEnd
  0
BLOCK
  5
DD6
330
DD5
100
AcDbEntity
  8
0
100
AcDbBlockBegin
  2
*D376
 70
     1
 10
0.0
 20
0.0
 30
0.0
  3
*D376
  1

  0
MTEXT
  5
DD8
330
DD5
100
AcDbEntity
  8
!wymiary
100
AcDbMText
 10
7551471.395148811
 20
5775524.384447472
 30
0.0
 40
1.5
 41
0.0
 46
0.0
 71
     5
 72
     1
  1
\A1;- 51 m -
 11
0.3871649167032217
 21
0.9220104811086408
 31
0.0
 73
     1
 44
1.0
 90
        3
 63
     9
421
 13158600
 45
1.1
441
        0
  0
POINT
  5
DD9
330
DD5
100
AcDbEntity
  8
Defpoints
 62
     0
100
AcDbPoint
 10
7551478.866
 20
5775548.674
 30
0.0
  0
POINT
  5
DDA
330
DD5
100
AcDbEntity
  8
Defpoints
 62
     0
100
AcDbPoint
 10
7551459.285
 20
5775502.043
 30
0.0
  0
POINT
  5
DDB
330
DD5
100
AcDbEntity
  8
Defpoints
 62
     0
100
AcDbPoint
 10
7551458.593492139
 20
5775502.333373687
 30
0.0
  0
ENDBLK
  5
DD7
330
DD5
100
AcDbEntity
  8
0
100
AcDbBlockEnd
  0
BLOCK
  5
DDE
330
DDD
100
AcDbEntity
  8
0
100
AcDbBlockBegin
  2
*D377
 70
     1
 10
0.0
 20
0.0
 30
0.0
  3
*D377
  1

  0
MTEXT
  5
DE0
330
DDD
100
AcDbEntity
  8
!wymiary
100
AcDbMText
 10
7551452.035186025
 20
5775477.840664198
 30
0.0
 40
1.5
 41
0.0
 46
0.0
 71
     5
 72
     1
  1
\A1;- 50 m -
 11
0.3809178567734002
 21
0.9246088829289709
 31
0.0
 73
     1
 44
1.0
 90
        3
 63
     9
421
 13158600
 45
1.1
441
        0
  0
POINT
  5
DE1
330
DDD
100
AcDbEntity
  8
Defpoints
 62
     0
100
AcDbPoint
 10
7551459.285
 20
5775502.043
 30
0.0
  0
POINT
  5
DE2
330
DDD
100
AcDbEntity
  8
Defpoints
 62
     0
100
AcDbPoint
 10
7551440.133
 20
5775455.555
 30
0.0
  0
POINT
  5
DE3
330
DDD
100
AcDbEntity
  8
Defpoints
 62
     0
100
AcDbPoint
 10
7551439.439543338
 20
5775455.840688393
 30
0.0
  0
ENDBLK
  5
DDF
330
DDD
100
AcDbEntity
  8
0
100
AcDbBlockEnd
  0
BLOCK
  5
DE6
330
DE5
100
AcDbEntity
  8
0
100
AcDbBlockBegin
  2
*D378
 70
     1
 10
0.0
 20
0.0
 30
0.0
  3
*D378
  1

  0
MTEXT
  5
DE8
330
DE5
100
AcDbEntity
  8
!wymiary
100
AcDbMText
 10
7551433.422973939
 20
5775432.312101563
 30
0.0
 40
1.5
 41
0.0
 46
0.0
 71
     5
 72
     1
  1
\A1;- 48 m -
 11
0.3757755322485941
 21
0.9267107150364055
 31
0.0
 73
     1
 44
1.0
 90
        3
 63
     9
421
 13158600
 45
1.1
441
        0
  0
POINT
  5
DE9
330
DE5
100
AcDbEntity
  8
Defpoints
 62
     0
100
AcDbPoint
 10
7551440.133
 20
5775455.555
 30
0.0
  0
POINT
  5
DEA
330
DE5
100
AcDbEntity
  8
Defpoints
 62
     0
100
AcDbPoint
 10
7551422.05
 20
5775410.96
 30
0.0
  0
POINT
  5
DEB
330
DE5
100
AcDbEntity
  8
Defpoints
 62
     0
100
AcDbPoint
 10
7551421.354966964
 20
5775411.241831649
 30
0.0
  0
ENDBLK
  5
DE7
330
DE5
100
AcDbEntity
  8
0
100
AcDbBlockEnd
  0
BLOCK
  5
DEE
330
DED
100
AcDbEntity
  8
0
100
AcDbBlockBegin
  2
*D379
 70
     1
 10
0.0
 20
0.0
 30
0.0
  3
*D379
  1

  0
MTEXT
  5
DF0
330
DED
100
AcDbEntity
  8
!wymiary
100
AcDbMText
 10
7551414.588855549
 20
5775387.542376616
 30
0.0
 40
1.5
 41
0.0
 46
0.0
 71
     5
 72
     1
  1
\A1;- 49 m -
 11
0.3995149134114069
 21
0.9167266953470246
 31
0.0
 73
     1
 44
1.0
 90
        3
 63
     9
421
 13158600
 45
1.1
441
        0
  0
POINT
  5
DF1
330
DED
100
AcDbEntity
  8
Defpoints
 62
     0
100
AcDbPoint
 10
7551422.05
 20
5775410.96
 30
0.0
  0
POINT
  5
DF2
330
DED
100
AcDbEntity
  8
Defpoints
 62
     0
100
AcDbPoint
 10
7551402.515
 20
5775366.135
 30
0.0
  0
POINT
  5
DF3
330
DED
100
AcDbEntity
  8
Defpoints
 62
     0
100
AcDbPoint
 10
7551401.827454979
 20
5775366.434636185
 30
0.0
  0
ENDBLK
  5
DEF
330
DED
100
AcDbEntity
  8
0
100
AcDbBlockEnd
  0
BLOCK
  5
DF6
330
DF5
100
AcDbEntity
  8
0
100
AcDbBlockBegin
  2
*D380
 70
     1
 10
0.0
 20
0.0
 30
0.0
  3
*D380
  1

  0
MTEXT
  5
DF8
330
DF5
100
AcDbEntity
  8
!wymiary
100
AcDbMText
 10
7551394.560598524
 20
5775340.658888552
 30
0.0
 40
1.5
 41
0.0
 46
0.0
 71
     5
 72
     1
  1
\A1;- 53 m -
 11
0.3867122212245745
 21
0.9222004434804594
 31
0.0
 73
     1
 44
1.0
 90
        3
 63
     9
421
 13158600
 45
1.1
441
        0
  0
POINT
  5
DF9
330
DF5
100
AcDbEntity
  8
Defpoints
 62
     0
100
AcDbPoint
 10
7551402.515
 20
5775366.135
 30
0.0
  0
POINT
  5
DFA
330
DF5
100
AcDbEntity
  8
Defpoints
 62
     0
100
AcDbPoint
 10
7551381.965
 20
5775317.129
 30
0.0
  0
POINT
  5
DFB
330
DF5
100
AcDbEntity
  8
Defpoints
 62
     0
100
AcDbPoint
 10
7551381.273349667
 20
5775317.419034166
 30
0.0
  0
ENDBLK
  5
DF7
330
DF5
100
AcDbEntity
  8
0
100
AcDbBlockEnd
  0
BLOCK
  5
DFE
330
DFD
100
AcDbEntity
  8
0
100
AcDbBlockBegin
  2
*D381
 70
     1
 10
0.0
 20
0.0
 30
0.0
  3
*D381
  1

  0
MTEXT
  5
E00
330
DFD
100
AcDbEntity
  8
!wymiary
100
AcDbMText
 10
7551374.699334447
 20
5775293.315889672
 30
0.0
 40
1.5
 41
0.0
 46
0.0
 71
     5
 72
     1
  1
\A1;- 50 m -
 11
0.3869891523140955
 21
0.9220842672940569
 31
0.0
 73
     1
 44
1.0
 90
        3
 63
     9
421
 13158600
 45
1.1
441
        0
  0
POINT
  5
E01
330
DFD
100
AcDbEntity
  8
Defpoints
 62
     0
100
AcDbPoint
 10
7551381.965
 20
5775317.129
 30
0.0
  0
POINT
  5
E02
330
DFD
100
AcDbEntity
  8
Defpoints
 62
     0
100
AcDbPoint
 10
7551362.794
 20
5775271.45
 30
0.0
  0
POINT
  5
E03
330
DFD
100
AcDbEntity
  8
Defpoints
 62
     0
100
AcDbPoint
 10
7551362.1024368
 20
5775271.740241865
 30
0.0
  0
ENDBLK
  5
DFF
330
DFD
100
AcDbEntity
  8
0
100
AcDbBlockEnd
  0
BLOCK
  5
E06
330
E05
100
AcDbEntity
  8
0
100
AcDbBlockBegin
  2
*D382
 70
     1
 10
0.0
 20
0.0
 30
0.0
  3
*D382
  1

  0
MTEXT
  5
E08
330
E05
100
AcDbEntity
  8
!wymiary
100
AcDbMText
 10
7549225.12011797
 20
5774682.125042812
 30
0.0
 40
1.5
 41
0.0
 46
0.0
 71
     5
 72
     1
  1
\A1;- 45 m -
 11
0.1756775720989493
 21
-0.984447759234292
 31
0.0
 73
     1
 44
1.0
 90
        3
 63
     9
421
 13158600
 45
1.1
441
        0
  0
POINT
  5
E09
330
E05
100
AcDbEntity
  8
Defpoints
 62
     0
100
AcDbPoint
 10
7549225.091
 20
5774705.13
 30
0.0
  0
POINT
  5
E0A
330
E05
100
AcDbEntity
  8
Defpoints
 62
     0
100
AcDbPoint
 10
7549233.05
 20
5774660.53
 30
0.0
  0
POINT
  5
E0B
330
E05
100
AcDbEntity
  8
Defpoints
 62
     0
100
AcDbPoint
 10
7549232.31166418
 20
5774660.398241821
 30
0.0
  0
ENDBLK
  5
E07
330
E05
100
AcDbEntity
  8
0
100
AcDbBlockEnd
  0
BLOCK
  5
E0E
330
E0D
100
AcDbEntity
  8
0
100
AcDbBlockBegin
  2
*D383
 70
     1
 10
0.0
 20
0.0
 30
0.0
  3
*D383
  1

  0
MTEXT
  5
E10
330
E0D
100
AcDbEntity
  8
!wymiary
100
AcDbMText
 10
7549232.183703902
 20
5774641.785379091
 30
0.0
 40
1.5
 41
0.0
 46
0.0
 71
     5
 72
     1
  1
\A1;- 37 m -
 11
0.1687147163851361
 21
-0.9856649250506396
 31
0.0
 73
     1
 44
1.0
 90
        3
 63
     9
421
 13158600
 45
1.1
441
        0
  0
POINT
  5
E11
330
E0D
100
AcDbEntity
  8
Defpoints
 62
     0
100
AcDbPoint
 10
7549233.05
 20
5774660.53
 30
0.0
  0
POINT
  5
E12
330
E0D
100
AcDbEntity
  8
Defpoints
 62
     0
100
AcDbPoint
 10
7549239.235
 20
5774624.396
 30
0.0
  0
POINT
  5
E13
330
E0D
100
AcDbEntity
  8
Defpoints
 62
     0
100
AcDbPoint
 10
7549238.495751306
 20
5774624.269463962
 30
0.0
  0
ENDBLK
  5
E0F
330
E0D
100
AcDbEntity
  8
0
100
AcDbBlockEnd
  0
BLOCK
  5
E16
330
E15
100
AcDbEntity
  8
0
100
AcDbBlockBegin
  2
*D384
 70
     1
 10
0.0
 20
0.0
 30
0.0
  3
*D384
  1

  0
MTEXT
  5
E18
330
E15
100
AcDbEntity
  8
!wymiary
100
AcDbMText
 10
7549238.69771564
 20
5774602.575844623
 30
0.0
 40
1.5
 41
0.0
 46
0.0
 71
     5
 72
     1
  1
\A1;- 43 m -
 11
0.1597599833221882
 21
-0.9871558882612687
 31
0.0
 73
     1
 44
1.0
 90
        3
 63
     9
421
 13158600
 45
1.1
441
        0
  0
POINT
  5
E19
330
E15
100
AcDbEntity
  8
Defpoints
 62
     0
100
AcDbPoint
 10
7549239.235
 20
5774624.396
 30
0.0
  0
POINT
  5
E1A
330
E15
100
AcDbEntity
  8
Defpoints
 62
     0
100
AcDbPoint
 10
7549246.09
 20
5774582.039
 30
0.0
  0
POINT
  5
E1B
330
E15
100
AcDbEntity
  8
Defpoints
 62
     0
100
AcDbPoint
 10
7549245.349633083
 20
5774581.919180012
 30
0.0
  0
ENDBLK
  5
E17
330
E15
100
AcDbEntity
  8
0
100
AcDbBlockEnd
  0
BLOCK
  5
E1E
330
E1D
100
AcDbEntity
  8
0
100
AcDbBlockBegin
  2
*D385
 70
     1
 10
0.0
 20
0.0
 30
0.0
  3
*D385
  1

  0
MTEXT
  5
E20
330
E1D
100
AcDbEntity
  8
!wymiary
100
AcDbMText
 10
7549058.643497958
 20
5775078.795247598
 30
0.0
 40
1.5
 41
0.0
 46
0.0
 71
     5
 72
     1
  1
\A1;- 37 m -
 11
0.4110094937970004
 21
-0.9116310635387176
 31
0.0
 73
     1
 44
1.0
 90
        3
 63
     9
421
 13158600
 45
1.1
441
        0
  0
POINT
  5
E21
330
E1D
100
AcDbEntity
  8
Defpoints
 62
     0
100
AcDbPoint
 10
7549068.503
 20
5775063.049
 30
0.0
  0
POINT
  5
E22
330
E1D
100
AcDbEntity
  8
Defpoints
 62
     0
100
AcDbPoint
 10
7549053.372
 20
5775096.61
 30
0.0
  0
POINT
  5
E23
330
E1D
100
AcDbEntity
  8
Defpoints
 62
     0
100
AcDbPoint
 10
7549054.055723298
 20
5775096.918257121
 30
0.0
  0
ENDBLK
  5
E1F
330
E1D
100
AcDbEntity
  8
0
100
AcDbBlockEnd
  0
BLOCK
  5
E26
330
E25
100
AcDbEntity
  8
0
100
AcDbBlockBegin
  2
*D386
 70
     1
 10
0.0
 20
0.0
 30
0.0
  3
*D386
  1

  0
MTEXT
  5
E28
330
E25
100
AcDbEntity
  8
!wymiary
100
AcDbMText
 10
7549026.588754515
 20
5775090.31902991
 30
0.0
 40
1.5
 41
0.0
 46
0.0
 71
     5
 72
     1
  1
\A1;- 55 m -
 11
0.9903215888316605
 21
0.1387917529752232
 31
0.0
 73
     1
 44
1.0
 90
        3
 63
     9
421
 13158600
 45
1.1
441
        0
  0
POINT
  5
E29
330
E25
100
AcDbEntity
  8
Defpoints
 62
     0
100
AcDbPoint
 10
7549053.372
 20
5775096.61
 30
0.0
  0
POINT
  5
E2A
330
E25
100
AcDbEntity
  8
Defpoints
 62
     0
100
AcDbPoint
 10
7548999.108
 20
5775089.005
 30
0.0
  0
POINT
  5
E2B
330
E25
100
AcDbEntity
  8
Defpoints
 62
     0
100
AcDbPoint
 10
7548999.003906185
 20
5775089.747741192
 30
0.0
  0
ENDBLK
  5
E27
330
E25
100
AcDbEntity
  8
0
100
AcDbBlockEnd
  0
BLOCK
  5
E2E
330
E2D
100
AcDbEntity
  8
0
100
AcDbBlockBegin
  2
*D387
 70
     1
 10
0.0
 20
0.0
 30
0.0
  3
*D387
  1

  0
MTEXT
  5
E30
330
E2D
100
AcDbEntity
  8
!wymiary
100
AcDbMText
 10
7548972.996058171
 20
5775082.844468566
 30
0.0
 40
1.5
 41
0.0
 46
0.0
 71
     5
 72
     1
  1
\A1;- 53 m -
 11
0.9905261813184082
 21
0.1373240114574731
 31
0.0
 73
     1
 44
1.0
 90
        3
 63
     9
421
 13158600
 45
1.1
441
        0
  0
POINT
  5
E31
330
E2D
100
AcDbEntity
  8
Defpoints
 62
     0
100
AcDbPoint
 10
7548999.108
 20
5775089.005
 30
0.0
  0
POINT
  5
E32
330
E2D
100
AcDbEntity
  8
Defpoints
 62
     0
100
AcDbPoint
 10
7548946.193
 20
5775081.669
 30
0.0
  0
POINT
  5
E33
330
E2D
100
AcDbEntity
  8
Defpoints
 62
     0
100
AcDbPoint
 10
7548946.090006991
 20
5775082.411894636
 30
0.0
  0
ENDBLK
  5
E2F
330
E2D
100
AcDbEntity
  8
0
100
AcDbBlockEnd
  0
BLOCK
  5
E36
330
E35
100
AcDbEntity
  8
0
100
AcDbBlockBegin
  2
*D388
 70
     1
 10
0.0
 20
0.0
 30
0.0
  3
*D388
  1

  0
MTEXT
  5
E38
330
E35
100
AcDbEntity
  8
!wymiary
100
AcDbMText
 10
7548920.144493462
 20
5775075.588067259
 30
0.0
 40
1.5
 41
0.0
 46
0.0
 71
     5
 72
     1
  1
\A1;- 53 m -
 11
0.9908843584735791
 21
0.1347152112138925
 31
0.0
 73
     1
 44
1.0
 90
        3
 63
     9
421
 13158600
 45
1.1
441
        0
  0
POINT
  5
E39
330
E35
100
AcDbEntity
  8
Defpoints
 62
     0
100
AcDbPoint
 10
7548946.193
 20
5775081.669
 30
0.0
  0
POINT
  5
E3A
330
E35
100
AcDbEntity
  8
Defpoints
 62
     0
100
AcDbPoint
 10
7548893.418
 20
5775074.494
 30
0.0
  0
POINT
  5
E3B
330
E35
100
AcDbEntity
  8
Defpoints
 62
     0
100
AcDbPoint
 10
7548893.316963592
 20
5775075.237163269
 30
0.0
  0
ENDBLK
  5
E37
330
E35
100
AcDbEntity
  8
0
100
AcDbBlockEnd
  0
BLOCK
  5
E3E
330
E3D
100
AcDbEntity
  8
0
100
AcDbBlockBegin
  2
*D389
 70
     1
 10
0.0
 20
0.0
 30
0.0
  3
*D389
  1

  0
MTEXT
  5
E40
330
E3D
100
AcDbEntity
  8
!wymiary
100
AcDbMText
 10
7548869.563110825
 20
5775068.516829884
 30
0.0
 40
1.5
 41
0.0
 46
0.0
 71
     5
 72
     1
  1
\A1;- 49 m -
 11
0.9897890301302645
 21
0.1425400850069566
 31
0.0
 73
     1
 44
1.0
 90
        3
 63
     9
421
 13158600
 45
1.1
441
        0
  0
POINT
  5
E41
330
E3D
100
AcDbEntity
  8
Defpoints
 62
     0
100
AcDbPoint
 10
7548893.418
 20
5775074.494
 30
0.0
  0
POINT
  5
E42
330
E3D
100
AcDbEntity
  8
Defpoints
 62
     0
100
AcDbPoint
 10
7548844.991
 20
5775067.52
 30
0.0
  0
POINT
  5
E43
330
E3D
100
AcDbEntity
  8
Defpoints
 62
     0
100
AcDbPoint
 10
7548844.884094937
 20
5775068.262341772
 30
0.0
  0
ENDBLK
  5
E3F
330
E3D
100
AcDbEntity
  8
0
100
AcDbBlockEnd
  0
BLOCK
  5
E46
330
E45
100
AcDbEntity
  8
0
100
AcDbBlockBegin
  2
*D390
 70
     1
 10
0.0
 20
0.0
 30
0.0
  3
*D390
  1

  0
MTEXT
  5
E48
330
E45
100
AcDbEntity
  8
!wymiary
100
AcDbMText
 10
7548820.312704975
 20
5775061.515563595
 30
0.0
 40
1.5
 41
0.0
 46
0.0
 71
     5
 72
     1
  1
\A1;- 51 m -
 11
0.9902923528285863
 21
0.1390002011841096
 31
0.0
 73
     1
 44
1.0
 90
        3
 63
     9
421
 13158600
 45
1.1
441
        0
  0
POINT
  5
E49
330
E45
100
AcDbEntity
  8
Defpoints
 62
     0
100
AcDbPoint
 10
7548844.991
 20
5775067.52
 30
0.0
  0
POINT
  5
E4A
330
E45
100
AcDbEntity
  8
Defpoints
 62
     0
100
AcDbPoint
 10
7548794.935
 20
5775060.494
 30
0.0
  0
POINT
  5
E4B
330
E45
100
AcDbEntity
  8
Defpoints
 62
     0
100
AcDbPoint
 10
7548794.830749849
 20
5775061.236719266
 30
0.0
  0
ENDBLK
  5
E47
330
E45
100
AcDbEntity
  8
0
100
AcDbBlockEnd
  0
BLOCK
  5
E4E
330
E4D
100
AcDbEntity
  8
0
100
AcDbBlockBegin
  2
*D391
 70
     1
 10
0.0
 20
0.0
 30
0.0
  3
*D391
  1

  0
MTEXT
  5
E50
330
E4D
100
AcDbEntity
  8
!wymiary
100
AcDbMText
 10
7548769.396249343
 20
5775054.527010115
 30
0.0
 40
1.5
 41
0.0
 46
0.0
 71
     5
 72
     1
  1
\A1;- 52 m -
 11
0.9911085669410465
 21
0.1330556595416569
 31
0.0
 73
     1
 44
1.0
 90
        3
 63
     9
421
 13158600
 45
1.1
441
        0
  0
POINT
  5
E51
330
E4D
100
AcDbEntity
  8
Defpoints
 62
     0
100
AcDbPoint
 10
7548794.935
 20
5775060.494
 30
0.0
  0
POINT
  5
E52
330
E4D
100
AcDbEntity
  8
Defpoints
 62
     0
100
AcDbPoint
 10
7548743.188
 20
5775053.547
 30
0.0
  0
POINT
  5
E53
330
E4D
100
AcDbEntity
  8
Defpoints
 62
     0
100
AcDbPoint
 10
7548743.088208255
 20
5775054.290331426
 30
0.0
  0
ENDBLK
  5
E4F
330
E4D
100
AcDbEntity
  8
0
100
AcDbBlockEnd
  0
BLOCK
  5
E56
330
E55
100
AcDbEntity
  8
0
100
AcDbBlockBegin
  2
*D392
 70
     1
 10
0.0
 20
0.0
 30
0.0
  3
*D392
  1

  0
MTEXT
  5
E58
330
E55
100
AcDbEntity
  8
!wymiary
100
AcDbMText
 10
7548718.464927494
 20
5775047.769472521
 30
0.0
 40
1.5
 41
0.0
 46
0.0
 71
     5
 72
     1
  1
\A1;- 51 m -
 11
0.9915209881795258
 21
0.1299466428942915
 31
0.0
 73
     1
 44
1.0
 90
        3
 63
     9
421
 13158600
 45
1.1
441
        0
  0
POINT
  5
E59
330
E55
100
AcDbEntity
  8
Defpoints
 62
     0
100
AcDbPoint
 10
7548743.188
 20
5775053.547
 30
0.0
  0
POINT
  5
E5A
330
E55
100
AcDbEntity
  8
Defpoints
 62
     0
100
AcDbPoint
 10
7548693.088
 20
5775046.981
 30
0.0
  0
POINT
  5
E5B
330
E55
100
AcDbEntity
  8
Defpoints
 62
     0
100
AcDbPoint
 10
7548692.990540018
 20
5775047.724640741
 30
0.0
  0
ENDBLK
  5
E57
330
E55
100
AcDbEntity
  8
0
100
AcDbBlockEnd
  0
BLOCK
  5
E5E
330
E5D
100
AcDbEntity
  8
0
100
AcDbBlockBegin
  2
*D393
 70
     1
 10
0.0
 20
0.0
 30
0.0
  3
*D393
  1

  0
MTEXT
  5
E60
330
E5D
100
AcDbEntity
  8
!wymiary
100
AcDbMText
 10
7548667.156731752
 20
5775041.138332547
 30
0.0
 40
1.5
 41
0.0
 46
0.0
 71
     5
 72
     1
  1
\A1;- 53 m -
 11
0.9919711265743804
 21
0.1264645564684225
 31
0.0
 73
     1
 44
1.0
 90
        3
 63
     9
421
 13158600
 45
1.1
441
        0
  0
POINT
  5
E61
330
E5D
100
AcDbEntity
  8
Defpoints
 62
     0
100
AcDbPoint
 10
7548693.088
 20
5775046.981
 30
0.0
  0
POINT
  5
E62
330
E5D
100
AcDbEntity
  8
Defpoints
 62
     0
100
AcDbPoint
 10
7548640.589
 20
5775040.288
 30
0.0
  0
POINT
  5
E63
330
E5D
100
AcDbEntity
  8
Defpoints
 62
     0
100
AcDbPoint
 10
7548640.494151582
 20
5775041.031978345
 30
0.0
  0
ENDBLK
  5
E5F
330
E5D
100
AcDbEntity
  8
0
100
AcDbBlockEnd
  0
BLOCK
  5
E66
330
E65
100
AcDbEntity
  8
0
100
AcDbBlockBegin
  2
*D394
 70
     1
 10
0.0
 20
0.0
 30
0.0
  3
*D394
  1

  0
MTEXT
  5
E68
330
E65
100
AcDbEntity
  8
!wymiary
100
AcDbMText
 10
7548615.959006749
 20
5775034.684437616
 30
0.0
 40
1.5
 41
0.0
 46
0.0
 71
     5
 72
     1
  1
\A1;- 50 m -
 11
0.9923298186865328
 21
0.1236184894971334
 31
0.0
 73
     1
 44
1.0
 90
        3
 63
     9
421
 13158600
 45
1.1
441
        0
  0
POINT
  5
E69
330
E65
100
AcDbEntity
  8
Defpoints
 62
     0
100
AcDbPoint
 10
7548640.589
 20
5775040.288
 30
0.0
  0
POINT
  5
E6A
330
E65
100
AcDbEntity
  8
Defpoints
 62
     0
100
AcDbPoint
 10
7548590.707
 20
5775034.074
 30
0.0
  0
POINT
  5
E6B
330
E65
100
AcDbEntity
  8
Defpoints
 62
     0
100
AcDbPoint
 10
7548590.614286133
 20
5775034.818247364
 30
0.0
  0
ENDBLK
  5
E67
330
E65
100
AcDbEntity
  8
0
100
AcDbBlockEnd
  0
BLOCK
  5
E6E
330
E6D
100
AcDbEntity
  8
0
100
AcDbBlockBegin
  2
*D395
 70
     1
 10
0.0
 20
0.0
 30
0.0
  3
*D395
  1

  0
MTEXT
  5
E70
330
E6D
100
AcDbEntity
  8
!wymiary
100
AcDbMText
 10
7548566.253951209
 20
5775027.859512233
 30
0.0
 40
1.5
 41
0.0
 46
0.0
 71
     5
 72
     1
  1
\A1;- 50 m -
 11
0.9889215930971972
 21
0.1484388180568064
 31
0.0
 73
     1
 44
1.0
 90
        3
 63
     9
421
 13158600
 45
1.1
441
        0
  0
POINT
  5
E71
330
E6D
100
AcDbEntity
  8
Defpoints
 62
     0
100
AcDbPoint
 10
7548590.707
 20
5775034.074
 30
0.0
  0
POINT
  5
E72
330
E6D
100
AcDbEntity
  8
Defpoints
 62
     0
100
AcDbPoint
 10
7548541.054
 20
5775026.621
 30
0.0
  0
POINT
  5
E73
330
E6D
100
AcDbEntity
  8
Defpoints
 62
     0
100
AcDbPoint
 10
7548540.942670886
 20
5775027.362691195
 30
0.0
  0
ENDBLK
  5
E6F
330
E6D
100
AcDbEntity
  8
0
100
AcDbBlockEnd
  0
BLOCK
  5
E76
330
E75
100
AcDbEntity
  8
0
100
AcDbBlockBegin
  2
*D396
 70
     1
 10
0.0
 20
0.0
 30
0.0
  3
*D396
  1

  0
MTEXT
  5
E78
330
E75
100
AcDbEntity
  8
!wymiary
100
AcDbMText
 10
7548519.934304809
 20
5775015.575858283
 30
0.0
 40
1.5
 41
0.0
 46
0.0
 71
     5
 72
     1
  1
\A1;- 47 m -
 11
0.9298566868323885
 21
0.3679219237190053
 31
0.0
 73
     1
 44
1.0
 90
        3
 63
     9
421
 13158600
 45
1.1
441
        0
  0
POINT
  5
E79
330
E75
100
AcDbEntity
  8
Defpoints
 62
     0
100
AcDbPoint
 10
7548541.054
 20
5775026.621
 30
0.0
  0
POINT
  5
E7A
330
E75
100
AcDbEntity
  8
Defpoints
 62
     0
100
AcDbPoint
 10
7548496.975
 20
5775009.18
 30
0.0
  0
POINT
  5
E7B
330
E75
100
AcDbEntity
  8
Defpoints
 62
     0
100
AcDbPoint
 10
7548496.699058557
 20
5775009.877392515
 30
0.0
  0
ENDBLK
  5
E77
330
E75
100
AcDbEntity
  8
0
100
AcDbBlockEnd
  0
BLOCK
  5
E7E
330
E7D
100
AcDbEntity
  8
0
100
AcDbBlockBegin
  2
*D397
 70
     1
 10
0.0
 20
0.0
 30
0.0
  3
*D397
  1

  0
MTEXT
  5
E80
330
E7D
100
AcDbEntity
  8
!wymiary
100
AcDbMText
 10
7548480.452839807
 20
5775004.073308095
 30
0.0
 40
1.5
 41
0.0
 46
0.0
 71
     5
 72
     1
  1
\A1;- 34 m -
 11
0.9882055662140521
 21
0.1531331411013468
 31
0.0
 73
     1
 44
1.0
 90
        3
 63
     9
421
 13158600
 45
1.1
441
        0
  0
POINT
  5
E81
330
E7D
100
AcDbEntity
  8
Defpoints
 62
     0
100
AcDbPoint
 10
7548496.975
 20
5775009.18
 30
0.0
  0
POINT
  5
E82
330
E7D
100
AcDbEntity
  8
Defpoints
 62
     0
100
AcDbPoint
 10
7548463.16
 20
5775003.94
 30
0.0
  0
POINT
  5
E83
330
E7D
100
AcDbEntity
  8
Defpoints
 62
     0
100
AcDbPoint
 10
7548463.045150144
 20
5775004.681154176
 30
0.0
  0
ENDBLK
  5
E7F
330
E7D
100
AcDbEntity
  8
0
100
AcDbBlockEnd
  0
BLOCK
  5
E86
330
E85
100
AcDbEntity
  8
0
100
AcDbBlockBegin
  2
*D398
 70
     1
 10
0.0
 20
0.0
 30
0.0
  3
*D398
  1

  0
MTEXT
  5
E88
330
E85
100
AcDbEntity
  8
!wymiary
100
AcDbMText
 10
7548443.300911666
 20
5774998.395742762
 30
0.0
 40
1.5
 41
0.0
 46
0.0
 71
     5
 72
     1
  1
\A1;- 41 m -
 11
0.9886889525938193
 21
0.149980515464299
 31
0.0
 73
     1
 44
1.0
 90
        3
 63
     9
421
 13158600
 45
1.1
441
        0
  0
POINT
  5
E89
330
E85
100
AcDbEntity
  8
Defpoints
 62
     0
100
AcDbPoint
 10
7548463.16
 20
5775003.94
 30
0.0
  0
POINT
  5
E8A
330
E85
100
AcDbEntity
  8
Defpoints
 62
     0
100
AcDbPoint
 10
7548422.691
 20
5774997.801
 30
0.0
  0
POINT
  5
E8B
330
E85
100
AcDbEntity
  8
Defpoints
 62
     0
100
AcDbPoint
 10
7548422.578514613
 20
5774998.542516714
 30
0.0
  0
ENDBLK
  5
E87
330
E85
100
AcDbEntity
  8
0
100
AcDbBlockEnd
  0
BLOCK
  5
E8E
330
E8D
100
AcDbEntity
  8
0
100
AcDbBlockBegin
  2
*D399
 70
     1
 10
0.0
 20
0.0
 30
0.0
  3
*D399
  1

  0
MTEXT
  5
E90
330
E8D
100
AcDbEntity
  8
!wymiary
100
AcDbMText
 10
7548399.11086685
 20
5774991.954016157
 30
0.0
 40
1.5
 41
0.0
 46
0.0
 71
     5
 72
     1
  1
\A1;- 48 m -
 11
0.9903112078855211
 21
0.1388658040567228
 31
0.0
 73
     1
 44
1.0
 90
        3
 63
     9
421
 13158600
 45
1.1
441
        0
  0
POINT
  5
E91
330
E8D
100
AcDbEntity
  8
Defpoints
 62
     0
100
AcDbPoint
 10
7548422.691
 20
5774997.801
 30
0.0
  0
POINT
  5
E92
330
E8D
100
AcDbEntity
  8
Defpoints
 62
     0
100
AcDbPoint
 10
7548374.832
 20
5774991.09
 30
0.0
  0
POINT
  5
E93
330
E8D
100
AcDbEntity
  8
Defpoints
 62
     0
100
AcDbPoint
 10
7548374.727850648
 20
5774991.832733406
 30
0.0
  0
ENDBLK
  5
E8F
330
E8D
100
AcDbEntity
  8
0
100
AcDbBlockEnd
  0
BLOCK
  5
E96
330
E95
100
AcDbEntity
  8
0
100
AcDbBlockBegin
  2
*D400
 70
     1
 10
0.0
 20
0.0
 30
0.0
  3
*D400
  1

  0
MTEXT
  5
E98
330
E95
100
AcDbEntity
  8
!wymiary
100
AcDbMText
 10
7548329.065236143
 20
5774981.186019438
 30
0.0
 40
1.5
 41
0.0
 46
0.0
 71
     5
 72
     1
  1
\A1;- 94 m -
 11
0.9873288156065888
 21
0.1586877748060348
 31
0.0
 73
     1
 44
1.0
 90
        3
 63
     9
421
 13158600
 45
1.1
441
        0
  0
POINT
  5
E99
330
E95
100
AcDbEntity
  8
Defpoints
 62
     0
100
AcDbPoint
 10
7548374.832
 20
5774991.09
 30
0.0
  0
POINT
  5
E9A
330
E95
100
AcDbEntity
  8
Defpoints
 62
     0
100
AcDbPoint
 10
7548282.5
 20
5774976.25
 30
0.0
  0
POINT
  5
E9B
330
E95
100
AcDbEntity
  8
Defpoints
 62
     0
100
AcDbPoint
 10
7548282.380984168
 20
5774976.990496612
 30
0.0
  0
ENDBLK
  5
E97
330
E95
100
AcDbEntity
  8
0
100
AcDbBlockEnd
  0
BLOCK
  5
E9E
330
E9D
100
AcDbEntity
  8
0
100
AcDbBlockBegin
  2
*D401
 70
     1
 10
0.0
 20
0.0
 30
0.0
  3
*D401
  1

  0
MTEXT
  5
EA0
330
E9D
100
AcDbEntity
  8
!wymiary
100
AcDbMText
 10
7548270.908880609
 20
5774972.164298276
 30
0.0
 40
1.5
 41
0.0
 46
0.0
 71
     5
 72
     1
  1
\A1;- 24 m -
 11
0.9910638311026726
 21
0.1333884653187568
 31
0.0
 73
     1
 44
1.0
 90
        3
 63
     9
421
 13158600
 45
1.1
441
        0
  0
POINT
  5
EA1
330
E9D
100
AcDbEntity
  8
Defpoints
 62
     0
100
AcDbPoint
 10
7548282.5
 20
5774976.25
 30
0.0
  0
POINT
  5
EA2
330
E9D
100
AcDbEntity
  8
Defpoints
 62
     0
100
AcDbPoint
 10
7548258.65
 20
5774973.04
 30
0.0
  0
POINT
  5
EA3
330
E9D
100
AcDbEntity
  8
Defpoints
 62
     0
100
AcDbPoint
 10
7548258.549958651
 20
5774973.783297874
 30
0.0
  0
ENDBLK
  5
E9F
330
E9D
100
AcDbEntity
  8
0
100
AcDbBlockEnd
  0
BLOCK
  5
EA6
330
EA5
100
AcDbEntity
  8
0
100
AcDbBlockBegin
  2
*D402
 70
     1
 10
0.0
 20
0.0
 30
0.0
  3
*D402
  1

  0
MTEXT
  5
EA8
330
EA5
100
AcDbEntity
  8
!wymiary
100
AcDbMText
 10
7548248.242520235
 20
5774969.075476419
 30
0.0
 40
1.5
 41
0.0
 46
0.0
 71
     5
 72
     1
  1
\A1;- 22 m -
 11
0.9905931522303204
 21
0.1368400772960807
 31
0.0
 73
     1
 44
1.0
 90
        3
 63
     9
421
 13158600
 45
1.1
441
        0
  0
POINT
  5
EA9
330
EA5
100
AcDbEntity
  8
Defpoints
 62
     0
100
AcDbPoint
 10
7548258.65
 20
5774973.04
 30
0.0
  0
POINT
  5
EAA
330
EA5
100
AcDbEntity
  8
Defpoints
 62
     0
100
AcDbPoint
 10
7548237.15
 20
5774970.07
 30
0.0
  0
POINT
  5
EAB
330
EA5
100
AcDbEntity
  8
Defpoints
 62
     0
100
AcDbPoint
 10
7548237.047369942
 20
5774970.812944866
 30
0.0
  0
ENDBLK
  5
EA7
330
EA5
100
AcDbEntity
  8
0
100
AcDbBlockEnd
  0
BLOCK
  5
EAE
330
EAD
100
AcDbEntity
  8
0
100
AcDbBlockBegin
  2
*D403
 70
     1
 10
0.0
 20
0.0
 30
0.0
  3
*D403
  1

  0
MTEXT
  5
EB0
330
EAD
100
AcDbEntity
  8
!wymiary
100
AcDbMText
 10
7548216.424569171
 20
5774964.861172346
 30
0.0
 40
1.5
 41
0.0
 46
0.0
 71
     5
 72
     1
  1
\A1;- 42 m -
 11
0.9917134048239024
 21
0.1284699291374551
 31
0.0
 73
     1
 44
1.0
 90
        3
 63
     9
421
 13158600
 45
1.1
441
        0
  0
POINT
  5
EB1
330
EAD
100
AcDbEntity
  8
Defpoints
 62
     0
100
AcDbPoint
 10
7548237.15
 20
5774970.07
 30
0.0
  0
POINT
  5
EB2
330
EAD
100
AcDbEntity
  8
Defpoints
 62
     0
100
AcDbPoint
 10
7548195.056
 20
5774964.617
 30
0.0
  0
POINT
  5
EB3
330
EAD
100
AcDbEntity
  8
Defpoints
 62
     0
100
AcDbPoint
 10
7548194.959647553
 20
5774965.360785053
 30
0.0
  0
ENDBLK
  5
EAF
330
EAD
100
AcDbEntity
  8
0
100
AcDbBlockEnd
  0
BLOCK
  5
EB6
330
EB5
100
AcDbEntity
  8
0
100
AcDbBlockBegin
  2
*D404
 70
     1
 10
0.0
 20
0.0
 30
0.0
  3
*D404
  1

  0
MTEXT
  5
EB8
330
EB5
100
AcDbEntity
  8
!wymiary
100
AcDbMText
 10
7548172.991953776
 20
5774958.488119806
 30
0.0
 40
1.5
 41
0.0
 46
0.0
 71
     5
 72
     1
  1
\A1;- 46 m -
 11
0.9870901819502946
 21
0.1601654541320771
 31
0.0
 73
     1
 44
1.0
 90
        3
 63
     9
421
 13158600
 45
1.1
441
        0
  0
POINT
  5
EB9
330
EB5
100
AcDbEntity
  8
Defpoints
 62
     0
100
AcDbPoint
 10
7548195.056
 20
5774964.617
 30
0.0
  0
POINT
  5
EBA
330
EB5
100
AcDbEntity
  8
Defpoints
 62
     0
100
AcDbPoint
 10
7548150.122
 20
5774957.326
 30
0.0
  0
POINT
  5
EBB
330
EB5
100
AcDbEntity
  8
Defpoints
 62
     0
100
AcDbPoint
 10
7548150.00187591
 20
5774958.066317637
 30
0.0
  0
ENDBLK
  5
EB7
330
EB5
100
AcDbEntity
  8
0
100
AcDbBlockEnd
  0
BLOCK
  5
EBE
330
EBD
100
AcDbEntity
  8
0
100
AcDbBlockBegin
  2
*D405
 70
     1
 10
0.0
 20
0.0
 30
0.0
  3
*D405
  1

  0
MTEXT
  5
EC0
330
EBD
100
AcDbEntity
  8
!wymiary
100
AcDbMText
 10
7548125.453007903
 20
5774959.172769914
 30
0.0
 40
1.5
 41
0.0
 46
0.0
 71
     5
 72
     1
  1
\A1;- 49 m -
 11
0.9844469072553775
 21
-0.1756823462824944
 31
0.0
 73
     1
 44
1.0
 90
        3
 63
     9
421
 13158600
 45
1.1
441
        0
  0
POINT
  5
EC1
330
EBD
100
AcDbEntity
  8
Defpoints
 62
     0
100
AcDbPoint
 10
7548150.122
 20
5774957.326
 30
0.0
  0
POINT
  5
EC2
330
EBD
100
AcDbEntity
  8
Defpoints
 62
     0
100
AcDbPoint
 10
7548101.668
 20
5774965.973
 30
0.0
  0
POINT
  5
EC3
330
EBD
100
AcDbEntity
  8
Defpoints
 62
     0
100
AcDbPoint
 10
7548101.799761759
 20
5774966.71133518
 30
0.0
  0
ENDBLK
  5
EBF
330
EBD
100
AcDbEntity
  8
0
100
AcDbBlockEnd
  0
BLOCK
  5
EC6
330
EC5
100
AcDbEntity
  8
0
100
AcDbBlockBegin
  2
*D406
 70
     1
 10
0.0
 20
0.0
 30
0.0
  3
*D406
  1

  0
MTEXT
  5
EC8
330
EC5
100
AcDbEntity
  8
!wymiary
100
AcDbMText
 10
7548082.792315957
 20
5774966.008729413
 30
0.0
 40
1.5
 41
0.0
 46
0.0
 71
     5
 72
     1
  1
\A1;- 37 m -
 11
0.9908199186996449
 21
-0.1351883453113808
 31
0.0
 73
     1
 44
1.0
 90
        3
 63
     9
421
 13158600
 45
1.1
441
        0
  0
POINT
  5
EC9
330
EC5
100
AcDbEntity
  8
Defpoints
 62
     0
100
AcDbPoint
 10
7548101.668
 20
5774965.973
 30
0.0
  0
POINT
  5
ECA
330
EC5
100
AcDbEntity
  8
Defpoints
 62
     0
100
AcDbPoint
 10
7548064.597
 20
5774971.031
 30
0.0
  0
POINT
  5
ECB
330
EC5
100
AcDbEntity
  8
Defpoints
 62
     0
100
AcDbPoint
 10
7548064.698391259
 20
5774971.774114939
 30
0.0
  0
ENDBLK
  5
EC7
330
EC5
100
AcDbEntity
  8
0
100
AcDbBlockEnd
  0
BLOCK
  5
ECE
330
ECD
100
AcDbEntity
  8
0
100
AcDbBlockBegin
  2
*D407
 70
     1
 10
0.0
 20
0.0
 30
0.0
  3
*D407
  1

  0
MTEXT
  5
ED0
330
ECD
100
AcDbEntity
  8
!wymiary
100
AcDbMText
 10
7548039.532434458
 20
5774973.134063397
 30
0.0
 40
1.5
 41
0.0
 46
0.0
 71
     5
 72
     1
  1
\A1;- 50 m -
 11
0.9831378187184268
 21
-0.1828661516125225
 31
0.0
 73
     1
 44
1.0
 90
        3
 63
     9
421
 13158600
 45
1.1
441
        0
  0
POINT
  5
ED1
330
ECD
100
AcDbEntity
  8
Defpoints
 62
     0
100
AcDbPoint
 10
7548064.597
 20
5774971.031
 30
0.0
  0
POINT
  5
ED2
330
ECD
100
AcDbEntity
  8
Defpoints
 62
     0
100
AcDbPoint
 10
7548015.388
 20
5774980.184
 30
0.0
  0
POINT
  5
ED3
330
ECD
100
AcDbEntity
  8
Defpoints
 62
     0
100
AcDbPoint
 10
7548015.525149614
 20
5774980.921353363
 30
0.0
  0
ENDBLK
  5
ECF
330
ECD
100
AcDbEntity
  8
0
100
AcDbBlockEnd
  0
BLOCK
  5
ED6
330
ED5
100
AcDbEntity
  8
0
100
AcDbBlockBegin
  2
*D408
 70
     1
 10
0.0
 20
0.0
 30
0.0
  3
*D408
  1

  0
MTEXT
  5
ED8
330
ED5
100
AcDbEntity
  8
!wymiary
100
AcDbMText
 10
7547990.159488738
 20
5774982.017335395
 30
0.0
 40
1.5
 41
0.0
 46
0.0
 71
     5
 72
     1
  1
\A1;- 50 m -
 11
0.9852158369358457
 21
-0.1713177009266734
 31
0.0
 73
     1
 44
1.0
 90
        3
 63
     9
421
 13158600
 45
1.1
441
        0
  0
POINT
  5
ED9
330
ED5
100
AcDbEntity
  8
Defpoints
 62
     0
100
AcDbPoint
 10
7548015.388
 20
5774980.184
 30
0.0
  0
POINT
  5
EDA
330
ED5
100
AcDbEntity
  8
Defpoints
 62
     0
100
AcDbPoint
 10
7547965.793
 20
5774988.808
 30
0.0
  0
POINT
  5
EDB
330
ED5
100
AcDbEntity
  8
Defpoints
 62
     0
100
AcDbPoint
 10
7547965.921488275
 20
5774989.546911878
 30
0.0
  0
ENDBLK
  5
ED7
330
ED5
100
AcDbEntity
  8
0
100
AcDbBlockEnd
  0
BLOCK
  5
EDE
330
EDD
100
AcDbEntity
  8
0
100
AcDbBlockBegin
  2
*D409
 70
     1
 10
0.0
 20
0.0
 30
0.0
  3
*D409
  1

  0
MTEXT
  5
EE0
330
EDD
100
AcDbEntity
  8
!wymiary
100
AcDbMText
 10
7547942.211993461
 20
5774989.986871958
 30
0.0
 40
1.5
 41
0.0
 46
0.0
 71
     5
 72
     1
  1
\A1;- 47 m -
 11
0.9878512170470398
 21
-0.1554026157395112
 31
0.0
 73
     1
 44
1.0
 90
        3
 63
     9
421
 13158600
 45
1.1
441
        0
  0
POINT
  5
EE1
330
EDD
100
AcDbEntity
  8
Defpoints
 62
     0
100
AcDbPoint
 10
7547965.793
 20
5774988.808
 30
0.0
  0
POINT
  5
EE2
330
EDD
100
AcDbEntity
  8
Defpoints
 62
     0
100
AcDbPoint
 10
7547919.408
 20
5774996.105
 30
0.0
  0
POINT
  5
EE3
330
EDD
100
AcDbEntity
  8
Defpoints
 62
     0
100
AcDbPoint
 10
7547919.524551962
 20
5774996.845888413
 30
0.0
  0
ENDBLK
  5
EDF
330
EDD
100
AcDbEntity
  8
0
100
AcDbBlockEnd
  0
BLOCK
  5
EE6
330
EE5
100
AcDbEntity
  8
0
100
AcDbBlockBegin
  2
*D410
 70
     1
 10
0.0
 20
0.0
 30
0.0
  3
*D410
  1

  0
MTEXT
  5
EE8
330
EE5
100
AcDbEntity
  8
!wymiary
100
AcDbMText
 10
7547899.066946188
 20
5774998.377567788
 30
0.0
 40
1.5
 41
0.0
 46
0.0
 71
     5
 72
     1
  1
\A1;- 41 m -
 11
0.9727784778106116
 21
-0.2317369912389252
 31
0.0
 73
     1
 44
1.0
 90
        3
 63
     9
421
 13158600
 45
1.1
441
        0
  0
POINT
  5
EE9
330
EE5
100
AcDbEntity
  8
Defpoints
 62
     0
100
AcDbPoint
 10
7547919.408
 20
5774996.105
 30
0.0
  0
POINT
  5
EEA
330
EE5
100
AcDbEntity
  8
Defpoints
 62
     0
100
AcDbPoint
 10
7547879.886
 20
5775005.52
 30
0.0
  0
POINT
  5
EEB
330
EE5
100
AcDbEntity
  8
Defpoints
 62
     0
100
AcDbPoint
 10
7547880.059802744
 20
5775006.249583858
 30
0.0
  0
ENDBLK
  5
EE7
330
EE5
100
AcDbEntity
  8
0
100
AcDbBlockEnd
  0
BLOCK
  5
EEE
330
EED
100
AcDbEntity
  8
0
100
AcDbBlockBegin
  2
*D411
 70
     1
 10
0.0
 20
0.0
 30
0.0
  3
*D411
  1

  0
MTEXT
  5
EF0
330
EED
100
AcDbEntity
  8
!wymiary
100
AcDbMText
 10
7547857.142353027
 20
5775006.745074576
 30
0.0
 40
1.5
 41
0.0
 46
0.0
 71
     5
 72
     1
  1
\A1;- 45 m -
 11
0.9865231558493115
 21
-0.1636217069129737
 31
0.0
 73
     1
 44
1.0
 90
        3
 63
     9
421
 13158600
 45
1.1
441
        0
  0
POINT
  5
EF1
330
EED
100
AcDbEntity
  8
Defpoints
 62
     0
100
AcDbPoint
 10
7547879.886
 20
5775005.52
 30
0.0
  0
POINT
  5
EF2
330
EED
100
AcDbEntity
  8
Defpoints
 62
     0
100
AcDbPoint
 10
7547835.221
 20
5775012.928
 30
0.0
  0
POINT
  5
EF3
330
EED
100
AcDbEntity
  8
Defpoints
 62
     0
100
AcDbPoint
 10
7547835.343716281
 20
5775013.667892369
 30
0.0
  0
ENDBLK
  5
EEF
330
EED
100
AcDbEntity
  8
0
100
AcDbBlockEnd
  0
BLOCK
  5
EF6
330
EF5
100
AcDbEntity
  8
0
100
AcDbBlockBegin
  2
*D412
 70
     1
 10
0.0
 20
0.0
 30
0.0
  3
*D412
  1

  0
MTEXT
  5
EF8
330
EF5
100
AcDbEntity
  8
!wymiary
100
AcDbMText
 10
7547811.234829213
 20
5775013.908856813
 30
0.0
 40
1.5
 41
0.0
 46
0.0
 71
     5
 72
     1
  1
\A1;- 48 m -
 11
0.9893808478787312
 21
-0.1453462687885829
 31
0.0
 73
     1
 44
1.0
 90
        3
 63
     9
421
 13158600
 45
1.1
441
        0
  0
POINT
  5
EF9
330
EF5
100
AcDbEntity
  8
Defpoints
 62
     0
100
AcDbPoint
 10
7547835.221
 20
5775012.928
 30
0.0
  0
POINT
  5
EFA
330
EF5
100
AcDbEntity
  8
Defpoints
 62
     0
100
AcDbPoint
 10
7547787.98
 20
5775019.868
 30
0.0
  0
POINT
  5
EFB
330
EF5
100
AcDbEntity
  8
Defpoints
 62
     0
100
AcDbPoint
 10
7547788.089009702
 20
5775020.610035636
 30
0.0
  0
ENDBLK
  5
EF7
330
EF5
100
AcDbEntity
  8
0
100
AcDbBlockEnd
  0
BLOCK
  5
EFE
330
EFD
100
AcDbEntity
  8
0
100
AcDbBlockBegin
  2
*D413
 70
     1
 10
0.0
 20
0.0
 30
0.0
  3
*D413
  1

  0
MTEXT
  5
F00
330
EFD
100
AcDbEntity
  8
!wymiary
100
AcDbMText
 10
7547766.557884967
 20
5775021.253219537
 30
0.0
 40
1.5
 41
0.0
 46
0.0
 71
     5
 72
     1
  1
\A1;- 43 m -
 11
0.9834719868629124
 21
-0.1810603519711463
 31
0.0
 73
     1
 44
1.0
 90
        3
 63
     9
421
 13158600
 45
1.1
441
        0
  0
POINT
  5
F01
330
EFD
100
AcDbEntity
  8
Defpoints
 62
     0
100
AcDbPoint
 10
7547787.98
 20
5775019.868
 30
0.0
  0
POINT
  5
F02
330
EFD
100
AcDbEntity
  8
Defpoints
 62
     0
100
AcDbPoint
 10
7547746.047
 20
5775027.588
 30
0.0
  0
POINT
  5
F03
330
EFD
100
AcDbEntity
  8
Defpoints
 62
     0
100
AcDbPoint
 10
7547746.182795264
 20
5775028.325603991
 30
0.0
  0
ENDBLK
  5
EFF
330
EFD
100
AcDbEntity
  8
0
100
AcDbBlockEnd
  0
BLOCK
  5
F06
330
F05
100
AcDbEntity
  8
0
100
AcDbBlockBegin
  2
*D414
 70
     1
 10
0.0
 20
0.0
 30
0.0
  3
*D414
  1

  0
MTEXT
  5
F08
330
F05
100
AcDbEntity
  8
!wymiary
100
AcDbMText
 10
7547723.776652489
 20
5775029.585581219
 30
0.0
 40
1.5
 41
0.0
 46
0.0
 71
     5
 72
     1
  1
\A1;- 44 m -
 11
0.9797675126619706
 21
-0.2001390045247939
 31
0.0
 73
     1
 44
1.0
 90
        3
 63
     9
421
 13158600
 45
1.1
441
        0
  0
POINT
  5
F09
330
F05
100
AcDbEntity
  8
Defpoints
 62
     0
100
AcDbPoint
 10
7547746.047
 20
5775027.588
 30
0.0
  0
POINT
  5
F0A
330
F05
100
AcDbEntity
  8
Defpoints
 62
     0
100
AcDbPoint
 10
7547702.507
 20
5775036.482
 30
0.0
  0
POINT
  5
F0B
330
F05
100
AcDbEntity
  8
Defpoints
 62
     0
100
AcDbPoint
 10
7547702.657104254
 20
5775037.216825634
 30
0.0
  0
ENDBLK
  5
F07
330
F05
100
AcDbEntity
  8
0
100
AcDbBlockEnd
  0
BLOCK
  5
F0E
330
F0D
100
AcDbEntity
  8
0
100
AcDbBlockBegin
  2
*D415
 70
     1
 10
0.0
 20
0.0
 30
0.0
  3
*D415
  1

  0
MTEXT
  5
F10
330
F0D
100
AcDbEntity
  8
!wymiary
100
AcDbMText
 10
7547683.139131039
 20
5775033.27372572
 30
0.0
 40
1.5
 41
0.0
 46
0.0
 71
     5
 72
     1
  1
\A1;- 39 m -
 11
0.9993654361572182
 21
0.0356191663896435
 31
0.0
 73
     1
 44
1.0
 90
        3
 63
     9
421
 13158600
 45
1.1
441
        0
  0
POINT
  5
F11
330
F0D
100
AcDbEntity
  8
Defpoints
 62
     0
100
AcDbPoint
 10
7547702.507
 20
5775036.482
 30
0.0
  0
POINT
  5
F12
330
F0D
100
AcDbEntity
  8
Defpoints
 62
     0
100
AcDbPoint
 10
7547663.592
 20
5775035.095
 30
0.0
  0
POINT
  5
F13
330
F0D
100
AcDbEntity
  8
Defpoints
 62
     0
100
AcDbPoint
 10
7547663.565285625
 20
5775035.844524077
 30
0.0
  0
ENDBLK
  5
F0F
330
F0D
100
AcDbEntity
  8
0
100
AcDbBlockEnd
  0
BLOCK
  5
F16
330
F15
100
AcDbEntity
  8
0
100
AcDbBlockBegin
  2
*D416
 70
     1
 10
0.0
 20
0.0
 30
0.0
  3
*D416
  1

  0
MTEXT
  5
F18
330
F15
100
AcDbEntity
  8
!wymiary
100
AcDbMText
 10
7547645.098146547
 20
5775032.345827928
 30
0.0
 40
1.5
 41
0.0
 46
0.0
 71
     5
 72
     1
  1
\A1;- 37 m -
 11
0.9999209156683834
 21
0.01257626370993085
 31
0.0
 73
     1
 44
1.0
 90
        3
 63
     9
421
 13158600
 45
1.1
441
        0
  0
POINT
  5
F19
330
F15
100
AcDbEntity
  8
Defpoints
 62
     0
100
AcDbPoint
 10
7547663.592
 20
5775035.095
 30
0.0
  0
POINT
  5
F1A
330
F15
100
AcDbEntity
  8
Defpoints
 62
     0
100
AcDbPoint
 10
7547626.541
 20
5775034.629
 30
0.0
  0
POINT
  5
F1B
330
F15
100
AcDbEntity
  8
Defpoints
 62
     0
100
AcDbPoint
 10
7547626.531567803
 20
5775035.378940687
 30
0.0
  0
ENDBLK
  5
F17
330
F15
100
AcDbEntity
  8
0
100
AcDbBlockEnd
  0
BLOCK
  5
F1E
330
F1D
100
AcDbEntity
  8
0
100
AcDbBlockBegin
  2
*D417
 70
     1
 10
0.0
 20
0.0
 30
0.0
  3
*D417
  1

  0
MTEXT
  5
F20
330
F1D
100
AcDbEntity
  8
!wymiary
100
AcDbMText
 10
7547608.971818807
 20
5775048.562571663
 30
0.0
 40
1.5
 41
0.0
 46
0.0
 71
     5
 72
     1
  1
\A1;- 45 m -
 11
0.708944402384983
 21
-0.7052643719393453
 31
0.0
 73
     1
 44
1.0
 90
        3
 63
     9
421
 13158600
 45
1.1
441
        0
  0
POINT
  5
F21
330
F1D
100
AcDbEntity
  8
Defpoints
 62
     0
100
AcDbPoint
 10
7547626.541
 20
5775034.629
 30
0.0
  0
POINT
  5
F22
330
F1D
100
AcDbEntity
  8
Defpoints
 62
     0
100
AcDbPoint
 10
7547594.947
 20
5775066.059
 30
0.0
  0
POINT
  5
F23
330
F1D
100
AcDbEntity
  8
Defpoints
 62
     0
100
AcDbPoint
 10
7547595.475948279
 20
5775066.590708302
 30
0.0
  0
ENDBLK
  5
F1F
330
F1D
100
AcDbEntity
  8
0
100
AcDbBlockEnd
  0
BLOCK
  5
1B16
330
1B15
100
AcDbEntity
  8
0
100
AcDbBlockBegin
  2
mufa
 70
     0
 10
0.0
 20
0.0
 30
0.0
  3
mufa
  1

  0
HATCH
  5
1B17
330
1B15
100
AcDbEntity
  8
_MM mufy
100
AcDbHatch
 10
0.0
 20
0.0
 30
0.0
210
0.0
220
0.0
230
1.0
  2
SOLID
 70
     1
 71
     0
 91
        3
 92
        7
 72
     1
 73
     1
 93
        2
 10
2.152003252878785
 20
0.1219950988888741
 42
1.0
 10
-2.097882602363825
 20
-0.0518642961978912
 42
1.0
 97
        0
 92
       22
 72
     1
 73
     1
 93
        2
 10
-1.098718332126737
 20
-0.0109892934560776
 42
-1.0
 10
1.15283898357302
 20
0.0811200961470604
 42
-1.0
 97
        0
 92
        6
 72
     1
 73
     1
 93
        2
 10
-0.8293255493044853
 20
0.0000313483178616
 42
-1.0
 10
0.8834461942315102
 20
0.0700994580984116
 42
-1.0
 97
        0
 75
     1
 76
     1
 47
0.0075576411199288
 98
        3
 10
1.565348785370588
 20
-0.733157891780138
 10
1.565348785370588
 20
-0.733157891780138
 10
1.565348785370588
 20
-0.733157891780138
450
        0
451
        0
460
0.0
461
0.0
452
        0
462
0.0
453
        2
463
0.0
 63
     5
421
      255
463
1.0
 63
     2
421
 16776960
470
LINEAR
1001
GradientColor1ACI
1070
     5
1001
GradientColor2ACI
1070
     2
1001
ACAD
1010
0.0
1020
0.0
1030
0.0
  0
ENDBLK
  5
1B18
330
1B15
100
AcDbEntity
  8
0
100
AcDbBlockEnd
  0
BLOCK
  5
1BF6
330
1BF5
100
AcDbEntity
  8
0
100
AcDbBlockBegin
  2
tabelka
 70
     0
 10
0.0
 20
0.0
 30
0.0
  3
tabelka
  1

  0
HATCH
  5
25E6
330
1BF5
100
AcDbEntity
  8
0
 62
     7
420
 16777215
440
 33554687
100
AcDbHatch
 10
0.0
 20
0.0
 30
0.0
210
0.0
220
0.0
230
1.0
  2
SOLID
 70
     1
 71
     0
 91
        1
 92
        1
 93
        4
 72
     1
 10
-82.99999999999766
 20
58.60723257000767
 11
0.0000000000023306
 21
58.60723257000767
 72
     1
 10
0.0000000000023306
 20
58.60723257000767
 11
0.0
 21
0.0
 72
     1
 10
0.0
 20
0.0
 11
-82.99999999999858
 21
0.0000000000000036
 72
     1
 10
-82.99999999999858
 20
0.0000000000000036
 11
-82.99999999999766
 21
58.60723257000767
 97
        0
 75
     1
 76
     1
 98
        0
450
        0
451
        0
460
0.0
461
1.0
452
        0
462
0.0
453
        2
463
0.0
 63
     5
421
      255
463
1.0
 63
     2
421
 16776960
470
LINEAR
1001
ACAD
1010
0.0
1020
0.0
1030
0.0
1001
AcadAnnotative
1000
AnnotativeData
1002
{
1070
     1
1070
     0
1002
}
  0
LINE
  5
25E7
330
1BF5
100
AcDbEntity
  8
@Tabelka
370
    40
100
AcDbLine
 10
-81.49999999999767
 20
57.10723257000767
 30
0.0
 11
-1.499999999997726
 21
57.10723257000767
 31
0.0
  0
LINE
  5
25E8
330
1BF5
100
AcDbEntity
  8
@Tabelka
370
    40
100
AcDbLine
 10
-81.49999999999767
 20
52.65949145948251
 30
0.0
 11
-1.499999999997726
 21
52.65949145948251
 31
0.0
  0
MTEXT
  5
25E9
330
1BF5
100
AcDbEntity
  8
@Tabelka
100
AcDbMText
 10
-41.49999999999818
 20
55.71613942348539
 30
0.0
 40
2.0
 41
0.0
 46
0.0
 71
     2
 72
     1
  1
{\fLato Light|b1|i0|c238|p34;INWESTOR}
 73
     2
 44
0.825
  0
LINE
  5
25EA
330
1BF5
100
AcDbEntity
  8
@Tabelka
370
    40
100
AcDbLine
 10
-81.49999999999767
 20
44.52361900967183
 30
0.0
 11
-1.499999999997726
 21
44.52361900967183
 31
0.0
  0
MTEXT
  5
25EB
330
1BF5
100
AcDbEntity
  8
@Tabelka
100
AcDbMText
 10
-80.60122693475881
 20
43.13252586314933
 30
0.0
 40
1.3
 41
0.0
 46
0.0
 71
     4
 72
     1
  1
{\fLato Light|b1|i0|c238|p34;Obiekt:}
 73
     2
 44
0.9461538461538461
  0
LINE
  5
25EC
330
1BF5
100
AcDbEntity
  8
@Tabelka
370
    40
100
AcDbLine
 10
-18.36460436299467
 20
18.6412985929553
 30
0.0
 11
-18.36460436299467
 21
11.83441984774026
 31
0.0
  0
LINE
  5
25ED
330
1BF5
100
AcDbEntity
  8
@Tabelka
370
    40
100
AcDbLine
 10
-18.36460436299558
 20
15.11375749043009
 30
0.0
 11
-18.36460436299558
 21
1.499999999999947
 31
0.0
  0
LINE
  5
25EE
330
1BF5
100
AcDbEntity
  8
@Tabelka
370
    40
100
AcDbLine
 10
-81.49999999999812
 20
11.83441984774026
 30
0.0
 11
-1.499999999998181
 21
11.83441984774026
 31
0.0
  0
LINE
  5
25EF
330
1BF5
100
AcDbEntity
  8
@Tabelka
370
    40
100
AcDbLine
 10
-51.28965140882428
 20
1.499999999999854
 30
0.0
 11
-51.28965140882428
 21
15.11375749043009
 31
0.0
  0
LINE
  5
25F0
330
1BF5
100
AcDbEntity
  8
@Tabelka
370
    40
100
AcDbLine
 10
-51.28965140882337
 20
11.83441984774026
 30
0.0
 11
-51.28965140882337
 21
18.6412985929553
 31
0.0
  0
LINE
  5
25F2
330
1BF5
100
AcDbEntity
  8
@Tabelka
370
    40
100
AcDbLine
 10
-81.49999999999812
 20
8.306878745215037
 30
0.0
 11
-1.499999999998181
 21
8.306878745215037
 31
0.0
  0
MTEXT
  5
25F3
330
1BF5
100
AcDbEntity
  8
@Tabelka
100
AcDbMText
 10
-80.60122693475881
 20
10.07064929647753
 30
0.0
 40
1.3
 41
0.0
 46
0.0
 71
     4
 72
     1
  1
{\fLato Light|b1|i0|c238|p34;Opracował:}
 73
     2
 44
0.9461538461538461
  0
MTEXT
  5
25F6
330
1BF5
100
AcDbEntity
  8
@Tabelka
100
AcDbMText
 10
-17.46583129775581
 20
10.07064929647753
 30
0.0
 40
1.3
 41
0.0
 46
0.0
 71
     4
 72
     1
  1
{\fLato Light|b1|i0|c238|p34;Podpis:}
 73
     2
 44
0.9461538461538461
  0
MTEXT
  5
25F9
330
1BF5
100
AcDbEntity
  8
@Tabelka
100
AcDbMText
 10
-80.60122693475881
 20
4.903439372607401
 30
0.0
 40
1.5
 41
27.92753095343501
 46
0.0
 71
     4
 72
     1
  1
Marcin Macko
 73
     2
 44
0.8250000000000002
1001
AcadAnnotative
1000
AnnotativeData
1002
{
1070
     1
1070
     0
1002
}
  0
LINE
  5
25FA
330
1BF5
100
AcDbEntity
  8
@Tabelka
370
    40
100
AcDbLine
 10
-81.49999999999858
 20
32.27439565114923
 30
0.0
 11
-1.499999999998636
 21
32.27439565114923
 31
0.0
  0
LINE
  5
25FB
330
1BF5
100
AcDbEntity
  8
@Tabelka
370
    40
100
AcDbLine
 10
-18.36460436299558
 20
22.05395339326628
 30
0.0
 11
-1.499999999999091
 21
22.05395339326628
 31
0.0
  0
LINE
  5
25FC
330
1BF5
100
AcDbEntity
  8
@Tabelka
370
    40
100
AcDbLine
 10
-18.36460436299512
 20
22.05395339326605
 30
0.0
 11
-18.36460436299512
 21
11.83441984774003
 31
0.0
  0
LINE
  5
25FD
330
1BF5
100
AcDbEntity
  8
@Tabelka
370
    40
100
AcDbLine
 10
-81.49999999999858
 20
11.83441984774026
 30
0.0
 11
-1.499999999998636
 21
11.83441984774026
 31
0.0
  0
MTEXT
  5
25FE
330
1BF5
100
AcDbEntity
  8
@Tabelka
100
AcDbMText
 10
-17.46583129775581
 20
20.66286024674377
 30
0.0
 40
1.3
 41
0.0
 46
0.0
 71
     4
 72
     1
  1
{\fLato Light|b1|i0|c238|p34;Data:}
 73
     2
 44
0.9461538461538461
  0
LINE
  5
25FF
330
1BF5
100
AcDbEntity
  8
@Tabelka
370
    40
100
AcDbLine
 10
-81.49999999999858
 20
32.27439565114923
 30
0.0
 11
-18.36460436299558
 21
32.27439565114923
 31
0.0
  0
LINE
  5
2600
330
1BF5
100
AcDbEntity
  8
@Tabelka
370
    40
100
AcDbLine
 10
-81.49999999999858
 20
22.05395339326628
 30
0.0
 11
-18.36460436299558
 21
22.05395339326628
 31
0.0
  0
LINE
  5
2601
330
1BF5
100
AcDbEntity
  8
@Tabelka
370
    40
100
AcDbLine
 10
-18.36460436299558
 20
32.27439565114923
 30
0.0
 11
-18.36460436299558
 21
22.05395339326628
 31
0.0
  0
LINE
  5
2602
330
1BF5
100
AcDbEntity
  8
@Tabelka
370
    40
100
AcDbLine
 10
-51.28965140882383
 20
11.83441984774026
 30
0.0
 11
-51.28965140882383
 21
22.05395339326628
 31
0.0
  0
LINE
  5
2603
330
1BF5
100
AcDbEntity
  8
@Tabelka
370
    40
100
AcDbLine
 10
-68.47763472453107
 20
11.83441984774026
 30
0.0
 11
-68.47763472453107
 21
22.05395339326628
 31
0.0
  0
MTEXT
  5
2604
330
1BF5
100
AcDbEntity
  8
@Tabelka
100
AcDbMText
 10
-50.39087834358406
 20
20.57145862161928
 30
0.0
 40
1.3
 41
0.0
 46
0.0
 71
     4
 72
     1
  1
{\fLato Light|b1|i0|c238|p34;Nazwa rysunku:}
 73
     2
 44
0.9461538461538461
  0
MTEXT
  5
2605
330
1BF5
100
AcDbEntity
  8
@Tabelka
100
AcDbMText
 10
-80.60122693475927
 20
20.662860246744
 30
0.0
 40
1.3
 41
0.0
 46
0.0
 71
     4
 72
     1
  1
{\fLato Light|b1|i0|c238|p34;Nr rysunku:}
 73
     2
 44
0.9461538461538461
  0
MTEXT
  5
2606
330
1BF5
100
AcDbEntity
  8
@Tabelka
100
AcDbMText
 10
-67.57886165929176
 20
20.662860246744
 30
0.0
 40
1.3
 41
0.0
 46
0.0
 71
     4
 72
     1
  1
{\fLato Light|b1|i0|c238|p34;Skala:}
 73
     2
 44
0.9461538461538461
  0
MTEXT
  5
2607
330
1BF5
100
AcDbEntity
  8
@Tabelka
100
AcDbMText
 10
-80.60122693475927
 20
30.88330250462672
 30
0.0
 40
1.3
 41
8.645594157557625
 46
0.0
 71
     4
 72
     1
  1
{\fLato Light|b1|i0|c238|p34;Stadium:}
 73
     2
 44
0.9461538461538461
  0
MTEXT
  5
2608
330
1BF5
100
AcDbEntity
  8
@Tabelka
100
AcDbMText
 10
-17.46583129775627
 20
30.88330250462672
 30
0.0
 40
1.3
 41
0.0
 46
0.0
 71
     4
 72
     1
  1
{\fLato Light|b1|i0|c238|p34;Branża:}
 73
     2
 44
0.9461538461538461
  0
MLINE
  5
2609
330
1BF5
100
AcDbEntity
  8
@Tabelka
370
    40
100
AcDbMline
  2
1 5MMOBWODKA1
340
1BD1
 40
1.0
 70
     1
 71
     3
 72
     4
 73
     2
 10
-1.5
 20
1.499999999999993
 30
0.0
210
0.0
220
0.0
230
1.0
 11
-1.5
 21
1.499999999999993
 31
0.0
 12
4.088922698265484E-14
 22
1.0
 32
0.0
 13
-0.7071067811865341
 23
0.707106781186561
 33
0.0
 74
     2
 41
0.0
 41
0.0
 75
     0
 74
     2
 41
-2.121320343559596
 41
0.0
 75
     0
 11
-1.499999999997726
 21
57.10723257000767
 31
0.0
 12
-1.0
 22
0.0
 32
0.0
 13
-0.7071067811865619
 23
-0.707106781186533
 33
0.0
 74
     2
 41
0.0
 41
0.0
 75
     0
 74
     2
 41
-2.121320343559686
 41
0.0
 75
     0
 11
-81.49999999999767
 21
57.10723257000767
 31
0.0
 12
-8.177845396530933E-15
 22
-0.9999999999999999
 32
0.0
 13
0.7071067811865447
 23
-0.7071067811865503
 33
0.0
 74
     2
 41
0.0
 41
0.0
 75
     0
 74
     2
 41
-2.121320343559634
 41
0.0
 75
     0
 11
-81.49999999999812
 21
1.499999999999766
 31
0.0
 12
1.0
 22
2.842170943040468E-15
 32
0.0
 13
0.7071067811865495
 23
0.7071067811865456
 33
0.0
 74
     2
 41
0.0
 41
0.0
 75
     0
 74
     2
 41
-2.121320343559654
 41
0.0
 75
     0
  0
MTEXT
  5
260A
330
1BF5
100
AcDbEntity
  8
@Tabelka
100
AcDbMText
 10
-9.932302181496652
 20
15.55309347398087
 30
0.0
 40
2.0
 41
0.0
 46
0.0
 71
     5
 72
     1
  1
10.2026
 73
     2
 44
0.825
1001
AcadAnnotative
1000
AnnotativeData
1002
{
1070
     1
1070
     0
1002
}
  0
MTEXT
  5
262B
330
1BF5
100
AcDbEntity
  8
@Tabelka
100
AcDbMText
 10
-9.596801998600313
 20
25.53264476439129
 30
0.0
 40
2.0
 41
0.0
 46
0.0
 71
     5
 72
     1
  1
{\fLato Light|b1|i0|c238|p34;\W0.8;Telekomunikacja}
 73
     2
 44
0.7687499999999997
  0
MTEXT
  5
262C
330
1BF5
100
AcDbEntity
  8
@Tabelka
100
AcDbMText
 10
-80.26572675186202
 20
26.55825244111074
 30
0.0
 40
1.5
 41
0.0
 46
0.0
 71
     4
 72
     1
  1
Wystąpienie o warunki techniczne
 73
     2
 44
0.8249999999999998
1001
AcadAnnotative
1000
AnnotativeData
1002
{
1070
     1
1070
     0
1002
}
  0
LWPOLYLINE
  5
262E
330
1BF5
100
AcDbEntity
  8
@KonstrTabelki
100
AcDbPolyline
 90
        2
 70
     0
 43
0.0
 10
-51.28965140882337
 20
11.83441984774026
 10
-51.28965140882337
 20
22.05395339326628
  0
LINE
  5
2633
330
1BF5
100
AcDbEntity
  8
@Tabelka
370
    40
100
AcDbLine
 10
-81.49999999999812
 20
1.499999999999766
 30
0.0
 11
-1.499999999998181
 21
1.499999999999766
 31
0.0
  0
LINE
  5
2634
330
1BF5
100
AcDbEntity
  8
@Tabelka
370
    40
100
AcDbLine
 10
-81.49999999999812
 20
1.499999999999766
 30
0.0
 11
-1.499999999998181
 21
1.499999999999766
 31
0.0
  0
MTEXT
  5
263D
330
1BF5
100
AcDbEntity
  8
@Tabelka
100
AcDbMText
 10
-41.49999999999767
 20
51.26839831296002
 30
0.0
 40
2.0
 41
0.0
 46
0.0
 71
     2
 72
     1
  1
Tomasz Górzyński IT\Pul. Artyleryjska 9a/31, 08-110 Siedlce
  7
LEGENDA
 73
     2
 44
0.8250000000000001
1001
AcadAnnotative
1000
AnnotativeData
1002
{
1070
     1
1070
     0
1002
}
  0
ENDBLK
  5
1C4F
330
1BF5
100
AcDbEntity
  8
0
100
AcDbBlockEnd
  0
BLOCK
  5
1C52
330
1C51
100
AcDbEntity
  8
0
100
AcDbBlockBegin
  2
legenda
 70
     0
 10
0.0
 20
0.0
 30
0.0
  3
legenda
  1
Acad:XRef
  0
HATCH
  5
2653
330
1C51
100
AcDbEntity
  8
0
 62
     7
420
 16777215
440
 33554687
100
AcDbHatch
 10
0.0
 20
0.0
 30
0.0
210
0.0
220
0.0
230
1.0
  2
SOLID
 70
     1
 71
     0
 91
        1
 92
        5
 93
        4
 72
     1
 10
0.0
 20
58.60723257000766
 11
0.0
 21
0.0
 72
     1
 10
0.0
 20
0.0
 11
-50.00000000000045
 21
-0.0000000000000071
 72
     1
 10
-50.00000000000045
 20
-0.0000000000000071
 11
-50.00000000000045
 21
58.60723257000765
 72
     1
 10
-50.00000000000045
 20
58.60723257000766
 11
0.0000000000009663
 21
58.60723257000766
 97
        0
 75
     1
 76
     1
 47
0.0
 98
        1
 10
0.0
 20
0.0
450
        0
451
        0
460
0.0
461
1.0
452
        0
462
0.0
453
        2
463
0.0
 63
     5
421
      255
463
1.0
 63
     2
421
 16776960
470
LINEAR
1001
ACAD
1010
0.0
1020
0.0
1030
0.0
1001
AcadAnnotative
1000
AnnotativeData
1002
{
1070
     1
1070
     0
1002
}
  0
LWPOLYLINE
  5
2654
330
1C51
100
AcDbEntity
  8
0
370
    40
100
AcDbPolyline
 90
        3
 70
     0
 43
0.0
 10
0.0000000000009663
 20
58.60723257000766
 10
-50.00000000000045
 20
58.60723257000766
 10
-50.00000000000045
 20
0.0000000000002356
  0
MTEXT
  5
2655
330
1C51
100
AcDbEntity
  8
_mm zasięg trafo
100
AcDbMText
 10
-35.53144632936574
 20
57.31407821046619
 30
0.0
 40
3.2
 41
20.64995053003534
 46
0.0
 71
     1
 72
     5
  1
{\fLato Light|b1|i0|c238|p34;\C7;LEGENDA}
 73
     1
 44
1.0
 90
        3
 63
   256
 45
1.0
441
        0
1001
ACAD
1000
ACAD_MTEXT_COLUMN_INFO_BEGIN
1070
    75
1070
     2
1070
    79
1070
     0
1070
    76
1070
     1
1070
    78
1070
     0
1070
    48
1040
20.64995053003534
1070
    49
1040
1.0
1070
    50
1070
     1
1040
-3.271809256661991
1000
ACAD_MTEXT_COLUMN_INFO_END
  0
LWPOLYLINE
  5
2656
330
1C51
100
AcDbEntity
  8
_światłowód
370
    40
100
AcDbPolyline
 90
        2
 70
     0
 43
0.0
 10
-47.61657447923585
 20
50.1408123320107
 10
-37.61657447923585
 20
50.1408123320107
  0
MTEXT
  5
2657
330
1C51
100
AcDbEntity
  8
_mm zasięg trafo
100
AcDbMText
 10
-35.61657447923585
 20
50.1408123320107
 30
0.0
 40
2.5
 41
34.33576556784013
 46
0.0
 71
     4
 72
     5
  1
\pxt4;{\fLato Light|b1|i0|c238|p34;\C7;proj. linia światłowodu}
 73
     1
 44
1.0
 90
        3
 63
   256
 45
1.0
441
        0
1001
ACAD
1000
ACAD_MTEXT_COLUMN_INFO_BEGIN
1070
    75
1070
     2
1070
    79
1070
     0
1070
    76
1070
     1
1070
    78
1070
     0
1070
    48
1040
34.33576556784013
1070
    49
1040
1.0
1070
    50
1070
     1
1040
-3.20476858345021
1000
ACAD_MTEXT_COLUMN_INFO_END
  0
LWPOLYLINE
  5
265D
330
1C51
100
AcDbEntity
  8
0
370
    40
100
AcDbPolyline
 90
        3
 70
     0
 43
0.0
 10
-50.00000000000045
 20
0.0000000000002416
 10
-0.0000000000004547
 20
0.0000000000002416
 10
-0.0000000000004547
 20
58.60723257000767
  0
LWPOLYLINE
  5
2694
330
1C51
100
AcDbEntity
  8
0
100
AcDbPolyline
 90
        2
 70
     0
 43
0.0
 10
0.0000000000009663
 20
58.60723257000766
 10
0.0000000000005116
 20
-0.0000000000002423
  0
ENDBLK
  5
1C5F
330
1C51
100
AcDbEntity
  8
0
100
AcDbBlockEnd
  0
BLOCK
  5
2594
330
1DD1
100
AcDbEntity
  8
0
100
AcDbBlockBegin
  2
gaStandard
 70
     0
 10
0.0
 20
0.0
 30
0.0
  3
gaStandard
  1

  0
ENDBLK
  5
2595
330
1DD1
100
AcDbEntity
  8
0
100
AcDbBlockEnd
  0
BLOCK
  5
25D0
330
25CF
100
AcDbEntity
  8
0
100
AcDbBlockBegin
  2
*Paper_Space639
 70
     0
 10
0.0
 20
0.0
 30
0.0
  3
*Paper_Space639
  1

  0
VIEWPORT
  5
25D1
102
{ACAD_XDICTIONARY
360
25D2
102
}
330
25CF
100
AcDbEntity
  8
0
100
AcDbViewport
 10
0.0
 20
0.0
 30
0.0
 40
409.3801038062282
 41
138.8625
 68
     1
 69
     1
 12
300.913974849907
 22
39.28077912332046
 13
0.0
 23
0.0
 14
10.0
 24
10.0
 15
10.0
 25
10.0
 16
0.0
 26
0.0
 36
1.0
 17
0.0
 27
0.0
 37
0.0
 42
50.0
 43
0.0
 44
0.0
 45
138.8625
 50
0.0
 51
0.0
 72
   100
 90
   557088
  1

281
     0
 71
     1
 74
     0
110
0.0
120
0.0
130
0.0
111
1.0
121
0.0
131
0.0
112
0.0
122
1.0
132
0.0
 79
     0
146
0.0
170
     0
 61
     5
348
F5
292
     1
282
     1
141
0.0
142
0.0
 63
   256
361
25D4
  0
INSERT
  5
25D5
330
25CF
100
AcDbEntity
  8
0
100
AcDbBlockReference
  2
tabelka
 10
395.0000000000001
 20
0.0000000000000029
 30
0.0
  0
INSERT
  5
25D6
330
25CF
100
AcDbEntity
  8
0
100
AcDbBlockReference
  2
legenda
 10
312.0000000000019
 20
-0.0000000000002363
 30
0.0
  0
MTEXT
  5
25D7
330
25CF
100
AcDbEntity
  8
0
 62
     1
100
AcDbMText
 10
344.6091216564147
 20
15.55309347398088
 30
1.0
 40
1.6
 41
26.35767255594817
 46
0.0
 71
     4
 72
     5
  1
{\C18;\c0;Projekt Zagospodarowania Terenu}
  7
LEGENDA
 73
     1
 44
1.0
  0
MTEXT
  5
25D8
330
25CF
100
AcDbEntity
  8
0
100
AcDbMText
 10
319.9690462899527
 20
15.55309347398065
 30
0.0
 40
2.0
 41
0.0
 46
0.0
 71
     5
 72
     1
  1
2.1
  7
LEGENDA
 73
     2
 44
0.825
1001
AcadAnnotative
1000
AnnotativeData
1002
{
1070
     1
1070
     0
1002
}
  0
MTEXT
  5
25D9
330
25CF
100
AcDbEntity
  8
0
100
AcDbMText
 10
335.1163569333218
 20
15.55309347398099
 30
0.0
 40
2.0
 41
0.0
 46
0.0
 71
     5
 72
     1
  1
1:1000
  7
LEGENDA
 73
     2
 44
0.825
  0
MTEXT
  5
25DB
330
25CF
100
AcDbEntity
  8
0
 62
    18
420
        0
100
AcDbMText
 10
314.3156635992853
 20
41.45822050247557
 30
0.0
 40
2.0
 41
76.95582950157221
 46
0.0
 71
     1
 72
     1
  1
\pxsm1.15,ql;{\fLato Light|b0|i0|c238|p34;\C256;Projektowane podwieszenie światłowodu na istn. słupach nN w miejscowości Huta Kuflewska}
  7
LEGENDA
 73
     2
 44
0.825
1001
AcadAnnotative
1000
AnnotativeData
1002
{
1070
     1
1070
     0
1002
}
  0
LWPOLYLINE
  5
25DC
330
25CF
100
AcDbEntity
  8
0
100
AcDbPolyline
 90
        4
 70
     1
 43
0.0
 10
395.0
 20
0.0000000000000007
 10
0.2430390289584352
 20
0.0000000000000007
 10
0.2430390289584405
 20
286.8294948860808
 10
395.0
 20
286.8294948860808
  0
VIEWPORT
  5
25DD
102
{ACAD_XDICTIONARY
360
25DE
102
}
330
25CF
100
AcDbEntity
  8
0
100
AcDbViewport
 10
197.3784804856405
 20
143.4147474430501
 30
0.0
 40
394.7569609712809
 41
286.8294948861003
 68
     2
 69
     2
 12
7545037.352430471
 22
5785529.47704021
 13
0.0
 23
0.0
 14
10.0
 24
10.0
 15
10.0
 25
10.0
 16
0.0
 26
0.0
 36
1.0
 17
0.0
 27
0.0
 37
0.0
 42
50.0
 43
0.0
 44
0.0
 45
286.8294948861003
 50
0.0
 51
0.0
 72
   100
 90
   573536
  1

281
     0
 71
     1
 74
     0
110
0.0
120
0.0
130
0.0
111
1.0
121
0.0
131
0.0
112
0.0
122
1.0
132
0.0
 79
     0
146
0.0
170
     0
 61
     5
348
F5
292
     1
282
     1
141
0.0
142
0.0
 63
   256
361
25E0
  0
ENDBLK
  5
25E1
330
25CF
100
AcDbEntity
  8
0
100
AcDbBlockEnd
  0
ENDSEC
  0
SECTION
  2
ENTITIES
  0
VIEWPORT
  5
1B9E
102
{ACAD_XDICTIONARY
360
1B9F
102
}
330
D2
100
AcDbEntity
 67
     1
  8
0
100
AcDbViewport
 10
0.0
 20
0.0
 30
0.0
 40
409.3801038062282
 41
138.8625
 68
     1
 69
     1
 12
347.7937626526754
 22
28.55297029979103
 13
0.0
 23
0.0
 14
10.0
 24
10.0
 15
10.0
 25
10.0
 16
0.0
 26
0.0
 36
1.0
 17
0.0
 27
0.0
 37
0.0
 42
50.0
 43
0.0
 44
0.0
 45
138.8625
 50
0.0
 51
0.0
 72
   100
 90
   557088
  1

281
     0
 71
     1
 74
     0
110
0.0
120
0.0
130
0.0
111
1.0
121
0.0
131
0.0
112
0.0
122
1.0
132
0.0
 79
     0
146
0.0
170
     0
 61
     5
348
F5
292
     1
282
     1
141
0.0
142
0.0
 63
   256
361
1BA1
  0
INSERT
  5
1C68
330
D2
100
AcDbEntity
 67
     1
  8
0
100
AcDbBlockReference
  2
tabelka
 10
395.0000000000001
 20
0.0000000000000029
 30
0.0
  0
MTEXT
  5
1C6A
330
D2
100
AcDbEntity
 67
     1
  8
0
 62
     1
100
AcDbMText
 10
344.6091216564147
 20
15.55309347398088
 30
1.0
 40
1.6
 41
26.35767255594817
 46
0.0
 71
     4
 72
     5
  1
{\C18;\c0;Projekt Zagospodarowania Terenu}
  7
LEGENDA
 73
     1
 44
1.0
  0
MTEXT
  5
1C6B
330
D2
100
AcDbEntity
 67
     1
  8
0
100
AcDbMText
 10
319.9690462899527
 20
15.55309347398065
 30
0.0
 40
2.0
 41
0.0
 46
0.0
 71
     5
 72
     1
  1
0.A
  7
LEGENDA
 73
     2
 44
0.825
1001
AcadAnnotative
1000
AnnotativeData
1002
{
1070
     1
1070
     0
1002
}
  0
MTEXT
  5
1C6C
330
D2
100
AcDbEntity
 67
     1
  8
0
100
AcDbMText
 10
335.1163569333218
 20
15.55309347398099
 30
0.0
 40
2.0
 41
0.0
 46
0.0
 71
     5
 72
     1
  1
1:10 000
  7
LEGENDA
 73
     2
 44
0.825
1001
AcadAnnotative
1000
AnnotativeData
1002
{
1070
     1
1070
     0
1002
}
  0
MTEXT
  5
1C6E
330
D2
100
AcDbEntity
 67
     1
  8
0
 62
    18
420
        0
100
AcDbMText
 10
314.3156635992853
 20
41.45822050247557
 30
0.0
 40
2.0
 41
76.95582950157221
 46
0.0
 71
     1
 72
     1
  1
\pxsm1.15,ql;{\fLato Light|b0|i0|c238|p34;\C256;Projektowane podwieszenie światłowodu na istn. słupach nN w miejscowości Huta Kuflewska}
  7
LEGENDA
 73
     2
 44
0.825
1001
AcadAnnotative
1000
AnnotativeData
1002
{
1070
     1
1070
     0
1002
}
  0
LWPOLYLINE
  5
1D29
330
D2
100
AcDbEntity
 67
     1
  8
0
100
AcDbPolyline
 90
        4
 70
     1
 43
0.0
 10
395.0
 20
0.0000000000000007
 10
0.2430390289584352
 20
0.0000000000000007
 10
0.2430390289584405
 20
286.8294948860808
 10
395.0
 20
286.8294948860808
  0
VIEWPORT
  5
1D62
102
{ACAD_XDICTIONARY
360
1D63
102
}
330
D2
100
AcDbEntity
 67
     1
  8
0
100
AcDbViewport
 10
197.3784804856405
 20
143.4147474430501
 30
0.0
 40
394.7569609712809
 41
286.8294948861003
 68
     2
 69
     2
 12
7545037.352430471
 22
5785529.47704021
 13
0.0
 23
0.0
 14
10.0
 24
10.0
 15
10.0
 25
10.0
 16
0.0
 26
0.0
 36
1.0
 17
0.0
 27
0.0
 37
0.0
 42
50.0
 43
0.0
 44
0.0
 45
286.8294948861003
 50
0.0
 51
0.0
 72
   100
 90
   573536
  1

281
     0
 71
     1
 74
     0
110
0.0
120
0.0
130
0.0
111
1.0
121
0.0
131
0.0
112
0.0
122
1.0
132
0.0
 79
     0
146
0.0
170
     0
 61
     5
348
F5
292
     1
282
     1
141
0.0
142
0.0
 63
   256
361
1D65
  0
ENDSEC
  0
SECTION
  2
OBJECTS
  0
DICTIONARY
  5
C
330
0
100
AcDbDictionary
281
     1
  3
ACAD_CIP_PREVIOUS_PRODUCT_INFO
350
216
  3
ACAD_COLOR
350
6B
  3
ACAD_DETAILVIEWSTYLE
350
21B
  3
ACAD_DGNDEFINITIONS
350
333
  3
ACAD_DWFDEFINITIONS
350
332
  3
ACAD_GROUP
350
D
  3
ACAD_LAYOUT
350
1A
  3
ACAD_MATERIAL
350
6A
  3
ACAD_MLEADERSTYLE
350
12D
  3
ACAD_MLINESTYLE
350
17
  3
ACAD_PDFDEFINITIONS
350
331
  3
ACAD_PLOTSETTINGS
350
19
  3
ACAD_PLOTSTYLENAME
350
E
  3
ACAD_SCALELIST
350
10C
  3
ACAD_SECTIONVIEWSTYLE
350
219
  3
ACAD_TABLESTYLE
350
7E
  3
ACAD_VISUALSTYLE
350
EF
  3
ACDB_RECOMPOSE_DATA
350
26D0
  3
AcDbVariableDictionary
350
5E
  0
SUN
  5
25E
330
EA
100
AcDbSun
 90
        1
290
     0
 63
     7
421
 16777215
 40
1.0
291
     1
 91
  2455826
 92
 54000000
292
     0
 70
     2
 71
   256
280
     1
  0
DICTIONARY
  5
1FF
330
2
100
AcDbDictionary
280
     1
281
     1
  3
ACAD_LAYERSTATES
360
200
  3
ACLYDICTIONARY
360
F41
  0
DICTIONARY
  5
F2F
330
10
100
AcDbDictionary
280
     1
281
     1
  3
ADSK_XREC_LAYER_RECONCILED
360
F30
  0
DICTIONARY
  5
335
330
334
100
AcDbDictionary
280
     1
281
     1
  3
ADSK_XREC_LAYER_RECONCILED
360
336
  0
DICTIONARY
  5
3CF
330
3CE
100
AcDbDictionary
280
     1
281
     1
  3
ADSK_XREC_LAYER_RECONCILED
360
3D0
  0
DICTIONARY
  5
3D6
330
3D5
100
AcDbDictionary
280
     1
281
     1
  3
ADSK_XREC_LAYER_RECONCILED
360
3D7
  0
DICTIONARY
  5
3DA
330
3D9
100
AcDbDictionary
280
     1
281
     1
  3
ADSK_XREC_LAYER_RECONCILED
360
3DB
  0
DICTIONARY
  5
3DE
330
3DD
100
AcDbDictionary
280
     1
281
     1
  3
ADSK_XREC_LAYER_RECONCILED
360
3DF
  0
DICTIONARY
  5
3E1
330
3E0
100
AcDbDictionary
280
     1
281
     1
  3
ADSK_XREC_LAYER_RECONCILED
360
3E2
  0
DICTIONARY
  5
447
330
446
100
AcDbDictionary
280
     1
281
     1
  3
ADSK_XREC_LAYER_RECONCILED
360
448
  0
DICTIONARY
  5
44F
330
44E
100
AcDbDictionary
280
     1
281
     1
  3
ADSK_XREC_LAYER_RECONCILED
360
450
  0
DICTIONARY
  5
453
330
452
100
AcDbDictionary
280
     1
281
     1
  3
ADSK_XREC_LAYER_RECONCILED
360
454
  0
DICTIONARY
  5
456
330
455
100
AcDbDictionary
280
     1
281
     1
  3
ADSK_XREC_LAYER_RECONCILED
360
457
  0
DICTIONARY
  5
462
330
461
100
AcDbDictionary
280
     1
281
     1
  3
ADSK_XREC_LAYER_RECONCILED
360
463
  0
DICTIONARY
  5
465
330
464
100
AcDbDictionary
280
     1
281
     1
  3
ADSK_XREC_LAYER_RECONCILED
360
466
  0
DICTIONARY
  5
468
330
467
100
AcDbDictionary
280
     1
281
     1
  3
ADSK_XREC_LAYER_RECONCILED
360
469
  0
DICTIONARY
  5
F2D
330
4D3
100
AcDbDictionary
280
     1
281
     1
  3
ADSK_XREC_LAYER_RECONCILED
360
F2E
  0
DICTIONARY
  5
1AD9
330
1AD8
100
AcDbDictionary
280
     1
281
     1
  3
ADSK_XREC_LAYER_RECONCILED
360
1ADA
  0
DICTIONARY
  5
1BA8
330
1BA7
100
AcDbDictionary
280
     1
281
     1
  3
ADSK_XREC_LAYER_RECONCILED
360
1BA9
  0
DICTIONARY
  5
1BB1
330
1BB0
100
AcDbDictionary
280
     1
281
     1
  3
ADSK_XREC_LAYER_RECONCILED
360
1BB2
  0
DICTIONARY
  5
1BB7
330
1BB6
100
AcDbDictionary
280
     1
281
     1
  3
ADSK_XREC_LAYER_RECONCILED
360
1BB8
  0
DICTIONARY
  5
1BBA
330
1BB9
100
AcDbDictionary
280
     1
281
     1
  3
ADSK_XREC_LAYER_RECONCILED
360
1BBB
  0
DICTIONARY
  5
1BBD
330
1BBC
100
AcDbDictionary
280
     1
281
     1
  3
ADSK_XREC_LAYER_RECONCILED
360
1BBE
  0
DICTIONARY
  5
1BC1
330
1BC0
100
AcDbDictionary
280
     1
281
     1
  3
ADSK_XREC_LAYER_RECONCILED
360
1BC2
  0
DICTIONARY
  5
24EA
330
24E9
100
AcDbDictionary
280
     1
281
     1
  3
ADSK_XREC_LAYER_RECONCILED
360
24EB
  0
DICTIONARY
  5
F4A
330
1F
100
AcDbDictionary
280
     1
281
     1
  3
ACAD_SORTENTS
360
1D75
  0
DICTIONARY
  5
25D2
330
25D1
100
AcDbDictionary
280
     1
281
     1
  3
ASDK_XREC_ANNOTATION_SCALE_INFO
360
25D3
  0
SUN
  5
25D4
330
25D1
100
AcDbSun
 90
        1
290
     0
 63
     7
421
 16777215
 40
1.0
291
     1
 91
  2455826
 92
 54000000
292
     0
 70
     2
 71
   256
280
     1
  0
DICTIONARY
  5
25DE
330
25DD
100
AcDbDictionary
280
     1
281
     1
  3
ASDK_XREC_ANNOTATION_SCALE_INFO
360
25DF
  0
SUN
  5
25E0
330
25DD
100
AcDbSun
 90
        1
290
     0
 63
     7
421
 16777215
 40
1.0
291
     1
 91
  2455826
 92
 54000000
292
     0
 70
     2
 71
   256
280
     1
  0
DICTIONARY
  5
1B9F
330
1B9E
100
AcDbDictionary
280
     1
281
     1
  3
ASDK_XREC_ANNOTATION_SCALE_INFO
360
1BA0
  0
SUN
  5
1BA1
330
1B9E
100
AcDbSun
 90
        1
290
     0
 63
     7
421
 16777215
 40
1.0
291
     1
 91
  2455826
 92
 54000000
292
     0
 70
     2
 71
   256
280
     1
  0
DICTIONARY
  5
1D63
330
1D62
100
AcDbDictionary
280
     1
281
     1
  3
ASDK_XREC_ANNOTATION_SCALE_INFO
360
1D64
  0
SUN
  5
1D65
330
1D62
100
AcDbSun
 90
        1
290
     0
 63
     7
421
 16777215
 40
1.0
291
     1
 91
  2455826
 92
 54000000
292
     0
 70
     2
 71
   256
280
     1
  0
XRECORD
  5
216
102
{ACAD_REACTORS
330
C
102
}
330
C
100
AcDbXrecord
280
     1
300
ACD
300
2013
300
ACD_F_S
  0
DICTIONARY
  5
6B
102
{ACAD_REACTORS
330
C
102
}
330
C
100
AcDbDictionary
281
     1
  0
DICTIONARY
  5
21B
102
{ACAD_REACTORS
330
C
102
}
330
C
100
AcDbDictionary
281
     1
  3
Metric50
350
21C
  0
DICTIONARY
  5
333
102
{ACAD_REACTORS
330
C
102
}
330
C
100
AcDbDictionary
281
     1
  0
DICTIONARY
  5
332
102
{ACAD_REACTORS
330
C
102
}
330
C
100
AcDbDictionary
281
     1
  0
DICTIONARY
  5
D
102
{ACAD_REACTORS
330
C
102
}
330
C
100
AcDbDictionary
281
     1
  0
DICTIONARY
  5
1A
102
{ACAD_REACTORS
330
C
102
}
330
C
100
AcDbDictionary
281
     1
  3
a (2)
350
25E2
  3
Model
350
22
  3
ORIENTACJA
350
D3
  0
DICTIONARY
  5
6A
102
{ACAD_REACTORS
330
C
102
}
330
C
100
AcDbDictionary
281
     1
  3
ByBlock
350
ED
  3
ByLayer
350
EC
  3
Global
350
EE
  0
DICTIONARY
  5
12D
102
{ACAD_REACTORS
330
C
102
}
330
C
100
AcDbDictionary
281
     1
  3
Annotative
350
13B
  3
Standard
350
12E
  0
DICTIONARY
  5
17
102
{ACAD_REACTORS
330
C
102
}
330
C
100
AcDbDictionary
281
     1
  3
1 5MMOBWODKA1
350
1BD1
  3
Standard
350
18
  0
DICTIONARY
  5
331
102
{ACAD_REACTORS
330
C
102
}
330
C
100
AcDbDictionary
281
     1
  0
DICTIONARY
  5
19
102
{ACAD_REACTORS
330
C
102
}
330
C
100
AcDbDictionary
281
     1
  0
ACDBDICTIONARYWDFLT
  5
E
102
{ACAD_REACTORS
330
C
102
}
330
C
100
AcDbDictionary
281
     1
  3
Normal
350
F
100
AcDbDictionaryWithDefault
340
F
  0
DICTIONARY
  5
10C
102
{ACAD_REACTORS
330
C
102
}
330
C
100
AcDbDictionary
281
     1
  3
*A1
350
308
  3
*A10
350
311
  3
*A11
350
312
  3
*A12
350
313
  3
*A13
350
314
  3
*A14
350
315
  3
*A15
350
316
  3
*A16
350
317
  3
*A2
350
309
  3
*A3
350
30A
  3
*A4
350
30B
  3
*A5
350
30C
  3
*A6
350
30D
  3
*A7
350
30E
  3
*A8
350
30F
  3
*A9
350
310
  3
A0
350
10D
  3
A1
350
1BE
  3
A2
350
1BF
  3
A3
350
1C0
  3
A4
350
1C1
  3
A5
350
1C2
  3
A6
350
1C3
  3
A7
350
1C4
  3
A8
350
1C5
  3
A9
350
1C6
  3
B0
350
1C7
  3
B1
350
1C8
  3
B2
350
1C9
  3
B3
350
1CA
  3
B4
350
1CB
  3
B5
350
1CC
  3
B6
350
1CD
  0
DICTIONARY
  5
219
102
{ACAD_REACTORS
330
C
102
}
330
C
100
AcDbDictionary
281
     1
  3
Metric50
350
21A
  0
DICTIONARY
  5
7E
102
{ACAD_REACTORS
330
C
102
}
330
C
100
AcDbDictionary
281
     1
  3
Standard
350
7F
  0
DICTIONARY
  5
EF
102
{ACAD_REACTORS
330
C
102
}
330
C
100
AcDbDictionary
281
     1
  3
2dWireframe
350
F5
  3
3D Hidden
350
1DF8
  3
3dWireframe
350
1DFA
  3
Basic
350
F4
  3
Brighten
350
FB
  3
ColorChange
350
FF
  3
Conceptual
350
F8
  3
Dim
350
FA
  3
EdgeColorOff
350
1E6
  3
Facepattern
350
FE
  3
Flat
350
F0
  3
FlatWithEdges
350
F1
  3
Gouraud
350
F2
  3
GouraudWithEdges
350
F3
  3
Hidden
350
F7
  3
JitterOff
350
1E4
  3
Linepattern
350
FD
  3
OverhangOff
350
1E5
  3
Realistic
350
F9
  3
Shaded
350
1F3
  3
Shaded with edges
350
1F2
  3
Shades of Gray
350
1EF
  3
Sketchy
350
1F0
  3
Thicken
350
FC
  3
Wireframe
350
F6
  3
X-Ray
350
1F1
  0
XRECORD
  5
26D0
102
{ACAD_REACTORS
330
C
102
}
330
C
100
AcDbXrecord
280
     1
 90
        1
330
7F
  0
DICTIONARY
  5
5E
102
{ACAD_REACTORS
330
C
102
}
330
C
100
AcDbDictionary
281
     1
  3
CANNOSCALE
350
146
  3
CMLEADERSTYLE
350
145
  3
CTABLESTYLE
350
84
  3
CVIEWDETAILSTYLE
350
227
  3
CVIEWSECTIONSTYLE
350
228
  3
DIMASSOC
350
5F
  3
HIDETEXT
350
63
  3
HPLAYER
350
4D2
  3
LAYEREVAL
350
1AE
  3
LAYERNOTIFY
350
1AF
  3
XCLIPFRAME
350
259
  0
DICTIONARY
  5
200
102
{ACAD_REACTORS
330
1FF
102
}
330
1FF
100
AcDbDictionary
281
     1
  0
DICTIONARY
  5
F41
102
{ACAD_REACTORS
330
1FF
102
}
330
1FF
100
AcDbDictionary
281
     1
  3
*A1
350
F42
1001
ACAD
1000
All
  0
XRECORD
  5
F30
102
{ACAD_REACTORS
330
F2F
102
}
330
F2F
100
AcDbXrecord
280
     1
290
     0
  0
XRECORD
  5
336
102
{ACAD_REACTORS
330
335
102
}
330
335
100
AcDbXrecord
280
     1
290
     1
  0
XRECORD
  5
3D0
102
{ACAD_REACTORS
330
3CF
102
}
330
3CF
100
AcDbXrecord
280
     1
290
     0
  0
XRECORD
  5
3D7
102
{ACAD_REACTORS
330
3D6
102
}
330
3D6
100
AcDbXrecord
280
     1
290
     0
  0
XRECORD
  5
3DB
102
{ACAD_REACTORS
330
3DA
102
}
330
3DA
100
AcDbXrecord
280
     1
290
     0
  0
XRECORD
  5
3DF
102
{ACAD_REACTORS
330
3DE
102
}
330
3DE
100
AcDbXrecord
280
     1
290
     0
  0
XRECORD
  5
3E2
102
{ACAD_REACTORS
330
3E1
102
}
330
3E1
100
AcDbXrecord
280
     1
290
     0
  0
XRECORD
  5
448
102
{ACAD_REACTORS
330
447
102
}
330
447
100
AcDbXrecord
280
     1
290
     0
  0
XRECORD
  5
450
102
{ACAD_REACTORS
330
44F
102
}
330
44F
100
AcDbXrecord
280
     1
290
     0
  0
XRECORD
  5
454
102
{ACAD_REACTORS
330
453
102
}
330
453
100
AcDbXrecord
280
     1
290
     0
  0
XRECORD
  5
457
102
{ACAD_REACTORS
330
456
102
}
330
456
100
AcDbXrecord
280
     1
290
     0
  0
XRECORD
  5
463
102
{ACAD_REACTORS
330
462
102
}
330
462
100
AcDbXrecord
280
     1
290
     0
  0
XRECORD
  5
466
102
{ACAD_REACTORS
330
465
102
}
330
465
100
AcDbXrecord
280
     1
290
     0
  0
XRECORD
  5
469
102
{ACAD_REACTORS
330
468
102
}
330
468
100
AcDbXrecord
280
     1
290
     0
  0
XRECORD
  5
F2E
102
{ACAD_REACTORS
330
F2D
102
}
330
F2D
100
AcDbXrecord
280
     1
290
     0
  0
XRECORD
  5
1ADA
102
{ACAD_REACTORS
330
1AD9
102
}
330
1AD9
100
AcDbXrecord
280
     1
290
     0
  0
XRECORD
  5
1BA9
102
{ACAD_REACTORS
330
1BA8
102
}
330
1BA8
100
AcDbXrecord
280
     1
290
     0
  0
XRECORD
  5
1BB2
102
{ACAD_REACTORS
330
1BB1
102
}
330
1BB1
100
AcDbXrecord
280
     1
290
     0
  0
XRECORD
  5
1BB8
102
{ACAD_REACTORS
330
1BB7
102
}
330
1BB7
100
AcDbXrecord
280
     1
290
     0
  0
XRECORD
  5
1BBB
102
{ACAD_REACTORS
330
1BBA
102
}
330
1BBA
100
AcDbXrecord
280
     1
290
     0
  0
XRECORD
  5
1BBE
102
{ACAD_REACTORS
330
1BBD
102
}
330
1BBD
100
AcDbXrecord
280
     1
290
     0
  0
XRECORD
  5
1BC2
102
{ACAD_REACTORS
330
1BC1
102
}
330
1BC1
100
AcDbXrecord
280
     1
290
     0
  0
XRECORD
  5
24EB
102
{ACAD_REACTORS
330
24EA
102
}
330
24EA
100
AcDbXrecord
280
     1
290
     0
  0
SORTENTSTABLE
  5
1D75
102
{ACAD_REACTORS
330
F4A
102
}
330
F4A
100
AcDbSortentsTable
330
1F
331
0
  5
39D
331
0
  5
39E
331
0
  5
39F
331
0
  5
3A1
331
0
  5
3A2
331
0
  5
3A4
331
0
  5
3A5
331
0
  5
3A6
331
0
  5
3A7
331
0
  5
3A8
331
0
  5
3A9
331
0
  5
3AA
331
0
  5
3AB
331
0
  5
3AC
331
0
  5
3AD
331
0
  5
3AE
331
0
  5
3AF
331
0
  5
3B0
331
0
  5
3B1
331
0
  5
3B2
331
0
  5
3B3
331
0
  5
3B4
331
0
  5
3B5
331
0
  5
3B6
331
0
  5
3B7
331
0
  5
3B8
331
0
  5
3B9
331
0
  5
3BA
331
0
  5
3BB
331
0
  5
3BC
331
0
  5
3BD
331
0
  5
3BE
331
0
  5
3BF
331
0
  5
3C0
331
0
  5
437
331
0
  5
438
331
0
  5
439
331
0
  5
4C1
331
0
  5
4C2
331
0
  5
4C3
331
0
  5
4D4
331
0
  5
4DC
331
0
  5
4E4
331
0
  5
4EC
331
0
  5
4F4
331
0
  5
4FC
331
0
  5
504
331
0
  5
50C
331
0
  5
514
331
0
  5
51C
331
0
  5
524
331
0
  5
52C
331
0
  5
534
331
0
  5
53C
331
0
  5
544
331
0
  5
54C
331
0
  5
554
331
0
  5
55C
331
0
  5
564
331
0
  5
56C
331
0
  5
574
331
0
  5
57C
331
0
  5
584
331
0
  5
58C
331
0
  5
594
331
0
  5
59C
331
0
  5
5A4
331
0
  5
5AC
331
0
  5
5B4
331
0
  5
5BC
331
0
  5
5C4
331
0
  5
5CC
331
0
  5
5D4
331
0
  5
5DC
331
0
  5
5E4
331
0
  5
5EC
331
0
  5
5F4
331
0
  5
5FC
331
0
  5
604
331
0
  5
60C
331
0
  5
614
331
0
  5
61C
331
0
  5
624
331
0
  5
62C
331
0
  5
634
331
0
  5
63C
331
0
  5
644
331
0
  5
64C
331
0
  5
654
331
0
  5
65C
331
0
  5
664
331
0
  5
66C
331
0
  5
674
331
0
  5
67C
331
0
  5
684
331
0
  5
68C
331
0
  5
694
331
0
  5
69C
331
0
  5
6A4
331
0
  5
6AC
331
0
  5
6B4
331
0
  5
6BC
331
0
  5
6C4
331
0
  5
6CC
331
0
  5
6D4
331
0
  5
6DC
331
0
  5
6E4
331
0
  5
6EC
331
0
  5
6F4
331
0
  5
6FC
331
0
  5
704
331
0
  5
70C
331
0
  5
714
331
0
  5
71C
331
0
  5
724
331
0
  5
72C
331
0
  5
734
331
0
  5
73C
331
0
  5
744
331
0
  5
74C
331
0
  5
754
331
0
  5
75C
331
0
  5
764
331
0
  5
76C
331
0
  5
774
331
0
  5
77C
331
0
  5
784
331
0
  5
78C
331
0
  5
794
331
0
  5
79C
331
0
  5
7A4
331
0
  5
7AC
331
0
  5
7B4
331
0
  5
7BC
331
0
  5
7C4
331
0
  5
7CC
331
0
  5
7D4
331
0
  5
7DC
331
0
  5
7E4
331
0
  5
7EC
331
0
  5
7F4
331
0
  5
7FC
331
0
  5
804
331
0
  5
80C
331
0
  5
814
331
0
  5
81C
331
0
  5
824
331
0
  5
82C
331
0
  5
834
331
0
  5
83C
331
0
  5
844
331
0
  5
84C
331
0
  5
854
331
0
  5
85C
331
0
  5
864
331
0
  5
86C
331
0
  5
874
331
0
  5
87C
331
0
  5
884
331
0
  5
88C
331
0
  5
894
331
0
  5
89C
331
0
  5
8A4
331
0
  5
8AC
331
0
  5
8B4
331
0
  5
8BC
331
0
  5
8C4
331
0
  5
8CC
331
0
  5
8D4
331
0
  5
8DC
331
0
  5
8E4
331
0
  5
8EC
331
0
  5
8F4
331
0
  5
8FC
331
0
  5
904
331
0
  5
90C
331
0
  5
914
331
0
  5
91C
331
0
  5
924
331
0
  5
92C
331
0
  5
934
331
0
  5
93C
331
0
  5
944
331
0
  5
94C
331
0
  5
954
331
0
  5
95C
331
0
  5
964
331
0
  5
96C
331
0
  5
974
331
0
  5
97C
331
0
  5
984
331
0
  5
98C
331
0
  5
994
331
0
  5
99C
331
0
  5
9A4
331
0
  5
9AC
331
0
  5
9B4
331
0
  5
9BC
331
0
  5
9C4
331
0
  5
9CC
331
0
  5
9D4
331
0
  5
9DC
331
0
  5
9E4
331
0
  5
9EC
331
0
  5
9F4
331
0
  5
9FC
331
0
  5
A04
331
0
  5
A0C
331
0
  5
A14
331
0
  5
A1C
331
0
  5
A24
331
0
  5
A2C
331
0
  5
A34
331
0
  5
A3C
331
0
  5
A44
331
0
  5
A4C
331
0
  5
A54
331
0
  5
A5C
331
0
  5
A64
331
0
  5
A6C
331
0
  5
A74
331
0
  5
A7C
331
0
  5
A84
331
0
  5
A8C
331
0
  5
A94
331
0
  5
A9C
331
0
  5
AA4
331
0
  5
AAC
331
0
  5
AB4
331
0
  5
ABC
331
0
  5
AC4
331
0
  5
ACC
331
0
  5
AD4
331
0
  5
ADC
331
0
  5
AE4
331
0
  5
AEC
331
0
  5
AF4
331
0
  5
AFC
331
0
  5
B04
331
0
  5
B0C
331
0
  5
B14
331
0
  5
B1C
331
0
  5
B24
331
0
  5
B2C
331
0
  5
B34
331
0
  5
B3C
331
0
  5
B44
331
0
  5
B4C
331
0
  5
B54
331
0
  5
B5C
331
0
  5
B64
331
0
  5
B6C
331
0
  5
B74
331
0
  5
B7C
331
0
  5
B84
331
0
  5
B8C
331
0
  5
B94
331
0
  5
B9C
331
0
  5
BA4
331
0
  5
BB4
331
0
  5
BBC
331
0
  5
BC4
331
0
  5
BCC
331
0
  5
BD4
331
0
  5
BDC
331
0
  5
BE4
331
0
  5
BEC
331
0
  5
BF4
331
0
  5
BFC
331
0
  5
C04
331
0
  5
C0C
331
0
  5
C14
331
0
  5
C1C
331
0
  5
C24
331
0
  5
C2C
331
0
  5
C34
331
0
  5
C3C
331
0
  5
C44
331
0
  5
C4C
331
0
  5
C54
331
0
  5
C5C
331
0
  5
C64
331
0
  5
C6C
331
0
  5
C74
331
0
  5
C7C
331
0
  5
C84
331
0
  5
C9C
331
0
  5
CA4
331
0
  5
CAC
331
0
  5
CB4
331
0
  5
CBC
331
0
  5
CC4
331
0
  5
CCC
331
0
  5
CD4
331
0
  5
CDC
331
0
  5
CE4
331
0
  5
CEC
331
0
  5
CF4
331
0
  5
CFC
331
0
  5
D04
331
0
  5
D0C
331
0
  5
D14
331
0
  5
D1C
331
0
  5
D24
331
0
  5
D2C
331
0
  5
D34
331
0
  5
D3C
331
0
  5
D44
331
0
  5
D4C
331
0
  5
D54
331
0
  5
D5C
331
0
  5
D64
331
0
  5
D6C
331
0
  5
D74
331
0
  5
D7C
331
0
  5
D84
331
0
  5
D8C
331
0
  5
D94
331
0
  5
D9C
331
0
  5
DA4
331
0
  5
DAC
331
0
  5
DB4
331
0
  5
DBC
331
0
  5
DC4
331
0
  5
DCC
331
0
  5
DD4
331
0
  5
DDC
331
0
  5
DE4
331
0
  5
DEC
331
0
  5
DF4
331
0
  5
DFC
331
0
  5
E04
331
0
  5
E0C
331
0
  5
E14
331
0
  5
E1C
331
0
  5
E24
331
0
  5
E2C
331
0
  5
E34
331
0
  5
E3C
331
0
  5
E44
331
0
  5
E4C
331
0
  5
E54
331
0
  5
E5C
331
0
  5
E64
331
0
  5
E6C
331
0
  5
E74
331
0
  5
E7C
331
0
  5
E84
331
0
  5
E8C
331
0
  5
E94
331
0
  5
E9C
331
0
  5
EA4
331
0
  5
EAC
331
0
  5
EB4
331
0
  5
EBC
331
0
  5
EC4
331
0
  5
ECC
331
0
  5
ED4
331
0
  5
EDC
331
0
  5
EE4
331
0
  5
EEC
331
0
  5
EF4
331
0
  5
EFC
331
0
  5
F04
331
0
  5
F0C
331
0
  5
F14
331
0
  5
F1C
331
0
  5
F49
331
0
  5
F55
331
0
  5
F5F
331
0
  5
F61
331
0
  5
F63
331
0
  5
F66
331
0
  5
F69
331
0
  5
F6A
331
0
  5
F6D
331
0
  5
F78
331
0
  5
F79
331
0
  5
F7C
331
0
  5
F7D
331
0
  5
F7E
331
0
  5
F7F
331
0
  5
F81
331
0
  5
F82
331
0
  5
F83
331
0
  5
F85
331
0
  5
F86
331
0
  5
F87
331
0
  5
F89
331
0
  5
F8A
331
0
  5
F8C
331
0
  5
F8D
331
0
  5
F8F
331
0
  5
F91
331
0
  5
F94
331
0
  5
F96
331
0
  5
F97
331
0
  5
F9A
331
0
  5
F9D
331
0
  5
F9E
331
0
  5
F9F
331
0
  5
FA0
331
0
  5
FA3
331
0
  5
FA6
331
0
  5
FA7
331
0
  5
FA8
331
0
  5
FA9
331
0
  5
FAB
331
0
  5
FAE
331
0
  5
FB3
331
0
  5
FB6
331
0
  5
FB7
331
0
  5
FB8
331
0
  5
FBA
331
0
  5
FBE
331
0
  5
FC0
331
0
  5
FC2
331
0
  5
FC3
331
0
  5
FC4
331
0
  5
FC5
331
0
  5
FC6
331
0
  5
FCD
331
0
  5
FCE
331
0
  5
FCF
331
0
  5
FD0
331
0
  5
FD1
331
0
  5
FD2
331
0
  5
FD3
331
0
  5
FD4
331
0
  5
FD5
331
0
  5
FD6
331
0
  5
FD7
331
0
  5
FD8
331
0
  5
FD9
331
0
  5
FDA
331
0
  5
FDB
331
0
  5
FDC
331
0
  5
FDD
331
0
  5
FDE
331
0
  5
FDF
331
0
  5
FE0
331
0
  5
FE1
331
0
  5
FE2
331
0
  5
FE4
331
0
  5
FE6
331
0
  5
FE8
331
0
  5
FE9
331
0
  5
FEC
331
0
  5
FED
331
0
  5
FEE
331
0
  5
FEF
331
0
  5
FF0
331
0
  5
FF1
331
0
  5
FF2
331
0
  5
FF3
331
0
  5
FF6
331
0
  5
FF7
331
0
  5
FF8
331
0
  5
FF9
331
0
  5
FFA
331
0
  5
FFB
331
0
  5
FFC
331
0
  5
FFD
331
0
  5
FFF
331
0
  5
1000
331
0
  5
1001
331
0
  5
1002
331
0
  5
1004
331
0
  5
1005
331
0
  5
1006
331
0
  5
1009
331
0
  5
100D
331
0
  5
100F
331
0
  5
1010
331
0
  5
1011
331
0
  5
1012
331
0
  5
1013
331
0
  5
1015
331
0
  5
1016
331
0
  5
1017
331
0
  5
1018
331
0
  5
1019
331
0
  5
101B
331
0
  5
101D
331
0
  5
101F
331
0
  5
1020
331
0
  5
1022
331
0
  5
1023
331
0
  5
1024
331
0
  5
1025
331
0
  5
1028
331
0
  5
1029
331
0
  5
102A
331
0
  5
102D
331
0
  5
1030
331
0
  5
1032
331
0
  5
1033
331
0
  5
1034
331
0
  5
1036
331
0
  5
1037
331
0
  5
1038
331
0
  5
1039
331
0
  5
103A
331
0
  5
103C
331
0
  5
103D
331
0
  5
103E
331
0
  5
103F
331
0
  5
1040
331
0
  5
1041
331
0
  5
1042
331
0
  5
1043
331
0
  5
1046
331
0
  5
1047
331
0
  5
1048
331
0
  5
1049
331
0
  5
104A
331
0
  5
104B
331
0
  5
104C
331
0
  5
1053
331
0
  5
1055
331
0
  5
1056
331
0
  5
1057
331
0
  5
1058
331
0
  5
105C
331
0
  5
105D
331
0
  5
105E
331
0
  5
1060
331
0
  5
1061
331
0
  5
1067
331
0
  5
106C
331
0
  5
106E
331
0
  5
106F
331
0
  5
1070
331
0
  5
1071
331
0
  5
1072
331
0
  5
107D
331
0
  5
107E
331
0
  5
1081
331
0
  5
1082
331
0
  5
1083
331
0
  5
1085
331
0
  5
1086
331
0
  5
1087
331
0
  5
1088
331
0
  5
108C
331
0
  5
108D
331
0
  5
108E
331
0
  5
108F
331
0
  5
1094
331
0
  5
1095
331
0
  5
1096
331
0
  5
1097
331
0
  5
1098
331
0
  5
1099
331
0
  5
109E
331
0
  5
109F
331
0
  5
10A1
331
0
  5
10A4
331
0
  5
10A5
331
0
  5
10A6
331
0
  5
10A8
331
0
  5
10A9
331
0
  5
10AA
331
0
  5
10AB
331
0
  5
10AD
331
0
  5
10AE
331
0
  5
10B2
331
0
  5
10B4
331
0
  5
10B6
331
0
  5
10B7
331
0
  5
10B9
331
0
  5
10BA
331
0
  5
10BC
331
0
  5
10BE
331
0
  5
10BF
331
0
  5
10C1
331
0
  5
10C2
331
0
  5
10C3
331
0
  5
10C4
331
0
  5
10C7
331
0
  5
10C8
331
0
  5
10C9
331
0
  5
10CA
331
0
  5
10CB
331
0
  5
10CC
331
0
  5
10CD
331
0
  5
10CE
331
0
  5
10CF
331
0
  5
10DC
331
0
  5
10DD
331
0
  5
10DF
331
0
  5
10E0
331
0
  5
10E6
331
0
  5
10E7
331
0
  5
10E8
331
0
  5
10E9
331
0
  5
10EB
331
0
  5
10ED
331
0
  5
10EE
331
0
  5
10EF
331
0
  5
10F5
331
0
  5
10F6
331
0
  5
10FC
331
0
  5
10FD
331
0
  5
1103
331
0
  5
1104
331
0
  5
1106
331
0
  5
1107
331
0
  5
110C
331
0
  5
110D
331
0
  5
110F
331
0
  5
1111
331
0
  5
1112
331
0
  5
1118
331
0
  5
1119
331
0
  5
111F
331
0
  5
1120
331
0
  5
1126
331
0
  5
1127
331
0
  5
1129
331
0
  5
112A
331
0
  5
112C
331
0
  5
112D
331
0
  5
1133
331
0
  5
1134
331
0
  5
1136
331
0
  5
1137
331
0
  5
113D
331
0
  5
113E
331
0
  5
1144
331
0
  5
1145
331
0
  5
114B
331
0
  5
114C
331
0
  5
114E
331
0
  5
114F
331
0
  5
1155
331
0
  5
1156
331
0
  5
1158
331
0
  5
1159
331
0
  5
115F
331
0
  5
1160
331
0
  5
1166
331
0
  5
1167
331
0
  5
116D
331
0
  5
116E
331
0
  5
1174
331
0
  5
1175
331
0
  5
117B
331
0
  5
117C
331
0
  5
1182
331
0
  5
1183
331
0
  5
1189
331
0
  5
118A
331
0
  5
1190
331
0
  5
1191
331
0
  5
1193
331
0
  5
1194
331
0
  5
1199
  0
XRECORD
  5
25D3
102
{ACAD_REACTORS
330
25D2
102
}
330
25D2
100
AcDbXrecord
280
     1
 90
        1
340
10D
  0
XRECORD
  5
25DF
102
{ACAD_REACTORS
330
25DE
102
}
330
25DE
100
AcDbXrecord
280
     1
 90
        1
340
10D
  0
XRECORD
  5
1BA0
102
{ACAD_REACTORS
330
1B9F
102
}
330
1B9F
100
AcDbXrecord
280
     1
 90
        1
340
10D
  0
XRECORD
  5
1D64
102
{ACAD_REACTORS
330
1D63
102
}
330
1D63
100
AcDbXrecord
280
     1
 90
        1
340
10D
  0
ACDBDETAILVIEWSTYLE
  5
21C
102
{ACAD_REACTORS
330
21B
102
}
102
{ACAD_XDICTIONARY
360
12FF
102
}
330
21B
100
AcDbModelDocViewStyle
 70
     0
  3
Metric50
290
     1
100
AcDbDetailViewStyle
 70
     0
 71
     0
 90
        3
 71
     1
340
11
 62
   256
 40
5.0
340
0
 62
   256
 40
5.0
300

 40
0.0
280
     1
 71
     2
340
16
 90
       25
 62
   256
 71
     3
340
11
 62
   256
 40
5.0
 90
        0
 40
15.0
 90
        1
300
%<\AcVar ViewDetailId>% (%<\AcVar ViewScale \f "%sn">%)
 71
     4
340
16
 90
       25
 62
   256
340
16
 90
       25
 62
   256
280
     0
  0
LAYOUT
  5
25E2
102
{ACAD_REACTORS
330
1A
102
}
330
1A
100
AcDbPlotSettings
  1

  2
DWG To PDF.pc3
  4
User69633
  6

 40
20.0
 41
5.0
 42
5.0
 43
5.0
 44
420.0
 45
297.0
 46
0.0
 47
0.0
 48
0.0
 49
0.0
140
0.0
141
0.0
142
1.0
143
1.0
 70
   672
 72
     1
 73
     0
 74
     5
  7

 75
    16
 76
     0
 77
     2
 78
   300
147
1.0
148
0.0
149
0.0
100
AcDbLayout
  1
a (2)
 70
     1
 71
     1
 10
-20.0
 20
-5.0
 11
400.0
 21
292.0
 12
0.0
 22
0.0
 32
0.0
 14
0.0
 24
-0.0000000000002423
 34
0.0
 15
395.0000000000015
 25
286.8294948861003
 35
1.0
146
0.0
 13
0.0
 23
0.0
 33
0.0
 16
1.0
 26
0.0
 36
0.0
 17
0.0
 27
1.0
 37
0.0
 76
     0
330
25CF
331
25D1
1001
PLOTTRANSPARENCY
1071
        1
1001
ACAD_PSEXT
1000
DWG To PDF.pc3
1000
DWG to PDF
1000
Plik
1000

1070
     0
  0
LAYOUT
  5
22
102
{ACAD_REACTORS
330
1A
102
}
102
{ACAD_XDICTIONARY
360
205
102
}
330
1A
100
AcDbPlotSettings
  1

  2
none_device
  4
ISO_A4_(210.00_x_297.00_MM)
  6

 40
7.5
 41
20.0
 42
7.5
 43
20.0
 44
210.0
 45
297.0
 46
11.54999923706055
 47
-13.65000009536743
 48
0.0
 49
0.0
140
0.0
141
0.0
142
1.0
143
8.704084754739808
 70
 11952
 72
     1
 73
     0
 74
     0
  7

 75
     0
 76
     0
 77
     2
 78
   300
147
0.1148885871608098
148
0.0
149
0.0
100
AcDbLayout
  1
Model
 70
     1
 71
     0
 10
0.0
 20
0.0
 11
12.0
 21
9.0
 12
0.0
 22
0.0
 32
0.0
 14
-50.00000000000045
 24
-0.0000000000002423
 34
0.0
 15
0.0000000000009663
 25
58.60723257000767
 35
0.0
146
0.0
 13
0.0
 23
0.0
 33
0.0
 16
1.0
 26
0.0
 36
0.0
 17
0.0
 27
1.0
 37
0.0
 76
     0
330
1F
331
EA
1001
ACAD_PSEXT
1000
None
1000
None
1000
Not applicable
1000
The layout will not be plotted unless a new plotter configuration name is selected.
1070
     0
  0
LAYOUT
  5
D3
102
{ACAD_REACTORS
330
1A
102
}
330
1A
100
AcDbPlotSettings
  1

  2
DWG To PDF.pc3
  4
User69633
  6

 40
20.0
 41
5.0
 42
5.0
 43
5.0
 44
420.0
 45
297.0
 46
0.0
 47
0.0
 48
0.0
 49
0.0
140
0.0
141
0.0
142
1.0
143
1.0
 70
   672
 72
     1
 73
     0
 74
     5
  7

 75
    16
 76
     0
 77
     2
 78
   300
147
1.0
148
0.0
149
0.0
100
AcDbLayout
  1
ORIENTACJA
 70
     1
 71
     0
 10
-20.0
 20
-5.0
 11
400.0
 21
292.0
 12
0.0
 22
0.0
 32
0.0
 14
0.0
 24
-0.0000000000002423
 34
0.0
 15
395.0000000000015
 25
286.8294948861003
 35
1.0
146
0.0
 13
0.0
 23
0.0
 33
0.0
 16
1.0
 26
0.0
 36
0.0
 17
0.0
 27
1.0
 37
0.0
 76
     0
330
D2
331
1B9E
1001
PLOTTRANSPARENCY
1071
        1
1001
ACAD_PSEXT
1000
DWG To PDF.pc3
1000
DWG to PDF
1000
Plik
1000

1070
     0
  0
MATERIAL
  5
ED
102
{ACAD_REACTORS
330
6A
102
}
102
{ACAD_XDICTIONARY
360
1F9
102
}
330
6A
100
AcDbMaterial
  1
ByBlock
 72
     1
 73
     2
 78
     2
172
     2
176
     2
270
     2
274
     2
 94
       63
  0
MATERIAL
  5
EC
102
{ACAD_REACTORS
330
6A
102
}
102
{ACAD_XDICTIONARY
360
1F7
102
}
330
6A
100
AcDbMaterial
  1
ByLayer
 72
     1
 73
     2
 78
     2
172
     2
176
     2
270
     2
274
     2
 94
       63
  0
MATERIAL
  5
EE
102
{ACAD_REACTORS
330
6A
102
}
102
{ACAD_XDICTIONARY
360
173
102
}
330
6A
100
AcDbMaterial
  1
Global
 72
     1
 73
     2
 43
0.0007999999797903
 43
0.0
 43
0.0
 43
0.0
 43
0.0
 43
0.0007999999797903
 43
0.0
 43
0.0
 43
0.0
 43
0.0
 43
1.0
 43
0.0
 43
0.0
 43
0.0
 43
0.0
 43
1.0
 78
     2
172
     2
 49
0.0007999999797903
 49
0.0
 49
0.0
 49
0.0
 49
0.0
 49
0.0007999999797903
 49
0.0
 49
0.0
 49
0.0
 49
0.0
 49
1.0
 49
0.0
 49
0.0
 49
0.0
 49
0.0
 49
1.0
176
     2
142
0.0007999999797903
142
0.0
142
0.0
142
0.0
142
0.0
142
0.0007999999797903
142
0.0
142
0.0
142
0.0
142
0.0
142
1.0
142
0.0
142
0.0
142
0.0
142
0.0
142
1.0
270
     2
144
0.0007999999797903
144
0.0
144
0.0
144
0.0
144
0.0
144
0.0007999999797903
144
0.0
144
0.0
144
0.0
144
0.0
144
1.0
144
0.0
144
0.0
144
0.0
144
0.0
144
1.0
274
     2
 94
       63
1001
ACAD
1070
    -1
1070
     3
1070
     0
1000

1071
        0
1070
     0
  0
MLEADERSTYLE
  5
13B
102
{ACAD_REACTORS
330
12D
102
}
330
12D
100
AcDbMLeaderStyle
179
     2
170
     2
171
     1
172
     0
 90
        2
 40
0.0
 41
0.0
173
     1
 91
-1056964608
340
14
 92
       -2
290
     1
 42
2.0
291
     1
 43
8.0
  3
Standard
341
0
 44
4.0
300

342
11
174
     1
178
     1
175
     1
176
     0
 93
-1056964608
 45
4.0
292
     0
297
     0
 46
4.0
343
0
 94
-1056964608
 47
1.0
 49
1.0
140
1.0
293
     1
141
0.0
294
     1
177
     0
142
1.0
295
     0
296
     1
143
3.75
271
     0
272
     9
273
     9
  0
MLEADERSTYLE
  5
12E
102
{ACAD_REACTORS
330
12D
330
41C
330
42B
102
}
330
12D
100
AcDbMLeaderStyle
179
     2
170
     2
171
     1
172
     0
 90
        2
 40
0.0
 41
0.0
173
     1
 91
-1056964608
340
14
 92
       -2
290
     1
 42
2.0
291
     1
 43
8.0
  3
Standard
341
0
 44
4.0
300

342
11
174
     1
178
     1
175
     1
176
     0
 93
-1056964608
 45
4.0
292
     0
297
     0
 46
4.0
343
0
 94
-1056964608
 47
1.0
 49
1.0
140
1.0
293
     1
141
0.0
294
     1
177
     0
142
1.0
295
     0
296
     0
143
3.75
271
     0
272
     9
273
     9
  0
MLINESTYLE
  5
1BD1
102
{ACAD_REACTORS
330
17
102
}
330
17
100
AcDbMlineStyle
  2
1 5MMOBWODKA1
 70
     0
  3

 62
     7
 51
45.00000000000008
 52
134.9999999999999
 71
     2
 49
0.0
 62
   256
  6
BYLAYER
 49
-1.5
 62
   256
  6
BYLAYER
  0
MLINESTYLE
  5
18
102
{ACAD_REACTORS
330
17
102
}
330
17
100
AcDbMlineStyle
  2
STANDARD
 70
     0
  3

 62
   256
 51
90.0
 52
90.0
 71
     2
 49
0.5
 62
   256
  6
BYLAYER
 49
-0.5
 62
   256
  6
BYLAYER
  0
ACDBPLACEHOLDER
  5
F
102
{ACAD_REACTORS
330
E
102
}
330
E
  0
SCALE
  5
308
102
{ACAD_REACTORS
330
10C
102
}
330
10C
100
AcDbScale
 70
     0
300
1/128" = 1'-0"_XREF
140
0.0078125
141
12.0
290
     0
  0
SCALE
  5
311
102
{ACAD_REACTORS
330
10C
102
}
330
10C
100
AcDbScale
 70
     0
300
1/2" = 1'-0"_XREF
140
0.5
141
12.0
290
     0
  0
SCALE
  5
312
102
{ACAD_REACTORS
330
10C
102
}
330
10C
100
AcDbScale
 70
     0
300
3/4" = 1'-0"_XREF
140
0.75
141
12.0
290
     0
  0
SCALE
  5
313
102
{ACAD_REACTORS
330
10C
102
}
330
10C
100
AcDbScale
 70
     0
300
1" = 1'-0"_XREF
140
1.0
141
12.0
290
     0
  0
SCALE
  5
314
102
{ACAD_REACTORS
330
10C
102
}
330
10C
100
AcDbScale
 70
     0
300
1-1/2" = 1'-0"_XREF
140
1.5
141
12.0
290
     0
  0
SCALE
  5
315
102
{ACAD_REACTORS
330
10C
102
}
330
10C
100
AcDbScale
 70
     0
300
3" = 1'-0"_XREF
140
3.0
141
12.0
290
     0
  0
SCALE
  5
316
102
{ACAD_REACTORS
330
10C
102
}
330
10C
100
AcDbScale
 70
     0
300
6" = 1'-0"_XREF
140
6.0
141
12.0
290
     0
  0
SCALE
  5
317
102
{ACAD_REACTORS
330
10C
102
}
330
10C
100
AcDbScale
 70
     0
300
1'-0" = 1'-0"_XREF
140
12.0
141
12.0
290
     0
  0
SCALE
  5
309
102
{ACAD_REACTORS
330
10C
102
}
330
10C
100
AcDbScale
 70
     0
300
1/64" = 1'-0"_XREF
140
0.015625
141
12.0
290
     0
  0
SCALE
  5
30A
102
{ACAD_REACTORS
330
10C
102
}
330
10C
100
AcDbScale
 70
     0
300
1/32" = 1'-0"_XREF
140
0.03125
141
12.0
290
     0
  0
SCALE
  5
30B
102
{ACAD_REACTORS
330
10C
102
}
330
10C
100
AcDbScale
 70
     0
300
1/16" = 1'-0"_XREF
140
0.0625
141
12.0
290
     0
  0
SCALE
  5
30C
102
{ACAD_REACTORS
330
10C
102
}
330
10C
100
AcDbScale
 70
     0
300
3/32" = 1'-0"_XREF
140
0.09375
141
12.0
290
     0
  0
SCALE
  5
30D
102
{ACAD_REACTORS
330
10C
102
}
330
10C
100
AcDbScale
 70
     0
300
1/8" = 1'-0"_XREF
140
0.125
141
12.0
290
     0
  0
SCALE
  5
30E
102
{ACAD_REACTORS
330
10C
102
}
330
10C
100
AcDbScale
 70
     0
300
3/16" = 1'-0"_XREF
140
0.1875
141
12.0
290
     0
  0
SCALE
  5
30F
102
{ACAD_REACTORS
330
10C
102
}
330
10C
100
AcDbScale
 70
     0
300
1/4" = 1'-0"_XREF
140
0.25
141
12.0
290
     0
  0
SCALE
  5
310
102
{ACAD_REACTORS
330
10C
102
}
330
10C
100
AcDbScale
 70
     0
300
3/8" = 1'-0"_XREF
140
0.375
141
12.0
290
     0
  0
SCALE
  5
10D
102
{ACAD_REACTORS
330
10C
102
}
330
10C
100
AcDbScale
 70
     0
300
1:1
140
1.0
141
1.0
290
     1
  0
SCALE
  5
1BE
102
{ACAD_REACTORS
330
10C
102
}
330
10C
100
AcDbScale
 70
     0
300
1:2
140
1.0
141
2.0
290
     0
  0
SCALE
  5
1BF
102
{ACAD_REACTORS
330
10C
102
}
330
10C
100
AcDbScale
 70
     0
300
1:4
140
1.0
141
4.0
290
     0
  0
SCALE
  5
1C0
102
{ACAD_REACTORS
330
10C
102
}
330
10C
100
AcDbScale
 70
     0
300
1:5
140
1.0
141
5.0
290
     0
  0
SCALE
  5
1C1
102
{ACAD_REACTORS
330
10C
102
}
330
10C
100
AcDbScale
 70
     0
300
1:8
140
1.0
141
8.0
290
     0
  0
SCALE
  5
1C2
102
{ACAD_REACTORS
330
10C
102
}
330
10C
100
AcDbScale
 70
     0
300
1:10
140
1.0
141
10.0
290
     0
  0
SCALE
  5
1C3
102
{ACAD_REACTORS
330
10C
102
}
330
10C
100
AcDbScale
 70
     0
300
1:16
140
1.0
141
16.0
290
     0
  0
SCALE
  5
1C4
102
{ACAD_REACTORS
330
10C
102
}
330
10C
100
AcDbScale
 70
     0
300
1:20
140
1.0
141
20.0
290
     0
  0
SCALE
  5
1C5
102
{ACAD_REACTORS
330
10C
102
}
330
10C
100
AcDbScale
 70
     0
300
1:30
140
1.0
141
30.0
290
     0
  0
SCALE
  5
1C6
102
{ACAD_REACTORS
330
10C
102
}
330
10C
100
AcDbScale
 70
     0
300
1:40
140
1.0
141
40.0
290
     0
  0
SCALE
  5
1C7
102
{ACAD_REACTORS
330
10C
102
}
330
10C
100
AcDbScale
 70
     0
300
1:50
140
1.0
141
50.0
290
     0
  0
SCALE
  5
1C8
102
{ACAD_REACTORS
330
10C
102
}
330
10C
100
AcDbScale
 70
     0
300
1:100
140
1.0
141
100.0
290
     0
  0
SCALE
  5
1C9
102
{ACAD_REACTORS
330
10C
102
}
330
10C
100
AcDbScale
 70
     0
300
2:1
140
2.0
141
1.0
290
     0
  0
SCALE
  5
1CA
102
{ACAD_REACTORS
330
10C
102
}
330
10C
100
AcDbScale
 70
     0
300
4:1
140
4.0
141
1.0
290
     0
  0
SCALE
  5
1CB
102
{ACAD_REACTORS
330
10C
102
}
330
10C
100
AcDbScale
 70
     0
300
8:1
140
8.0
141
1.0
290
     0
  0
SCALE
  5
1CC
102
{ACAD_REACTORS
330
10C
102
}
330
10C
100
AcDbScale
 70
     0
300
10:1
140
10.0
141
1.0
290
     0
  0
SCALE
  5
1CD
102
{ACAD_REACTORS
330
10C
102
}
330
10C
100
AcDbScale
 70
     0
300
100:1
140
100.0
141
1.0
290
     0
  0
ACDBSECTIONVIEWSTYLE
  5
21A
102
{ACAD_REACTORS
330
219
102
}
102
{ACAD_XDICTIONARY
360
1301
102
}
330
219
100
AcDbModelDocViewStyle
 70
     0
  3
Metric50
290
     1
100
AcDbSectionViewStyle
 70
     0
 71
     0
 90
      102
 71
     1
340
11
 62
   256
 40
5.0
340
0
340
0
 62
   256
 40
5.0
300
I, O, Q, S, X, Z
 40
10.0
 90
        0
 40
2.5
 90
        0
 71
     2
340
16
 90
       25
 62
   256
340
16
 90
       50
 62
   256
 40
5.0
 40
2.5
 40
5.0
 71
     3
340
11
 62
   256
 40
5.0
 90
        0
 40
15.0
 90
        1
300
%<\AcVar ViewSectionStartId>%-%<\AcVar ViewSectionEndId>% (%<\AcVar ViewScale \f "%sn">%)
 71
     4
 62
   256
 62
   257
300
ANSI31
 40
1.0
 90
        0
290
     0
290
     0
 90
        6
 40
0.0
 40
1.570796326794897
 40
0.2617993877991494
 40
1.308996938995747
 40
-0.2617993877991494
 40
1.832595714594046
  0
TABLESTYLE
  5
7F
102
{ACAD_REACTORS
330
7E
102
}
102
{ACAD_XDICTIONARY
360
269C
102
}
330
7E
100
AcDbTableStyle
  3
Standard
 70
     0
 71
     0
 40
1.5
 41
1.5
280
     0
281
     0
  7
Standard
140
4.5
170
     2
 62
     0
 63
   257
283
     0
 90
      512
 91
        0
  1

274
    -2
284
     1
 64
     0
275
    -2
285
     1
 65
     0
276
    -2
286
     1
 66
     0
277
    -2
287
     1
 67
     0
278
    -2
288
     1
 68
     0
279
    -2
289
     1
 69
     0
  7
Standard
140
6.0
170
     5
 62
     0
 63
   257
283
     0
 90
      512
 91
        0
  1

274
    -2
284
     1
 64
     0
275
    -2
285
     1
 65
     0
276
    -2
286
     1
 66
     0
277
    -2
287
     1
 67
     0
278
    -2
288
     1
 68
     0
279
    -2
289
     1
 69
     0
  7
Standard
140
4.5
170
     5
 62
     0
 63
   257
283
     0
 90
      512
 91
        0
  1

274
    -2
284
     1
 64
     0
275
    -2
285
     1
 65
     0
276
    -2
286
     1
 66
     0
277
    -2
287
     1
 67
     0
278
    -2
288
     1
 68
     0
279
    -2
289
     1
 69
     0
  0
VISUALSTYLE
  5
F5
102
{ACAD_REACTORS
330
EF
102
}
102
{ACAD_XDICTIONARY
360
269E
102
}
330
EF
100
AcDbVisualStyle
  2
2dWireframe
 70
     4
177
     2
291
     0
 71
     0
176
     1
 72
     2
176
     1
 73
     1
176
     1
 90
        0
176
     1
 40
0.6
176
     1
 41
30.0
176
     1
 62
     5
 63
     7
421
 16777215
176
     1
 74
     1
176
     1
 91
        4
176
     1
 64
     7
176
     1
 65
   257
176
     1
 75
     1
176
     1
175
     1
176
     1
 42
1.0
176
     1
 92
        0
176
     1
 66
   257
176
     1
 43
1.0
176
     1
 76
     1
176
     1
 77
     6
176
     1
 78
     2
176
     1
 67
     7
176
     1
 79
     5
176
     1
170
     0
176
     1
171
     0
176
     1
290
     0
176
     1
 93
        1
176
     1
 44
0.0
176
     1
173
     0
176
     1
  0
VISUALSTYLE
  5
1DF8
102
{ACAD_REACTORS
330
EF
102
}
102
{ACAD_XDICTIONARY
360
1DF9
102
}
330
EF
100
AcDbVisualStyle
  2
3D Hidden
 70
     6
177
     2
291
     0
 71
     1
176
     1
 72
     2
176
     1
 73
     2
176
     1
 90
        0
176
     1
 40
-0.6
176
     1
 41
-30.0
176
     1
 62
     5
 63
     7
176
     1
 74
     2
176
     1
 91
        2
176
     1
 64
     7
176
     1
 65
   257
176
     1
 75
     2
176
     1
175
     1
176
     1
 42
40.0
176
     1
 92
        0
176
     1
 66
   257
176
     1
 43
1.0
176
     1
 76
     1
176
     1
 77
     6
176
     1
 78
     2
176
     1
 67
     7
176
     1
 79
     3
176
     1
170
     0
176
     1
171
     0
176
     1
290
     0
176
     1
 93
        1
176
     1
 44
0.0
176
     1
173
     0
176
     1
  0
VISUALSTYLE
  5
1DFA
102
{ACAD_REACTORS
330
EF
102
}
102
{ACAD_XDICTIONARY
360
1DFB
102
}
330
EF
100
AcDbVisualStyle
  2
3dWireframe
 70
     5
177
     2
291
     0
 71
     0
176
     1
 72
     2
176
     1
 73
     1
176
     1
 90
        0
176
     1
 40
-0.6
176
     1
 41
-30.0
176
     1
 62
     5
 63
     7
176
     1
 74
     1
176
     1
 91
        4
176
     1
 64
     7
176
     1
 65
   257
176
     1
 75
     1
176
     1
175
     1
176
     1
 42
1.0
176
     1
 92
        0
176
     1
 66
   257
176
     1
 43
1.0
176
     1
 76
     1
176
     1
 77
     6
176
     1
 78
     2
176
     1
 67
     7
176
     1
 79
     5
176
     1
170
     0
176
     1
171
     0
176
     1
290
     0
176
     1
 93
        1
176
     1
 44
0.0
176
     1
173
     0
176
     1
  0
VISUALSTYLE
  5
F4
102
{ACAD_REACTORS
330
EF
102
}
102
{ACAD_XDICTIONARY
360
26A0
102
}
330
EF
100
AcDbVisualStyle
  2
Basic
 70
     7
177
     2
291
     1
 71
     1
176
     1
 72
     0
176
     1
 73
     1
176
     1
 90
        0
176
     1
 40
0.6
176
     1
 41
30.0
176
     1
 62
     5
 63
     7
421
 16777215
176
     1
 74
     0
176
     1
 91
        4
176
     1
 64
     7
176
     1
 65
   257
176
     1
 75
     1
176
     1
175
     1
176
     1
 42
1.0
176
     1
 92
        8
176
     1
 66
     7
176
     1
 43
1.0
176
     1
 76
     1
176
     1
 77
     6
176
     1
 78
     2
176
     1
 67
     7
176
     1
 79
     5
176
     1
170
     0
176
     1
171
     0
176
     1
290
     0
176
     1
 93
        1
176
     1
 44
0.0
176
     1
173
     0
176
     1
  0
VISUALSTYLE
  5
FB
102
{ACAD_REACTORS
330
EF
102
}
102
{ACAD_XDICTIONARY
360
26A2
102
}
330
EF
100
AcDbVisualStyle
  2
Brighten
 70
    12
177
     2
291
     1
 71
     2
176
     1
 72
     2
176
     1
 73
     1
176
     1
 90
        0
176
     1
 40
0.6
176
     1
 41
30.0
176
     1
 62
     5
 63
     7
421
 16777215
176
     1
 74
     1
176
     1
 91
        4
176
     1
 64
     7
176
     1
 65
   257
176
     1
 75
     1
176
     1
175
     1
176
     1
 42
1.0
176
     1
 92
        8
176
     1
 66
     7
176
     1
 43
1.0
176
     1
 76
     1
176
     1
 77
     6
176
     1
 78
     2
176
     1
 67
     7
176
     1
 79
     5
176
     1
170
     0
176
     1
171
     0
176
     1
290
     0
176
     1
 93
        1
176
     1
 44
50.0
176
     1
173
     0
176
     1
  0
VISUALSTYLE
  5
FF
102
{ACAD_REACTORS
330
EF
102
}
102
{ACAD_XDICTIONARY
360
26A4
102
}
330
EF
100
AcDbVisualStyle
  2
ColorChange
 70
    16
177
     2
291
     1
 71
     2
176
     1
 72
     2
176
     1
 73
     3
176
     1
 90
        0
176
     1
 40
0.6
176
     1
 41
30.0
176
     1
 62
     5
 63
     8
421
  8421504
176
     1
 74
     1
176
     1
 91
        4
176
     1
 64
     7
176
     1
 65
   257
176
     1
 75
     1
176
     1
175
     1
176
     1
 42
1.0
176
     1
 92
        8
176
     1
 66
     8
424
  8421504
176
     1
 43
1.0
176
     1
 76
     1
176
     1
 77
     6
176
     1
 78
     2
176
     1
 67
     7
176
     1
 79
     5
176
     1
170
     0
176
     1
171
     0
176
     1
290
     0
176
     1
 93
        1
176
     1
 44
0.0
176
     1
173
     0
176
     1
  0
VISUALSTYLE
  5
F8
102
{ACAD_REACTORS
330
EF
102
}
102
{ACAD_XDICTIONARY
360
26A6
102
}
330
EF
100
AcDbVisualStyle
  2
Conceptual
 70
     9
177
     2
291
     0
 71
     3
176
     1
 72
     2
176
     1
 73
     1
176
     1
 90
        0
176
     1
 40
0.6
176
     1
 41
30.0
176
     1
 62
     5
 63
     7
421
 16777215
176
     1
 74
     2
176
     1
 91
        2
176
     1
 64
     7
176
     1
 65
   257
176
     1
 75
     1
176
     1
175
     1
176
     1
 42
40.0
176
     1
 92
        8
176
     1
 66
     7
176
     1
 43
1.0
176
     1
 76
     1
176
     1
 77
     6
176
     1
 78
     2
176
     1
 67
     7
176
     1
 79
     3
176
     1
170
     0
176
     1
171
     0
176
     1
290
     0
176
     1
 93
        1
176
     1
 44
0.0
176
     1
173
     0
176
     1
  0
VISUALSTYLE
  5
FA
102
{ACAD_REACTORS
330
EF
102
}
102
{ACAD_XDICTIONARY
360
26A8
102
}
330
EF
100
AcDbVisualStyle
  2
Dim
 70
    11
177
     2
291
     1
 71
     2
176
     1
 72
     2
176
     1
 73
     1
176
     1
 90
        0
176
     1
 40
0.6
176
     1
 41
30.0
176
     1
 62
     5
 63
     7
421
 16777215
176
     1
 74
     1
176
     1
 91
        4
176
     1
 64
     7
176
     1
 65
   257
176
     1
 75
     1
176
     1
175
     1
176
     1
 42
1.0
176
     1
 92
        8
176
     1
 66
     7
176
     1
 43
1.0
176
     1
 76
     1
176
     1
 77
     6
176
     1
 78
     2
176
     1
 67
     7
176
     1
 79
     5
176
     1
170
     0
176
     1
171
     0
176
     1
290
     0
176
     1
 93
        1
176
     1
 44
-50.0
176
     1
173
     0
176
     1
  0
VISUALSTYLE
  5
1E6
102
{ACAD_REACTORS
330
EF
102
}
102
{ACAD_XDICTIONARY
360
26AA
102
}
330
EF
100
AcDbVisualStyle
  2
EdgeColorOff
 70
    22
177
     2
291
     1
 71
     2
176
     0
 72
     2
176
     0
 73
     0
176
     0
 90
        0
176
     0
 40
0.6
176
     0
 41
30.0
176
     0
 62
     5
 63
     7
421
 16777215
176
     0
 74
     1
176
     0
 91
        4
176
     0
 64
     7
176
     0
 65
   257
176
     0
 75
     1
176
     0
175
     1
176
     0
 42
1.0
176
     0
 92
        8
176
     2
 66
     7
176
     0
 43
1.0
176
     0
 76
     1
176
     0
 77
     6
176
     0
 78
     2
176
     0
 67
     7
176
     0
 79
     5
176
     0
170
     0
176
     0
171
     0
176
     0
290
     0
176
     0
 93
        1
176
     0
 44
0.0
176
     0
173
     0
176
     0
  0
VISUALSTYLE
  5
FE
102
{ACAD_REACTORS
330
EF
102
}
102
{ACAD_XDICTIONARY
360
26AC
102
}
330
EF
100
AcDbVisualStyle
  2
Facepattern
 70
    15
177
     2
291
     1
 71
     2
176
     1
 72
     2
176
     1
 73
     1
176
     1
 90
        0
176
     1
 40
0.6
176
     1
 41
30.0
176
     1
 62
     5
 63
     7
421
 16777215
176
     1
 74
     1
176
     1
 91
        4
176
     1
 64
     7
176
     1
 65
   257
176
     1
 75
     1
176
     1
175
     1
176
     1
 42
1.0
176
     1
 92
        8
176
     1
 66
     7
176
     1
 43
1.0
176
     1
 76
     1
176
     1
 77
     6
176
     1
 78
     2
176
     1
 67
     7
176
     1
 79
     5
176
     1
170
     0
176
     1
171
     0
176
     1
290
     0
176
     1
 93
        1
176
     1
 44
0.0
176
     1
173
     0
176
     1
  0
VISUALSTYLE
  5
F0
102
{ACAD_REACTORS
330
EF
102
}
102
{ACAD_XDICTIONARY
360
26AE
102
}
330
EF
100
AcDbVisualStyle
  2
Flat
 70
     0
177
     2
291
     1
 71
     2
176
     1
 72
     1
176
     1
 73
     1
176
     1
 90
        2
176
     1
 40
0.6
176
     1
 41
30.0
176
     1
 62
     5
 63
     7
421
 16777215
176
     1
 74
     0
176
     1
 91
        0
176
     1
 64
     7
176
     1
 65
   257
176
     1
 75
     1
176
     1
175
     1
176
     1
 42
1.0
176
     1
 92
        8
176
     1
 66
     7
176
     1
 43
1.0
176
     1
 76
     1
176
     1
 77
     6
176
     1
 78
     2
176
     1
 67
     7
176
     1
 79
     5
176
     1
170
     0
176
     1
171
     0
176
     1
290
     0
176
     1
 93
       13
176
     1
 44
0.0
176
     1
173
     0
176
     1
  0
VISUALSTYLE
  5
F1
102
{ACAD_REACTORS
330
EF
102
}
102
{ACAD_XDICTIONARY
360
26B0
102
}
330
EF
100
AcDbVisualStyle
  2
FlatWithEdges
 70
     1
177
     2
291
     1
 71
     2
176
     1
 72
     1
176
     1
 73
     1
176
     1
 90
        2
176
     1
 40
0.6
176
     1
 41
30.0
176
     1
 62
     5
 63
     7
421
 16777215
176
     1
 74
     1
176
     1
 91
        0
176
     1
 64
     7
176
     1
 65
   257
176
     1
 75
     1
176
     1
175
     1
176
     1
 42
1.0
176
     1
 92
        0
176
     1
 66
   257
176
     1
 43
1.0
176
     1
 76
     1
176
     1
 77
     6
176
     1
 78
     2
176
     1
 67
     7
176
     1
 79
     5
176
     1
170
     0
176
     1
171
     0
176
     1
290
     0
176
     1
 93
       13
176
     1
 44
0.0
176
     1
173
     0
176
     1
  0
VISUALSTYLE
  5
F2
102
{ACAD_REACTORS
330
EF
102
}
102
{ACAD_XDICTIONARY
360
26B2
102
}
330
EF
100
AcDbVisualStyle
  2
Gouraud
 70
     2
177
     2
291
     1
 71
     2
176
     1
 72
     2
176
     1
 73
     1
176
     1
 90
        2
176
     1
 40
0.6
176
     1
 41
30.0
176
     1
 62
     5
 63
     7
421
 16777215
176
     1
 74
     0
176
     1
 91
        0
176
     1
 64
     7
176
     1
 65
   257
176
     1
 75
     1
176
     1
175
     1
176
     1
 42
1.0
176
     1
 92
        0
176
     1
 66
     7
176
     1
 43
1.0
176
     1
 76
     1
176
     1
 77
     6
176
     1
 78
     2
176
     1
 67
     7
176
     1
 79
     5
176
     1
170
     0
176
     1
171
     0
176
     1
290
     0
176
     1
 93
       13
176
     1
 44
0.0
176
     1
173
     0
176
     1
  0
VISUALSTYLE
  5
F3
102
{ACAD_REACTORS
330
EF
102
}
102
{ACAD_XDICTIONARY
360
26B4
102
}
330
EF
100
AcDbVisualStyle
  2
GouraudWithEdges
 70
     3
177
     2
291
     1
 71
     2
176
     1
 72
     2
176
     1
 73
     1
176
     1
 90
        2
176
     1
 40
0.6
176
     1
 41
30.0
176
     1
 62
     5
 63
     7
421
 16777215
176
     1
 74
     1
176
     1
 91
        0
176
     1
 64
     7
176
     1
 65
   257
176
     1
 75
     1
176
     1
175
     1
176
     1
 42
1.0
176
     1
 92
        0
176
     1
 66
   257
176
     1
 43
1.0
176
     1
 76
     1
176
     1
 77
     6
176
     1
 78
     2
176
     1
 67
     7
176
     1
 79
     5
176
     1
170
     0
176
     1
171
     0
176
     1
290
     0
176
     1
 93
       13
176
     1
 44
0.0
176
     1
173
     0
176
     1
  0
VISUALSTYLE
  5
F7
102
{ACAD_REACTORS
330
EF
102
}
102
{ACAD_XDICTIONARY
360
26B6
102
}
330
EF
100
AcDbVisualStyle
  2
Hidden
 70
     6
177
     2
291
     0
 71
     1
176
     1
 72
     2
176
     1
 73
     2
176
     1
 90
        0
176
     1
 40
0.6
176
     1
 41
30.0
176
     1
 62
     5
 63
     7
421
 16777215
176
     1
 74
     2
176
     1
 91
        2
176
     1
 64
     7
176
     1
 65
   257
176
     1
 75
     2
176
     1
175
     1
176
     1
 42
40.0
176
     1
 92
        0
176
     1
 66
   257
176
     1
 43
1.0
176
     1
 76
     1
176
     1
 77
     6
176
     1
 78
     2
176
     1
 67
     7
176
     1
 79
     3
176
     1
170
     0
176
     1
171
     0
176
     1
290
     0
176
     1
 93
        1
176
     1
 44
0.0
176
     1
173
     0
176
     1
  0
VISUALSTYLE
  5
1E4
102
{ACAD_REACTORS
330
EF
102
}
102
{ACAD_XDICTIONARY
360
26B8
102
}
330
EF
100
AcDbVisualStyle
  2
JitterOff
 70
    20
177
     2
291
     1
 71
     2
176
     0
 72
     2
176
     0
 73
     0
176
     0
 90
        0
176
     0
 40
0.6
176
     0
 41
30.0
176
     0
 62
     5
 63
     7
421
 16777215
176
     0
 74
     1
176
     0
 91
        4
176
     0
 64
     7
176
     0
 65
   257
176
     0
 75
     1
176
     0
175
     1
176
     0
 42
1.0
176
     0
 92
       10
176
     2
 66
     7
176
     0
 43
1.0
176
     0
 76
     1
176
     0
 77
     6
176
     0
 78
     2
176
     0
 67
     7
176
     0
 79
     5
176
     0
170
     0
176
     0
171
     0
176
     0
290
     0
176
     0
 93
        1
176
     0
 44
0.0
176
     0
173
     0
176
     0
  0
VISUALSTYLE
  5
FD
102
{ACAD_REACTORS
330
EF
102
}
102
{ACAD_XDICTIONARY
360
26BA
102
}
330
EF
100
AcDbVisualStyle
  2
Linepattern
 70
    14
177
     2
291
     1
 71
     2
176
     1
 72
     2
176
     1
 73
     1
176
     1
 90
        0
176
     1
 40
0.6
176
     1
 41
30.0
176
     1
 62
     5
 63
     7
421
 16777215
176
     1
 74
     1
176
     1
 91
        4
176
     1
 64
     7
176
     1
 65
   257
176
     1
 75
     7
176
     1
175
     7
176
     1
 42
1.0
176
     1
 92
        8
176
     1
 66
     7
176
     1
 43
1.0
176
     1
 76
     1
176
     1
 77
     6
176
     1
 78
     2
176
     1
 67
     7
176
     1
 79
     5
176
     1
170
     0
176
     1
171
     0
176
     1
290
     0
176
     1
 93
        1
176
     1
 44
0.0
176
     1
173
     0
176
     1
  0
VISUALSTYLE
  5
1E5
102
{ACAD_REACTORS
330
EF
102
}
102
{ACAD_XDICTIONARY
360
26BC
102
}
330
EF
100
AcDbVisualStyle
  2
OverhangOff
 70
    21
177
     2
291
     1
 71
     2
176
     0
 72
     2
176
     0
 73
     0
176
     0
 90
        0
176
     0
 40
0.6
176
     0
 41
30.0
176
     0
 62
     5
 63
     7
421
 16777215
176
     0
 74
     1
176
     0
 91
        4
176
     0
 64
     7
176
     0
 65
   257
176
     0
 75
     1
176
     0
175
     1
176
     0
 42
1.0
176
     0
 92
        9
176
     2
 66
     7
176
     0
 43
1.0
176
     0
 76
     1
176
     0
 77
     6
176
     0
 78
     2
176
     0
 67
     7
176
     0
 79
     5
176
     0
170
     0
176
     0
171
     0
176
     0
290
     0
176
     0
 93
        1
176
     0
 44
0.0
176
     0
173
     0
176
     0
  0
VISUALSTYLE
  5
F9
102
{ACAD_REACTORS
330
EF
102
}
102
{ACAD_XDICTIONARY
360
26BE
102
}
330
EF
100
AcDbVisualStyle
  2
Realistic
 70
     8
177
     2
291
     0
 71
     2
176
     1
 72
     3
176
     1
 73
     0
176
     1
 90
        2
176
     1
 40
0.6
176
     1
 41
30.0
176
     1
 62
     5
 63
     7
421
 16777215
176
     1
 74
     0
176
     1
 91
        0
176
     1
 64
     7
176
     1
 65
   257
176
     1
 75
     1
176
     1
175
     1
176
     1
 42
1.0
176
     1
 92
        8
176
     1
 66
   257
176
     1
 43
1.0
176
     1
 76
     1
176
     1
 77
     6
176
     1
 78
     2
176
     1
 67
     7
176
     1
 79
     3
176
     1
170
     0
176
     1
171
     0
176
     1
290
     0
176
     1
 93
       13
176
     1
 44
0.0
176
     1
173
     0
176
     1
  0
VISUALSTYLE
  5
1F3
102
{ACAD_REACTORS
330
EF
102
}
102
{ACAD_XDICTIONARY
360
26C0
102
}
330
EF
100
AcDbVisualStyle
  2
Shaded
 70
    27
177
     2
291
     0
 71
     2
176
     1
 72
     2
176
     1
 73
     1
176
     1
 90
        2
176
     1
 40
0.6
176
     1
 41
30.0
176
     1
 62
     5
 63
     7
421
 16777215
176
     1
 74
     0
176
     1
 91
        4
176
     1
 64
     7
176
     1
 65
   257
176
     1
 75
     1
176
     1
175
     1
176
     1
 42
1.0
176
     1
 92
        8
176
     1
 66
   257
176
     1
 43
1.0
176
     1
 76
     1
176
     1
 77
     6
176
     1
 78
     2
176
     1
 67
     8
425
  7895160
176
     1
 79
     3
176
     1
170
     0
176
     1
171
     0
176
     1
290
     0
176
     1
 93
        5
176
     1
 44
0.0
176
     1
173
     0
176
     1
  0
VISUALSTYLE
  5
1F2
102
{ACAD_REACTORS
330
EF
102
}
102
{ACAD_XDICTIONARY
360
26C2
102
}
330
EF
100
AcDbVisualStyle
  2
Shaded with edges
 70
    26
177
     2
291
     0
 71
     2
176
     1
 72
     2
176
     1
 73
     1
176
     1
 90
        2
176
     1
 40
0.6
176
     1
 41
30.0
176
     1
 62
     5
 63
     7
421
 16777215
176
     1
 74
     1
176
     1
 91
       10
176
     1
 64
     7
176
     1
 65
   257
176
     1
 75
     2
176
     1
175
     1
176
     1
 42
1.0
176
     1
 92
        8
176
     1
 66
   257
176
     1
 43
1.0
176
     1
 76
     1
176
     1
 77
     6
176
     1
 78
     2
176
     1
 67
     7
176
     1
 79
     3
176
     1
170
     0
176
     1
171
     0
176
     1
290
     0
176
     1
 93
        5
176
     1
 44
0.0
176
     1
173
     0
176
     1
  0
VISUALSTYLE
  5
1EF
102
{ACAD_REACTORS
330
EF
102
}
102
{ACAD_XDICTIONARY
360
26C4
102
}
330
EF
100
AcDbVisualStyle
  2
Shades of Gray
 70
    23
177
     2
291
     0
 71
     2
176
     1
 72
     2
176
     1
 73
     3
176
     1
 90
        0
176
     1
 40
0.6
176
     1
 41
30.0
176
     1
 62
     5
 63
     7
421
 16777215
176
     1
 74
     2
176
     1
 91
        2
176
     1
 64
     7
176
     1
 65
     7
176
     1
 75
     1
176
     1
175
     1
176
     1
 42
40.0
176
     1
 92
        8
176
     1
 66
     7
176
     1
 43
1.0
176
     1
 76
     1
176
     1
 77
     6
176
     1
 78
     2
176
     1
 67
     7
176
     1
 79
     3
176
     1
170
     0
176
     1
171
     0
176
     1
290
     0
176
     1
 93
        1
176
     1
 44
0.0
176
     1
173
     0
176
     1
  0
VISUALSTYLE
  5
1F0
102
{ACAD_REACTORS
330
EF
102
}
102
{ACAD_XDICTIONARY
360
26C6
102
}
330
EF
100
AcDbVisualStyle
  2
Sketchy
 70
    24
177
     2
291
     0
 71
     1
176
     1
 72
     2
176
     1
 73
     2
176
     1
 90
        0
176
     1
 40
0.6
176
     1
 41
30.0
176
     1
 62
     5
 63
     7
421
 16777215
176
     1
 74
     2
176
     1
 91
        2
176
     1
 64
     7
176
     1
 65
     7
176
     1
 75
     1
176
     1
175
     1
176
     1
 42
40.0
176
     1
 92
       11
176
     1
 66
     7
176
     1
 43
1.0
176
     1
 76
     1
176
     1
 77
     6
176
     1
 78
     2
176
     1
 67
     7
176
     1
 79
     6
176
     1
170
     0
176
     1
171
     0
176
     1
290
     0
176
     1
 93
        1
176
     1
 44
0.0
176
     1
173
     0
176
     1
  0
VISUALSTYLE
  5
FC
102
{ACAD_REACTORS
330
EF
102
}
102
{ACAD_XDICTIONARY
360
26C8
102
}
330
EF
100
AcDbVisualStyle
  2
Thicken
 70
    13
177
     2
291
     1
 71
     2
176
     1
 72
     2
176
     1
 73
     1
176
     1
 90
        0
176
     1
 40
0.6
176
     1
 41
30.0
176
     1
 62
     5
 63
     7
421
 16777215
176
     1
 74
     1
176
     1
 91
        4
176
     1
 64
     7
176
     1
 65
   257
176
     1
 75
     1
176
     1
175
     1
176
     1
 42
1.0
176
     1
 92
       12
176
     1
 66
     7
176
     1
 43
1.0
176
     1
 76
     1
176
     1
 77
     6
176
     1
 78
     2
176
     1
 67
     7
176
     1
 79
     5
176
     1
170
     0
176
     1
171
     0
176
     1
290
     0
176
     1
 93
        1
176
     1
 44
0.0
176
     1
173
     0
176
     1
  0
VISUALSTYLE
  5
F6
102
{ACAD_REACTORS
330
EF
102
}
102
{ACAD_XDICTIONARY
360
26CA
102
}
330
EF
100
AcDbVisualStyle
  2
Wireframe
 70
     5
177
     2
291
     0
 71
     0
176
     1
 72
     2
176
     1
 73
     0
176
     1
 90
        0
176
     1
 40
0.6
176
     1
 41
30.0
176
     1
 62
     5
 63
     7
421
 16777215
176
     1
 74
     1
176
     1
 91
        4
176
     1
 64
     7
176
     1
 65
   257
176
     1
 75
     1
176
     1
175
     1
176
     1
 42
1.0
176
     1
 92
        0
176
     1
 66
   257
176
     1
 43
1.0
176
     1
 76
     1
176
     1
 77
     6
176
     1
 78
     2
176
     1
 67
     7
176
     1
 79
     3
176
     1
170
     0
176
     1
171
     0
176
     1
290
     0
176
     1
 93
        1
176
     1
 44
0.0
176
     1
173
     0
176
     1
  0
VISUALSTYLE
  5
1F1
102
{ACAD_REACTORS
330
EF
102
}
102
{ACAD_XDICTIONARY
360
26CC
102
}
330
EF
100
AcDbVisualStyle
  2
X-Ray
 70
    25
177
     2
291
     0
 71
     2
176
     1
 72
     2
176
     1
 73
     1
176
     1
 90
        1
176
     1
 40
0.5
176
     1
 41
30.0
176
     1
 62
     5
 63
     7
421
 16777215
176
     1
 74
     1
176
     1
 91
        0
176
     1
 64
     7
176
     1
 65
   257
176
     1
 75
     1
176
     1
175
     1
176
     1
 42
1.0
176
     1
 92
        8
176
     1
 66
     7
176
     1
 43
1.0
176
     1
 76
     1
176
     1
 77
     6
176
     1
 78
     2
176
     1
 67
     7
176
     1
 79
     3
176
     1
170
     0
176
     1
171
     0
176
     1
290
     0
176
     1
 93
       13
176
     1
 44
0.0
176
     1
173
     0
176
     1
  0
DICTIONARYVAR
  5
146
102
{ACAD_REACTORS
330
5E
102
}
330
5E
100
DictionaryVariables
280
     0
  1
1:1
  0
DICTIONARYVAR
  5
145
102
{ACAD_REACTORS
330
5E
102
}
330
5E
100
DictionaryVariables
280
     0
  1
Standard
  0
DICTIONARYVAR
  5
84
102
{ACAD_REACTORS
330
5E
102
}
330
5E
100
DictionaryVariables
280
     0
  1
Standard
  0
DICTIONARYVAR
  5
227
102
{ACAD_REACTORS
330
5E
102
}
330
5E
100
DictionaryVariables
280
     0
  1
Metric50
  0
DICTIONARYVAR
  5
228
102
{ACAD_REACTORS
330
5E
102
}
330
5E
100
DictionaryVariables
280
     0
  1
Metric50
  0
DICTIONARYVAR
  5
5F
102
{ACAD_REACTORS
330
5E
102
}
330
5E
100
DictionaryVariables
280
     0
  1
2
  0
DICTIONARYVAR
  5
63
102
{ACAD_REACTORS
330
5E
102
}
330
5E
100
DictionaryVariables
280
     0
  1
1
  0
DICTIONARYVAR
  5
4D2
102
{ACAD_REACTORS
330
5E
102
}
330
5E
100
DictionaryVariables
280
     0
  1
HATCH
  0
DICTIONARYVAR
  5
1AE
102
{ACAD_REACTORS
330
5E
102
}
330
5E
100
DictionaryVariables
280
     0
  1
0
  0
DICTIONARYVAR
  5
1AF
102
{ACAD_REACTORS
330
5E
102
}
330
5E
100
DictionaryVariables
280
     0
  1
0
  0
DICTIONARYVAR
  5
259
102
{ACAD_REACTORS
330
5E
102
}
330
5E
100
DictionaryVariables
280
     0
  1
0
  0
XRECORD
  5
F42
102
{ACAD_REACTORS
330
F41
102
}
102
{ACAD_XDICTIONARY
360
F43
102
}
330
F41
100
AcDbXrecord
280
     1
  1
AcLyLayerFilter
 90
        1
300
Wszystkie warstwy poza odnośnikami
301

  0
DICTIONARY
  5
12FF
330
21C
100
AcDbDictionary
280
     1
281
     1
  3
ACAD_XREC_ROUNDTRIP
360
269A
  0
DICTIONARY
  5
205
330
22
100
AcDbDictionary
280
     1
281
     1
  0
DICTIONARY
  5
1F9
330
ED
100
AcDbDictionary
280
     1
281
     1
  3
FBXASSET
360
1FA
  0
DICTIONARY
  5
1F7
330
EC
100
AcDbDictionary
280
     1
281
     1
  3
FBXASSET
360
1F8
  0
DICTIONARY
  5
173
330
EE
100
AcDbDictionary
280
     1
281
     1
  3
FBXASSET
360
1FB
  0
DICTIONARY
  5
1301
330
21A
100
AcDbDictionary
280
     1
281
     1
  3
ACAD_XREC_ROUNDTRIP
360
269B
  0
DICTIONARY
  5
269C
330
7F
100
AcDbDictionary
280
     1
281
     1
  3
ACAD_ROUNDTRIP_2008_TABLESTYLE_CELLSTYLEMAP
360
269D
  0
DICTIONARY
  5
269E
330
F5
100
AcDbDictionary
280
     1
281
     1
  3
ACAD_XREC_ROUNDTRIP
360
269F
  0
DICTIONARY
  5
1DF9
330
1DF8
100
AcDbDictionary
280
     1
281
     1
  3
ACAD_XREC_ROUNDTRIP
360
26CE
  0
DICTIONARY
  5
1DFB
330
1DFA
100
AcDbDictionary
280
     1
281
     1
  3
ACAD_XREC_ROUNDTRIP
360
26CF
  0
DICTIONARY
  5
26A0
330
F4
100
AcDbDictionary
280
     1
281
     1
  3
ACAD_XREC_ROUNDTRIP
360
26A1
  0
DICTIONARY
  5
26A2
330
FB
100
AcDbDictionary
280
     1
281
     1
  3
ACAD_XREC_ROUNDTRIP
360
26A3
  0
DICTIONARY
  5
26A4
330
FF
100
AcDbDictionary
280
     1
281
     1
  3
ACAD_XREC_ROUNDTRIP
360
26A5
  0
DICTIONARY
  5
26A6
330
F8
100
AcDbDictionary
280
     1
281
     1
  3
ACAD_XREC_ROUNDTRIP
360
26A7
  0
DICTIONARY
  5
26A8
330
FA
100
AcDbDictionary
280
     1
281
     1
  3
ACAD_XREC_ROUNDTRIP
360
26A9
  0
DICTIONARY
  5
26AA
330
1E6
100
AcDbDictionary
280
     1
281
     1
  3
ACAD_XREC_ROUNDTRIP
360
26AB
  0
DICTIONARY
  5
26AC
330
FE
100
AcDbDictionary
280
     1
281
     1
  3
ACAD_XREC_ROUNDTRIP
360
26AD
  0
DICTIONARY
  5
26AE
330
F0
100
AcDbDictionary
280
     1
281
     1
  3
ACAD_XREC_ROUNDTRIP
360
26AF
  0
DICTIONARY
  5
26B0
330
F1
100
AcDbDictionary
280
     1
281
     1
  3
ACAD_XREC_ROUNDTRIP
360
26B1
  0
DICTIONARY
  5
26B2
330
F2
100
AcDbDictionary
280
     1
281
     1
  3
ACAD_XREC_ROUNDTRIP
360
26B3
  0
DICTIONARY
  5
26B4
330
F3
100
AcDbDictionary
280
     1
281
     1
  3
ACAD_XREC_ROUNDTRIP
360
26B5
  0
DICTIONARY
  5
26B6
330
F7
100
AcDbDictionary
280
     1
281
     1
  3
ACAD_XREC_ROUNDTRIP
360
26B7
  0
DICTIONARY
  5
26B8
330
1E4
100
AcDbDictionary
280
     1
281
     1
  3
ACAD_XREC_ROUNDTRIP
360
26B9
  0
DICTIONARY
  5
26BA
330
FD
100
AcDbDictionary
280
     1
281
     1
  3
ACAD_XREC_ROUNDTRIP
360
26BB
  0
DICTIONARY
  5
26BC
330
1E5
100
AcDbDictionary
280
     1
281
     1
  3
ACAD_XREC_ROUNDTRIP
360
26BD
  0
DICTIONARY
  5
26BE
330
F9
100
AcDbDictionary
280
     1
281
     1
  3
ACAD_XREC_ROUNDTRIP
360
26BF
  0
DICTIONARY
  5
26C0
330
1F3
100
AcDbDictionary
280
     1
281
     1
  3
ACAD_XREC_ROUNDTRIP
360
26C1
  0
DICTIONARY
  5
26C2
330
1F2
100
AcDbDictionary
280
     1
281
     1
  3
ACAD_XREC_ROUNDTRIP
360
26C3
  0
DICTIONARY
  5
26C4
330
1EF
100
AcDbDictionary
280
     1
281
     1
  3
ACAD_XREC_ROUNDTRIP
360
26C5
  0
DICTIONARY
  5
26C6
330
1F0
100
AcDbDictionary
280
     1
281
     1
  3
ACAD_XREC_ROUNDTRIP
360
26C7
  0
DICTIONARY
  5
26C8
330
FC
100
AcDbDictionary
280
     1
281
     1
  3
ACAD_XREC_ROUNDTRIP
360
26C9
  0
DICTIONARY
  5
26CA
330
F6
100
AcDbDictionary
280
     1
281
     1
  3
ACAD_XREC_ROUNDTRIP
360
26CB
  0
DICTIONARY
  5
26CC
330
1F1
100
AcDbDictionary
280
     1
281
     1
  3
ACAD_XREC_ROUNDTRIP
360
26CD
  0
DICTIONARY
  5
F43
330
F42
100
AcDbDictionary
280
     1
281
     1
  3
ACLYDICTIONARY
360
F44
  0
XRECORD
  5
269A
102
{ACAD_REACTORS
330
12FF
102
}
330
12FF
100
AcDbXrecord
280
     1
102
DISPLAYNAME
  1
Metric50
102
FLAGS
 90
        0
  0
XRECORD
  5
1FA
102
{ACAD_REACTORS
330
1F9
102
}
330
1F9
100
AcDbXrecord
280
     1
 70
     1
 90
429727718
  1
D62C5603-E3A1-4AEA-B7FB-FE5D8D0755AF
310
504B03040A0000080000CC70623B3DEE336E79000000790000001B0000006175746F6465736B2D64657369676E2D7061636B6167652E786D6C3C3F786D6C2076657273696F6E3D22312E302220656E636F64696E673D227574662D3822203F3E3C666F726D6174733E3C666F726D61743E687474703A2F2F736368656D612E
310
6175746F6465736B2E636F6D2F64657369676E2D7061636B6167652F323030393C2F666F726D61743E3C2F666F726D6174733E504B0304140006080800CC70623BD486FD9CA0000000F4000000130000005B436F6E74656E745F54797065735D2E786D6C7D8EC10E82300C865F65E91D8A1E8C310C0EEA1BF002731658846E
310
D98AC1B77784ABF1D8FE5FBFBF75BBCE937A534CCEB38643598122B6FEE978D0B0485F9C41B54DDD7D022595594E1A469170414C76A4D9A4D207E29CF43ECE46F218070CC6BECC4078ACAA135ACF422C856C0E68EA1BF5669944DDD7BCDE7B1F8E415D77AECB980613C2E4AC91FC167A2B244592486606FC29C8FD7F045B9A
310
EF7053A7E60B504B0304140006080800CC70623B853B8169EB0000007C01000008000000636F72652E786D6C8D90416EC3201045AF62CDB6C206821CC7C244919D9CA01740401C94182C03558F5F9C3852BBEB6A467FFE9B197D7EFC9E1EC5975982F5AE035262288C535E5B377690E21535501C055FBC8FBF6C503839990E
310
5619041F179FE64D52DE45E362569DD7661365082642A11EB9E920A89B99642953CC8E702F67A9EE7234257977194EC9EAE275C4EABCCF5EAD5940D4AC6F0E35A568B8F43562CD7046CD199FD07E60174276A7BE677B5EADB0E0D14EEFFB6A31321A0D82627C4084204C3F096B71DD52F6819B16635EADF63F509AF53FA164
310
5DDCD1EDDD17164090FCC8732078B56691CB33A85CD7DCC40F504B0304140006080800CC70623B55019EA25F0000007C00000007000000636E782E786D6C4DCB3B0E80201045D1AD90E915ED2CF8AC45050C11660C8261F98AB1B07AC9C97D42D718D865D3E909258CFD00CCE24AC6E326A164D74DC0B4128928FF32603847
310
2BA13128B1252AC747C6BAB984FC68F0B87FE8960A5C09FE86CFB69FBA01504B0304140006080800CC70623BDBABAAF470010000D40300000C0000006662782F636F72652E786D6CC553D16E823014FD95A6AF4B694182CC941A83FA05FB810A9511A125A5257EFE2E82712ECEB8A7F100CD39F7F69E734AF9FADC366850B6
310
AF8DCE7018308C942E4C59EB2AC3DE1D498AD15A706B8CFB56869196ADCAF00863C12B6B7C374385D14E6907A836A59A41D9F7CA615434B0C8705F7CAA5606D23BA8E84F41278B93AC54100640439DE0BDB320004D43C63716C7C399D30917DCFBBA9CD9BA8469F5B156168B24CED3F7248AC8769F27244EB73B92EED8862C
310
B7F13E0C179B3C8F979C8ECD82BBBABDAA2BAC924E9558448CBD9330242CFA08E3154B5651FCC6D215639C8EE5774DBE2B5F6CF2B5768B68963BB5F5588420E442FC700B1139D4CB01F450C1E918227C2E09DF070D8140C84E1E9AAB8F1340832A9CB13130A5F1376A908D57309505ECF2A0DF179C4E9D30F5B239B87E3823
310
7A79C6F31DE1A8A5AEC08474B03C7837EAE4938639B44E5932B833D2C6B6B279CDC613877FA26EE21F4A2A4C63EC7F29A2F301D1F9F7A0E37D145F504B0304140006080800CC70623B9C113CC27E0000009D0000000B0000006662782F636E782E786D6C4DCCDF0A83201C86E15B91DFB94BFB330DD428C8FB886521330DA7
310
6397BF1A1DECE883878F57749FCDA1B7892F1BBC047A23808C7F84D9FA55424E0BE6803A256208E9EF06C84F9B91703228B1C690F78B66B34CD9A5439DF5CF0BFBF65E35BCA1B8D6A5C6F540381E886698B5741C695F9503EBA150A2F8958E3DC3EA0B504B0304140006080800CC70623B7DF2F77C2A010000120200003100
310
00006662782F41393633353835312D344632462D344230382D423046372D3739314545314133324237412F636F72652E786D6C8D51DB8EC22014FC15C2939B0D2DB4B45643319AE817EC0F6041255A68B86CFCFC856D4D76DF7CE190393373060EDB3DC707F856CE6B6B7A480A0C81328395DA5C7B18C3057510EC3873D686
310
3F34088C18550F330C39BB3A1BA7051AAC09CA84841A2BD5020AEF55806078A44B0FFD7053A328440C89E1EFC52486BBB8AA8214A99D789CF9E05200300FC927E4FB4D5B375D43103D5527440FB843077C5AA3F5861C8F645F5787F59E95B390B318B55CE45AA638FAA2957BD7248B390B7A7CC51F9C124149C82B8C378810
310
84AB2F42B7B8DD56F413775B8C5999E9FF4471926F8AA236A1AE96B8B3CC434E5839373893369E1FAF30EA395917409EB7F26AF8801C171837A4A6AC9C89E9F9C9B1A58BA30FD6A5EF5DDDCF894B9AD9B6A59C957943A9FCAE2FD5BC4DFE03504B0304140006080800CC70623BAD7543B64E01000033030000300000006662
310
782F41393633353835312D344632462D344230382D423046372D3739314545314133324237412F636E782E786D6CD593CD6EC32010845F0571AD6CE3D48AD20813A9873E410FBD12D82434182C7EAAE6EDBB2424CD25871E7B41D6EC30B3FA84F9E67BB2E40B4234DE8DB46F1925E094D7C6ED479AD3AE5951B2113C789FEE
310
6C943839C1488B4C05DF079FE72A69D8C96C13AAD6B8631503449F83828872B949AC57D26200B826A308D316B4064D6E46FCDA41C05550DC9E483A00797BFD207EFB092A45DE9514C1BBD22178396BD39D891265658C238DEA00936C654E5E433CB65A26D9F6EDB5EBC14EBF49A45CB856E66048291F6939A9A81BB5C89177
310
38143CA680F4AA299D66A042CEB3354A2684DC9D8D178FE0D9B8B41CAAD720F880EE7EF93C0C18769E099ECC04D5A102C8049A8A05632F4DDF376CF1DE0F6BB65C2F8627B65A33C6BB62177CEBBDAD973006829F89F22E814B54F4BC2BE347F8AA8F681390B50FA73F804400B5F542E796F19FF974E7F78DB802FE05E20750
310
4B0304140006080800CC70623BE75B7789680500003C100000340000006662782F41393633353835312D344632462D344230382D423046372D3739314545314133324237412F6F626A656374732E786D6CAD575B8F9B3818FD2B887D06C22499CB8AA1CA655245D5B455A356FB305264C061D8018C6C3393D95FBFC7600890
310
A4CD5EF210B0B1BFEBF98E3F7B1FF6596ABC522E1296DF9BAE3D320D9A872C4AF2F8DE2CE5CEBA358D0FBEC719939D65A691938CDE9B6ADAF4BD98B3B2D05311DD91329583D9D5FC0F438434A7A611A644887B5384CF34233629258BA878B12322891DEFF6B66BD70BFB62634E8AE781D082709A4B588AF91C528CDA28B73F
310
1C998EEF39EABBEFA97FBD6A7C7E9553F9D3D79FE442923C3C523610337627CB87ABE99D359D4CC6D6E4FACAB5E6ABF9D2726FC6A3C5F56271377BB88362213924694B38DD99FE47C48627A1E7D49F5A8BB5E1A74C0A599ED3B0F21F1E56366B89112D681E218F0915D0D6F17AD41FBA2A369DCF6335D62ABBD39779D5DDD1
310
11D4D8DE3CBB96B2E04FB8202E41051754A1AA8E8F76B4C6DFE810B580B1547F4B84911149794252234D024EF8BBE963A95AE27B3D310A9D5C215C7960FAEE415ED75694C6AFB17BCACA5D99A60A9AA65F217B0BFC53292ACB92BF283FAD0D3621576592CB5BED907C2FA8E9DF794E35E97BEA31BED21FEB401ABB94C44839
310
DCACBF0E1C5DA8DA5B2F4DFFD32AD86F543D9E565E7056502E157C00AD2671CD534549AB752FCA9CDA00677A313F04E51B22FF19E57B300579E3C97EB29F682D92935CEC18CF901B7B54FD8C51F362B56FC72FE0B3C1EAE335EDCCBF5AEC39ADB17DC238973F804BA5E6F6BFE7AF1FB32E523BE9F3BD571418E3631DCA4D48
310
5250CF639223210A9446CA30052EDF057BD35F8329C1ECD84552BF0DC8D18BE7BCE23BFE6BD960AB4A7DE79923A103BEBD80F911CBAA2C60DB19B01CF164A5583B772EE6D3FFA56666CBCDA74DC97724A48F9A58967497E489C4D979006FD7A05E227A1EBDD0F737C623387A9C844D3709995625106D157315F8B8392CD4E0
310
A0B9A720C4BE9829CEF37EA1E13111214D53925356365ADA634861B52519DD27A00AEB808EAF0628E6F435519D446F45CF2C9CF5214F0A15B2F6D06B79DA3EE3CBF7F56780D2F4E7EF73A0F5E5B02A38D07DC852C6B7C1FBB6664213E0C39E3EBA7FF4E1AD23EA2829407C85E586727488B751B2DB9502BC7B228A3FD68B6E
310
A65A22397E690AA8D158D7E404EC8CDA235CC3B7D1898680131CEC2CDF2638C65196279577750F15884AEE19F94199155B92B13297978469D4F8D358DF0AEF7631E28DC8F0D9F437D5D39A83B2231A1D52D543813A824EF8D44BCFF2FA6A31BD1E8DAD87F1CCB526B3879935BF59CDADD5C37479BB1CDD4CA7B3556B516589
310
EF352754B706114D9C885EC9131DE6EFEB43D99AFE2391C2F958179413D7CFEF6B1B6DB1E7600F00DE6E5C67454A339A4BA2E0FBA85ED26F045D454F463DBFCE484C2F90F2E5E3666003662ED8F755951A7D1BECD5B30B550B2785C8E7320B7292A4838DDA71BBC863ED7613CAF659337A3354231D4FF4A182A54904C2898C
310
98B28C4AD0CE056CCF332A80986E571EE9DBC305BB5FEB7E509220A58D25CF042D712A806AC0AD0C657FDEF80D2D9CEAA2EE4D1C76F60BFE74219A06527D6F82DF6412526107381E55E353090704D085B52408A8913C4ED159D79BDA71BB4BC506F4831350EB6F975CD22D69BF7AC49B91A2C0A9DDA3D5CA36AD20FC478E37
310
E61844E2352865EBCB61A275A65283CAAA9DD27703B4102F5AF51EF5F573B75CBB5AD38BC845F7A49F82A0966A49C2E3EA5EA0ECD326CD965F1DB402C6FA8B51A4658C5C5E2EC9E214602E55810345408596591009A82E7E7FFACA19EEA299B14A0081A705CB3296EBC14CDF658DCD336EA6D1136881AAEB87B81AB9EE53D5
310
F5EB8BC8362082DA24122F98680A4E7930C01A0079749CEA14382A0783E5EBA5A10F8C098456A03D6A4AEB6BB881E2513747552A5DB22C7EDAF83BD5528081A365F7FF06504B0304140006080000CC70623B000000000000000000000000350000006662782F41393633353835312D344632462D344230382D423046372D37
310
39314545314133324237412F76657274696365732E62696E504B0304140006080800CC70623BF270F1330600000004000000360000006662782F41393633353835312D344632462D344230382D423046372D3739314545314133324237412F747269616E676C65732E62696E636660600000504B0304140006080000CC7062
310
3B000000000000000000000000370000006662782F41393633353835312D344632462D344230382D423046372D3739314545314133324237412F617474726962757465732E62696E504B0304140006080800CC70623B08DA0BD19000000041010000360000006662782F41393633353835312D344632462D344230382D4230
310
46372D3739314545314133324237412F6469726563746F72792E786D6C858F410AC3201045AF22B36F53E9A60B35CBEEBAE80D244E44489C6234F4F835464A48035D0DF398FF9F8AF63D0E6CC63039F212F8F9020C7D47C6792B21C5FE7403D62A1188E2E60C98D7234A5830286103A55745067B9D86B8A3CF9C7F90C11DE6
310
07FB144396D7B6A82D282E9A152AD114D5EF2CB866EEE831B8EEA07A7BB5A8D7D61A2BAAEB7FD5F70921FF497D00504B0304140006080800CC70623BEDD1DC58FD000000A00100003B0000006662782F41393633353835312D344632462D344230382D423046372D3739314545314133324237412F7265736F75726365732F
310
636F72652E786D6C8D504B6E833010BD0A9A6D65B00922041947112427E8052C33A156828DFCA97AFC9A40A576D7CDCCE87D344F8F9FBFE667F689CE6B6B3A6039850C8DB2A336530731DC4903D95970676DF82583CCC8193B5861107C72362E3BA4AC096842428D1D7107A5F7182053CF7474E0D507CE32973124857FE48B
310
540F3961CEF244279DE03EB81420DB9EAC1384436FA353E879B1B182C7A8C75DA3C7F453DF353A1075D537A7BA6464B8F535A99AE14A9A2BBD90E350DD183B5CFABE3AF262350B1EF4FC9351399401471025A527C218A1E53BAB5A5AB765F5469B96525EACF23FA6B88CFF34456DC2A1DCE36E360F82A5202F42F062ED2BAD
310
579969AFDD8A6F504B010214000A0000080000CC70623B3DEE336E79000000790000001B00000000000000000000000000000000006175746F6465736B2D64657369676E2D7061636B6167652E786D6C504B01021400140006080800CC70623BD486FD9CA0000000F40000001300000000000000000000000000B20000005B
310
436F6E74656E745F54797065735D2E786D6C504B01021400140006080800CC70623B853B8169EB0000007C010000080000000000000000000000000083010000636F72652E786D6C504B01021400140006080800CC70623B55019EA25F0000007C000000070000000000000000000000000094020000636E782E786D6C504B
310
01021400140006080800CC70623BDBABAAF470010000D40300000C00000000000000000000000000180300006662782F636F72652E786D6C504B01021400140006080800CC70623B9C113CC27E0000009D0000000B00000000000000000000000000B20400006662782F636E782E786D6C504B01021400140006080800CC70
310
623B7DF2F77C2A010000120200003100000000000000000000000000590500006662782F41393633353835312D344632462D344230382D423046372D3739314545314133324237412F636F72652E786D6C504B01021400140006080800CC70623BAD7543B64E010000330300003000000000000000000000000000D2060000
310
6662782F41393633353835312D344632462D344230382D423046372D3739314545314133324237412F636E782E786D6C504B01021400140006080800CC70623BE75B7789680500003C10000034000000000000000000000000006E0800006662782F41393633353835312D344632462D344230382D423046372D3739314545
310
314133324237412F6F626A656374732E786D6C504B01021400140006080000CC70623B0000000000000000000000003500000000000000000000000000280E00006662782F41393633353835312D344632462D344230382D423046372D3739314545314133324237412F76657274696365732E62696E504B01021400140006
310
080800CC70623BF270F133060000000400000036000000000000000000000000007B0E00006662782F41393633353835312D344632462D344230382D423046372D3739314545314133324237412F747269616E676C65732E62696E504B01021400140006080000CC70623B0000000000000000000000003700000000000000
310
000000000000D50E00006662782F41393633353835312D344632462D344230382D423046372D3739314545314133324237412F617474726962757465732E62696E504B01021400140006080800CC70623B08DA0BD1900000004101000036000000000000000000000000002A0F00006662782F41393633353835312D344632
310
462D344230382D423046372D3739314545314133324237412F6469726563746F72792E786D6C504B01021400140006080800CC70623BEDD1DC58FD000000A00100003B000000000000000000000000000E1000006662782F41393633353835312D344632462D344230382D423046372D3739314545314133324237412F7265
310
736F75726365732F636F72652E786D6C504B0506000000000E000E0080040000641100000000
  0
XRECORD
  5
1F8
102
{ACAD_REACTORS
330
1F7
102
}
330
1F7
100
AcDbXrecord
280
     1
 70
     1
 90
429727718
  1
30362254-06B7-45E0-A893-8CFA70E3D6BC
310
504B03040A0000080000CC70623B3DEE336E79000000790000001B0000006175746F6465736B2D64657369676E2D7061636B6167652E786D6C3C3F786D6C2076657273696F6E3D22312E302220656E636F64696E673D227574662D3822203F3E3C666F726D6174733E3C666F726D61743E687474703A2F2F736368656D612E
310
6175746F6465736B2E636F6D2F64657369676E2D7061636B6167652F323030393C2F666F726D61743E3C2F666F726D6174733E504B0304140006080800CC70623BD486FD9CA0000000F4000000130000005B436F6E74656E745F54797065735D2E786D6C7D8EC10E82300C865F65E91D8A1E8C310C0EEA1BF002731658846E
310
D98AC1B77784ABF1D8FE5FBFBF75BBCE937A534CCEB38643598122B6FEE978D0B0485F9C41B54DDD7D022595594E1A469170414C76A4D9A4D207E29CF43ECE46F218070CC6BECC4078ACAA135ACF422C856C0E68EA1BF5669944DDD7BCDE7B1F8E415D77AECB980613C2E4AC91FC167A2B244592486606FC29C8FD7F045B9A
310
EF7053A7E60B504B0304140006080800CC70623B1EC5D7A3EB0000007C01000008000000636F72652E786D6C8D90416EC3201045AF82665B6103C6756C6122AB4D4ED00B204C5C94182C03558F5F9C3852BBEB6A467FFE9B197D71FC9E6FE8CBACC17AD7032D0820E3B41FAD9B7A48F1820F808E52ACDEC75F36404ECDA687
310
4D0629A6D5A76597B477D1B89855E747B38B2A041301E95B6E7A08FAD3CCAA50296647B8168BD2573599823EBB0CA76447F43862C7BCCF5EAC59410E4DDD9C7973C2755553CCCFA4C603E3040F1565ED3B1FDE4E432BCA0D9622DAF9795FAF464533826484B498524CD807E51D79ED187F21878E10516EF63F505AC67F42C9
310
BA58B1FDDD071640D2FCC87D2045B96591CB3DA85CB7DCE40F504B0304140006080800CC70623B55019EA25F0000007C00000007000000636E782E786D6C4DCB3B0E80201045D1AD90E915ED2CF8AC45050C11660C8261F98AB1B07AC9C97D42D718D865D3E909258CFD00CCE24AC6E326A164D74DC0B4128928FF32603847
310
2BA13128B1252AC747C6BAB984FC68F0B87FE8960A5C09FE86CFB69FBA01504B0304140006080800CC70623B8C9102E971010000D40300000C0000006662782F636F72652E786D6CC5535B6E833010BC8AE5DF0A6C08340F1947A84D4ED00B38C6A128602363A31CBFCB234A53A551FA553EC09AD9F5CE8C31DB9E9B1AF5CA
310
7695D1198E428A91D2D214952E33ECDD315861B4E5CC1AE3BE9561A445A3323CC098B3D21ADFCE9034DA29ED00D5A6503328BA4E398C640D8B0C77F253352214DE4145770A5B214FA2546114020D759C75CE8200340D19DE981F0F6746269C33EFAB6266AB02A655C74A59CCF365BADC27CB5D902ED22848F6340DF238A141
310
BE88E2F57B92BFEDF23523433367AE6A2EEAA455C2A902F398D2751045018D3FA264435F3771F242571B4A1919CA6F9A7C5B3CD9E42BED16F12C776AEB308F40C848FC700B1139D4891EF410CEC810227CC6846F8386402064270EF5C5C709A05E49676C024C61FC95EA45ED154CA5211D1FF4FB8291A913A68E9B83EBBB33
310
E2A7673CDE118E5AE8124C0807CB8377834E366998436B950D7A7746DAD846D4CFD978E0F04FD455FC5D49D2D4C6FE9722321F10997F0F32DC47FE05504B0304140006080800CC70623BFFEA85907E0000009D0000000B0000006662782F636E782E786D6C4DCCD10A83201886E15B91FFDC95D95A811AB6F23E625948A6C3
310
E9D8E5AF46073BFAE0E1E365ED67B3E8ADC3CB78C7815C7240DA3DFC64DCC221C519D7805AC182F7F1EF06C88D9BE6703008B6049F9E274D7A1E938DBB5AE3D6131B2589BA0D3D965551E0B2EA732C9B9A624AAEB41E3A557677029960D9AFB4EF11165F504B0304140006080800CC70623B4FEEA4082C0100001202000031
310
0000006662782F39464131463745442D413632322D343644302D413938332D3331353338454246344243312F636F72652E786D6C8D515B6EC32010BC0AE2AB55850DD871ED0813254D72825EC00192A2C460F1A872FC42ED48ED5F7E00CDCECCCEB26C731F6FE05B39AFADE921293004CA082BB5B9F43086336A21D870E6AC
310
0D7F68109861543DCC30E4ECE26C9C164858139409093556AA051CBC570102714B8F1E7AF1A5C6A11862480C7F2DA6415C878B2A4891CA89C7990F2E050073937C42DE1DB7E4F87ED8A36D4329AA9B3D46DBAEAD504556557BD81DEBDD0761E52CE42C462D17B996298E3E6BE59E35C962CE821E1FF18553435012728A7187
310
0841987E927A8D9B35ADDF70BBC6989599FE4F1427F9A4286A132ABAC49D651EF234CD5CE04CDA78BA3DC2A8FB645D00B9DF8B57E215725C60BCA2A463E54C4CE327C7A65E1C7DB02E7DEFCBF594B864C5CA6CDBD49C957943E9FA5D5FBAF336F90F504B0304140006080800CC70623BAD7543B64E01000033030000300000
310
006662782F39464131463745442D413632322D343644302D413938332D3331353338454246344243312F636E782E786D6CD593CD6EC32010845F0571AD6CE3D48AD20813A9873E410FBD12D82434182C7EAAE6EDBB2424CD25871E7B41D6EC30B3FA84F9E67BB2E40B4234DE8DB46F1925E094D7C6ED479AD3AE5951B2113C
310
789FEE6C943839C1488B4C05DF079FE72A69D8C96C13AAD6B8631503449F83828872B949AC57D26200B826A308D316B4064D6E46FCDA41C05550DC9E483A00797BFD207EFB092A45DE9514C1BBD22178396BD39D891265658C238DEA00936C654E5E433CB65A26D9F6EDB5EBC14EBF49A45CB856E66048291F6939A9A81BB5
310
C8917738143CA680F4AA299D66A042CEB3354A2684DC9D8D178FE0D9B8B41CAAD720F880EE7EF93C0C18769E099ECC04D5A102C8049A8A05632F4DDF376CF1DE0F6BB65C2F8627B65A33C6BB62177CEBBDAD973006829F89F22E814B54F4BC2BE347F8AA8F681390B50FA73F804400B5F542E796F19FF974E7F78DB802FE05
310
E207504B0304140006080800CC70623B16AB87BA640500003C100000340000006662782F39464131463745442D413632322D343644302D413938332D3331353338454246344243312F6F626A656374732E786D6CAD575B6FA33818FD2B887DE6924B3BED8A326A92B68A663B534DD4D13E548A0C38942D60649B369D5FBFC7
310
600890A493BDE42160637FD7F31D7FF63E6FB3D478A55C242CBF3247B66B1A340F5994E4F19559CA8D75611A9F7D8F33263BCB4C232719BD32D5B4E97B316765A1A722BA21652A07B3B7B33F0D11D29C9A46981221AE4C113ED38CD8A4942CA2E2C58E882476BCD9DA23BB5ED8171B73523C0F841684D35CC252CCE79062D4
310
468DFA43D7747CCF51DF7D4FFDEB5593E3AB9CCA9FBEFE241792E4E19EB28198C968BAB8199F5D5A67D3E9C49A9E8F47D6EC76B6B0469F26EEFC7C3EBFBCBEB98462213924694B38DD98FE1D62C393D073EA4FADC5DAF04326852CCF6958F90F0F2B9BB5C48816348F90C7840A68EB78EDF68723159BCEE7891A6B95DDE9D3
310
BCEAEEE8086A6C6F9E5D4B59F0175C10A7A0820BAA5055C7473B5AE3CFDD452D602CD5DF12616444529E90D448938013FE6EFA58AA96F85E4F8C42275708571E98FE6827AF6B2B4AE3D7D83D64E5A64C53054DD3AF90BD06FEA9149565C94FCA0F6B834DC85599E4F2423B24DF0B6AFA979E534DFA9E7A4CC6FA631D486393
310
921829879BF5D781A373557BCB85E97FB90DB62B558F8795179C15944B051F40AB495CF35451D26A4727654E6D8033BD98EF82F21D91FF8AF2DD9982BCF1643BDD4EB516C9492E368C67C88DED563FC36D5EACF66DFF057C3658BDBFA69DF9578B3DA735B64F18C7F20770A9D45CFCF7FCF563D6456A277DBEF78A02637CA2
310
43B90A490AEAB94F72244481D24819A6C0E59B606BFA4B3025981DBB48EAB701D97BF19C577CC77F2D1B6C55A9EF3C732474C0B727303F625995056C3B02963D9EAC146BE78EC5FCEC7FA999EBC5EACBAAE41B12D27B4D2C0BBA49F244E2ECDC81B76B502F113D8F5EE8FB1BE3111CDD4FC2AA9B844CAB1288B68AB90A7CDC
310
1C166AB0D3DC5310625FCC14E779BFD0709F8890A629C9292B1B2DED31A4B0DA928CEE135085754027E3018A397D4D5427D15BD1330B677DC8934285AC3DF45A9EB68FF8F2B8FC0A509AFEECFD0FF2DE25CC6047F7214B195F07EFEB9A094D800F7BFAE8FED187B78EA8A3A400F115961BCAD1215E47C966530AF0EE8128FE
310
58CEBB996A8964FFA529A046635D9353B0336A8F700DDF46271A024E70B0B37C9DE01847591E54DED53D54202AB947E4076556AC49C6CA5C9E1226B7F1A7B1BE15DEED62C41B91E1B3E9AFAAA735036547343A925075041DF0A9979E893B391F8FCFA6967B3EFB644DCF6E5CEBFAE272625DCC6FAF3FB93793C5F90CE1EF57
310
407342756B10D1C489E8953CD1617E5CEECAD6F4EF8914CE5D5D504E5C3F1F9736DA62CFC11E00BCDDB8CC8A9466349744C1F75EBDA4DF09BA8A9E8C7A7E9991989E20E5DBDD6A6003664ED8F7A04A8DBE0DF6EAD9B9AA858342E47399053949D2C146EDB85DE4B176BB0965FBAC19BD19AA918E27FA50C1D22402E144464C
310
59462568E704B6E71915404CB72B8FF4EDE184DDAF753F284990D2C6926782963815403548A70C657FDEF80D2D9CEAA2AE4C1C76F60BFE74219A06527D6582DF6412526107381E55E353090704D085B52408D0933C4ED159D79BDA71BB4BC506F4831350EB6F979CD22D69BF7AC49B91A2C0A9DDA3D5CA36AD20FC478E37E6
310
1844E2352865EBCB6EA275A652E3836BE04EFB400BF1A2556F515F1FBB35B2AB35BD889C744FFA1004B5544B121E57F70215746DD2F5E2C1412B602CBF19455AC6C8E5E9922C4E01E65215385004546899059180EAFCF7A707CE7017CD8CDB0410789AB32C63B91E5CEBBBACB17AC6CD347A022D5075FD106377347AAABA7E
310
7D11590744509B44E205134DC1290F06580320F78E537D3D73540E06CB970B431F185308AD40BBD794D6D77003C5A36E8EAA54BA64597CD8F83BD552A080A365F7FF06504B0304140006080000CC70623B000000000000000000000000350000006662782F39464131463745442D413632322D343644302D413938332D3331
310
353338454246344243312F76657274696365732E62696E504B0304140006080800CC70623BF270F1330600000004000000360000006662782F39464131463745442D413632322D343644302D413938332D3331353338454246344243312F747269616E676C65732E62696E636660600000504B0304140006080000CC70623B
310
000000000000000000000000370000006662782F39464131463745442D413632322D343644302D413938332D3331353338454246344243312F617474726962757465732E62696E504B0304140006080800CC70623B08DA0BD19000000041010000360000006662782F39464131463745442D413632322D343644302D413938
310
332D3331353338454246344243312F6469726563746F72792E786D6C858F410AC3201045AF22B36F53E9A60B35CBEEBAE80D244E44489C6234F4F835464A48035D0DF398FF9F8AF63D0E6CC63039F212F8F9020C7D47C6792B21C5FE7403D62A1188E2E60C98D7234A5830286103A55745067B9D86B8A3CF9C7F90C11DE607
310
FB144396D7B6A82D282E9A152AD114D5EF2CB866EEE831B8EEA07A7BB5A8D7D61A2BAAEB7FD5F70921FF497D00504B0304140006080800CC70623B0D6EF93BFE000000A00100003B0000006662782F39464131463745442D413632322D343644302D413938332D3331353338454246344243312F7265736F75726365732F63
310
6F72652E786D6C8D50596E833010BD0A9ADFCA60B334011947A8694ED00B586642AC041B79A97AFC9A40A5F6AF3F33A3B7689E1E3F7DCD8FEC139DD7D6F4C0720A191A65476DA61E62B892236427C19DB5E1970C322367EC618541F0C9D9B8EC90B226A009093576C41D94DE63804C3DD2D18357379C652E63480A7FCF17A9
310
EE72C29CE5894E3AC17D702940B63D59270887DE46A7D0F36263058F518FBB468FE9A7BE6A7420864373B8D4873369AA8691FA421B3294352543C5CAF65C0F6FEF43CB8BD52C78D0F34F46E550061C419494B6843142CB0F5677F4B52BEB177AEC28E5C52AFF638ACBF84F53D42654E51E77B379102C05791282176B5F693D
310
CB4C7BED567C03504B010214000A0000080000CC70623B3DEE336E79000000790000001B00000000000000000000000000000000006175746F6465736B2D64657369676E2D7061636B6167652E786D6C504B01021400140006080800CC70623BD486FD9CA0000000F40000001300000000000000000000000000B20000005B
310
436F6E74656E745F54797065735D2E786D6C504B01021400140006080800CC70623B1EC5D7A3EB0000007C010000080000000000000000000000000083010000636F72652E786D6C504B01021400140006080800CC70623B55019EA25F0000007C000000070000000000000000000000000094020000636E782E786D6C504B
310
01021400140006080800CC70623B8C9102E971010000D40300000C00000000000000000000000000180300006662782F636F72652E786D6C504B01021400140006080800CC70623BFFEA85907E0000009D0000000B00000000000000000000000000B30400006662782F636E782E786D6C504B01021400140006080800CC70
310
623B4FEEA4082C0100001202000031000000000000000000000000005A0500006662782F39464131463745442D413632322D343644302D413938332D3331353338454246344243312F636F72652E786D6C504B01021400140006080800CC70623BAD7543B64E010000330300003000000000000000000000000000D5060000
310
6662782F39464131463745442D413632322D343644302D413938332D3331353338454246344243312F636E782E786D6C504B01021400140006080800CC70623B16AB87BA640500003C1000003400000000000000000000000000710800006662782F39464131463745442D413632322D343644302D413938332D3331353338
310
454246344243312F6F626A656374732E786D6C504B01021400140006080000CC70623B0000000000000000000000003500000000000000000000000000270E00006662782F39464131463745442D413632322D343644302D413938332D3331353338454246344243312F76657274696365732E62696E504B01021400140006
310
080800CC70623BF270F133060000000400000036000000000000000000000000007A0E00006662782F39464131463745442D413632322D343644302D413938332D3331353338454246344243312F747269616E676C65732E62696E504B01021400140006080000CC70623B0000000000000000000000003700000000000000
310
000000000000D40E00006662782F39464131463745442D413632322D343644302D413938332D3331353338454246344243312F617474726962757465732E62696E504B01021400140006080800CC70623B08DA0BD190000000410100003600000000000000000000000000290F00006662782F39464131463745442D413632
310
322D343644302D413938332D3331353338454246344243312F6469726563746F72792E786D6C504B01021400140006080800CC70623B0D6EF93BFE000000A00100003B000000000000000000000000000D1000006662782F39464131463745442D413632322D343644302D413938332D3331353338454246344243312F7265
310
736F75726365732F636F72652E786D6C504B0506000000000E000E0080040000641100000000
  0
XRECORD
  5
1FB
102
{ACAD_REACTORS
330
173
102
}
330
173
100
AcDbXrecord
280
     1
 70
     0
 90
1673772943
  1
ECE7A1D2-D628-4531-984C-D00F80459256
310
504B03040A0000080000CC70623B3DEE336E79000000790000001B0000006175746F6465736B2D64657369676E2D7061636B6167652E786D6C3C3F786D6C2076657273696F6E3D22312E302220656E636F64696E673D227574662D3822203F3E3C666F726D6174733E3C666F726D61743E687474703A2F2F736368656D612E
310
6175746F6465736B2E636F6D2F64657369676E2D7061636B6167652F323030393C2F666F726D61743E3C2F666F726D6174733E504B0304140006080800CC70623BD486FD9CA0000000F4000000130000005B436F6E74656E745F54797065735D2E786D6C7D8EC10E82300C865F65E91D8A1E8C310C0EEA1BF002731658846E
310
D98AC1B77784ABF1D8FE5FBFBF75BBCE937A534CCEB38643598122B6FEE978D0B0485F9C41B54DDD7D022595594E1A469170414C76A4D9A4D207E29CF43ECE46F218070CC6BECC4078ACAA135ACF422C856C0E68EA1BF5669944DDD7BCDE7B1F8E415D77AECB980613C2E4AC91FC167A2B244592486606FC29C8FD7F045B9A
310
EF7053A7E60B504B0304140006080800CC70623BD9DDAED0EC0000007C01000008000000636F72652E786D6C8D90416EC3201045AF82665B61836D9CD8C2444DD39CA01740405C94182C03558F5F9C3852BBEB6A467FFE9B197D7EF89E6EE8CB2CC17A37002D0820E394D7D68D03A478C17B4007C117EFE32F1B20272733C0
310
2A83E0E3E2D3BC49CABB685CCCAAF3DA6CA20CC14440EA969B0182FA34932C648AD911AEC52CD5558EA6A0CF2EC329598D1E47ACCEFBECC59A050463A7EA5833865FEBDD0E37353BE3EE8DBDE3F6786A48D375FBF6CC78B9C282473B3DEFABC5C86834888A900E538A49F5419B9EB47DD5BC907D4F082F57FB1F28CDFA9F50
310
B22ED6D5F6EE030B20687EE43E10BC5CB3C8E51E54AE6B6EE207504B0304140006080800CC70623B55019EA25F0000007C00000007000000636E782E786D6C4DCB3B0E80201045D1AD90E915ED2CF8AC45050C11660C8261F98AB1B07AC9C97D42D718D865D3E909258CFD00CCE24AC6E326A164D74DC0B4128928FF326038
310
472BA13128B1252AC747C6BAB984FC68F0B87FE8960A5C09FE86CFB69FBA01504B0304140006080800CC70623BA24EB22D72010000D40300000C0000006662782F636F72652E786D6CC5535B6E833010BC8AE5DF0A6C5E49888CA3A6694ED00B38E05014B091B1518EDFE511A5A9D228FD2A1F60CDEC7A67C6986DCE4D8D7A
310
69BA4AAB0C073EC548AA5C17952A33ECECD15B61B4E1CC686DBF9561A44423333CC098B3D268D7CE50AE9595CA02AA74216750749DB418E5352C32DCE59FB211BE70162ABA93DF8AFC244AE9073ED050C759670D0840D390E18DF9F1706664C23973AE2A66B62A605A75ACA4C13C4976E1364A12EF355A2EBD384AF65EFA96
310
BC7B8BED2EA6719AAE16FB8491A199335B351775B991C2CA02F390D2D40B028F861F41BCA68B7518BFD0D59A524686F29B26D7164F36B94AD9289CE54E6D1DE6010819891F6E21228B3AD1831EC219194284CF98F06DD01008846CC5A1BEF83801D4CBDC6A1303536877A57A513B0953A94FC707FDBE6064EA84A9E3E6E0FA
310
EE8CF0E9198F7784A316AA0413C2C2F2E0ECA0934D1AE6D05A69BCDE9E91D2A611F573361E38FC1375157F5752AE6B6DFE4B11990F88CCBF0719EE23FF02504B0304140006080800CC70623B408A7D3B7C0000009D0000000B0000006662782F636E782E786D6C4DCCD10A83201886E15B91FFDC552A92A0064DBC8F581632
310
D3703A76F9ABD1C18E3E78F878E5F0D9027ABBFCF2292AE86E2D20171F69F6715550CB827B40839639A5F2770314A7CD293819B45C73AAFB45B35BA61ACAA1C1C7E7855C58C15BC331339661262CC762340413D68D77DA5B42298546CBE6573AF60CEB2F504B0304140006080800CC70623B449FB9BD290100001202000031
310
0000006662782F36394639363044362D344446342D343946362D394244322D3234314243333846323333332F636F72652E786D6C8D515B6EC32010BC0AE22B55850D98B871848994463E412FE002495162B07854397EA176A4F62F3F2C9A9D991D587EB84F37F0AD7D30CEF6905418026DA553C65E7A98E219ED203808EE9D
310
8B7F6810D871D23D2C3014FCE25D9A57483A1BB58D19B54EE9151C43D0110279CB971E06F9A5A7B11A53CC8C70ADE6515EC78BAE4895DB992778883E0700CB907242D17643D7E2538BD869608875438BBAE38922CAC8F1BDD90DB4691A5E2F42C153326A951B95E398B3D1FE599322163C9AE9115F7A3D46ADA0A018778810
310
84E907617BDCEE297BC5BB3DC6BC2EF47FA234AB2745C9D8D8D035EE220B50105E2F0DC1954B9FB747187D9F9D8FA0CCDB042D5FA0C015C65B42DF78BD10F3F3B363CB56C7109DCFDFBBB97E662ED92EB62D13BC2E1BCAE5777DB9966D8A1F504B0304140006080800CC70623BAD7543B64E01000033030000300000006662
310
782F36394639363044362D344446342D343946362D394244322D3234314243333846323333332F636E782E786D6CD593CD6EC32010845F0571AD6CE3D48AD20813A9873E410FBD12D82434182C7EAAE6EDBB2424CD25871E7B41D6EC30B3FA84F9E67BB2E40B4234DE8DB46F1925E094D7C6ED479AD3AE5951B2113C789FEE
310
6C943839C1488B4C05DF079FE72A69D8C96C13AAD6B8631503449F83828872B949AC57D26200B826A308D316B4064D6E46FCDA41C05550DC9E483A00797BFD207EFB092A45DE9514C1BBD22178396BD39D891265658C238DEA00936C654E5E433CB65A26D9F6EDB5EBC14EBF49A45CB856E66048291F6939A9A81BB5C89177
310
38143CA680F4AA299D66A042CEB3354A2684DC9D8D178FE0D9B8B41CAAD720F880EE7EF93C0C18769E099ECC04D5A102C8049A8A05632F4DDF376CF1DE0F6BB65C2F8627B65A33C6BB62177CEBBDAD973006829F89F22E814B54F4BC2BE347F8AA8F681390B50FA73F804400B5F542E796F19FF974E7F78DB802FE05E20750
310
4B0304140006080800CC70623B8D05915C650500003B100000340000006662782F36394639363044362D344446342D343946362D394244322D3234314243333846323333332F6F626A656374732E786D6CAD575B6FA33814FE2B887D06429276DA1565D4266D158D3A339A6846FB502932E050B66023DB74D2FDF5FB190C01
310
9276B2973C046C8ECFF53B17071F77456EBD502133CEAE6CDF9DD81665314F32965ED995DA3A17B6F5310C04E7AA47665B8C14F4CAD6DB7618A48257A5D94AE89654B91AEDDEDDFC61C998326A5B714EA4BCB265FC440BE2924AF184CA6737218AB8E976E7FA6E4338649B0A523E8D98964450A6A029F619B8588D52FE7039
310
B1BD30F0F4F730D0FF866AF6369557DB33949F31A9088B0F848DD8CCFCF9F2767A76E99CCDE733677E3EF59D9BBB9BA5E37F984D16E78BC5E5F5ED25044B25C0C96822E8D60EEFE11B91C581D77CEA34368A1F5329E68CD1B8B61F16D63A1B8E092D294B10C78C4A48EB593D192E7DED9BDEE7995E1B91FDEDD3ACEA9FE831
310
6A756F9F7D4D79F4274C90A7A04248AA51D5F8C718DAE06FB2F75AC4796EBE65D22A88A22223B995679120E2D50E41AA49C260C046A35368846B0BECD0DFF3EBEB8AD4F835768F69B9ADF25C43D30E6B646F807FAA64AD59F61715C7A54127C4AACA98BA3006A9D792DAE165E0D59B61A01FB3A9F9D838D2DAE62445C86166
310
F37564E842E7DE6A69879FEEA2DD5AE7E371E1A5E025154AC307D06A03D73EB5978C58FFA4C8E9033066E0F3BD53BEC1F39F91BE7B55103791EDE6BBB991A2046172CB4581D8B893FA674DDA17A77B3B7C413D1B511FD2743BFF8A38F03A658705E3ADF8015C3A3417FF3D7E439FF591DA0B5F18BC20C1B8981957AE6392A3
310
F43C640C01D1A0B4728E2DD4F26DB4B3C3152A252A3B4E913CEC1C72F012782FF88EFF8637AA552DBEF76408E8A8DE9E50F9E1CB3A2DA0DB1B6039A893B56063DC5B3E3FFB5F72E67AB9FEB4AEC496C4F4C1149625DD662C53E89D7BF0F6151A046260D1337DFDC94502430F83B0EE07A130A224BCAD7DAE1D9FB6CD422FF6
310
920702629C4BB9AE79C12F243C6432A6794E18E5552BA56B431AAB5D91317302B2B071E86C3A42B1A02F999E24061403B5D0EB639195DA655DD3EBEAB4FB862DDF579F014AD0E73C22F99E28DA57FB98E75C6CA2D74D53086D600F4786E0FE3144B771A8A7B900F03594DB8A633CBC49B2EDB69228BB479CF863B5E807AAAB
310
23872F6DFEB4129B949CA33823F58830E86D65621E10047D9DB34D862E8EAC3C2ABC2F7B2C40D67CDFE01F5545B92105AF983AC54D93D69E56FB8E797F88913F898A9FEC705D3F9D1B54EC8426FB500D40A03BD0119B06E1B95DDC7EB8F6975367793EBD70E66733DFB9BC982F9CE564727731999F5D4ECFCE3B8D6A4DC2A0
310
6D50FD148437D110834A64C6CDDF57FBACB5C307A2A477DFE4939736CFEF2B175371E0E10CF0DD1D5C15654E0BCA14D1E87DD02FF93782A162C0A3D95F1524A52770F972BF1EE9809D13CE7DD599467F8ECE9ADD85CE85A34CD45355448C64F9E8A031DC2D596ACC6E5DD93D9B82DE2EF5CAF81363A8E47996A0DE24564A79
310
4115AACE09C55E14540231FDA13C319787134EBF34E3A022514E5B4D9E0826E25C02D5805B15ABE1BEF51B26383D445DD9E875EE33FE4C22DA16427D65A3BCA92CA6D28DD01DF5DC53330704308475351050232CCD31583787BA75774AFB06E5070DD0C8EF484E19968C5D83BA5B90B244D31E54D55A372320FE4786B7EA58
310
44E135AA5467CB7EA333A61683CC6A8C3257034C10CF46F40EF9F5BE59BE5BD30C3C72D235E95D10345C1D45445A5F0BB47E46A5EBE5570F9380B5FA629579952296A773720405982B9DE04011506178964401AA8BDF1FBF0A8EAB6861DD6580C0E38217056766716DAEB2D6FA0917D3E4116581EADB879C4E7CFFB11EFACD
310
3D641311495D92C8676CB409A72D18610D803CE8A626049E8EC1887CB5B44CC39883690DDA8399B4B9855B481E7D71D4A9D22F96E5BB73BF5793020C02137BF837504B0304140006080000CC70623B000000000000000000000000350000006662782F36394639363044362D344446342D343946362D394244322D32343142
310
43333846323333332F76657274696365732E62696E504B0304140006080800CC70623BF270F1330600000004000000360000006662782F36394639363044362D344446342D343946362D394244322D3234314243333846323333332F747269616E676C65732E62696E636660600000504B0304140006080000CC70623B0000
310
00000000000000000000370000006662782F36394639363044362D344446342D343946362D394244322D3234314243333846323333332F617474726962757465732E62696E504B0304140006080800CC70623B08DA0BD19000000041010000360000006662782F36394639363044362D344446342D343946362D394244322D
310
3234314243333846323333332F6469726563746F72792E786D6C858F410AC3201045AF22B36F53E9A60B35CBEEBAE80D244E44489C6234F4F835464A48035D0DF398FF9F8AF63D0E6CC63039F212F8F9020C7D47C6792B21C5FE7403D62A1188E2E60C98D7234A5830286103A55745067B9D86B8A3CF9C7F90C11DE607FB14
310
4396D7B6A82D282E9A152AD114D5EF2CB866EEE831B8EEA07A7BB5A8D7D61A2BAAEB7FD5F70921FF497D00504B0304140006080800CC70623BCA768048FE000000A00100003B0000006662782F36394639363044362D344446342D343946362D394244322D3234314243333846323333332F7265736F75726365732F636F72
310
652E786D6C8D50596E833010BD0A9ADFCA60D600328E9AA639412F609909B1126CE4A5EAF16B0295DABFFECC8CDEA2797AECF8353F924FB44E193D409E5248504B332A3D0D10FC95B4901C39B3C6F85F3248B49871801506CE266BC2B243D2688FDA47549B11775038871E12F988C7004EDE7016A9083E2ADC3D5D84BC8B09
310
D33C8D74D471E6BC8D0192EDC93A815B742658898E651BCB59086ADC356A8C3FD555A1055ED7E7E254D615792D0F075295F585746FF53B694EE78A565DD736979A65AB9933AFE69F8CD2A2F038022F28ED489E135A7CE4554F9BBEA85E68DB53CAB255FEC71496F19FA6A0B42F8B3DEE6673C0F318E4497096AD7DC5F52C33
310
EEB55BFE0D504B010214000A0000080000CC70623B3DEE336E79000000790000001B00000000000000000000000000000000006175746F6465736B2D64657369676E2D7061636B6167652E786D6C504B01021400140006080800CC70623BD486FD9CA0000000F40000001300000000000000000000000000B20000005B436F
310
6E74656E745F54797065735D2E786D6C504B01021400140006080800CC70623BD9DDAED0EC0000007C010000080000000000000000000000000083010000636F72652E786D6C504B01021400140006080800CC70623B55019EA25F0000007C000000070000000000000000000000000095020000636E782E786D6C504B0102
310
1400140006080800CC70623BA24EB22D72010000D40300000C00000000000000000000000000190300006662782F636F72652E786D6C504B01021400140006080800CC70623B408A7D3B7C0000009D0000000B00000000000000000000000000B50400006662782F636E782E786D6C504B01021400140006080800CC70623B
310
449FB9BD290100001202000031000000000000000000000000005A0500006662782F36394639363044362D344446342D343946362D394244322D3234314243333846323333332F636F72652E786D6C504B01021400140006080800CC70623BAD7543B64E010000330300003000000000000000000000000000D20600006662
310
782F36394639363044362D344446342D343946362D394244322D3234314243333846323333332F636E782E786D6C504B01021400140006080800CC70623B8D05915C650500003B10000034000000000000000000000000006E0800006662782F36394639363044362D344446342D343946362D394244322D32343142433338
310
46323333332F6F626A656374732E786D6C504B01021400140006080000CC70623B0000000000000000000000003500000000000000000000000000250E00006662782F36394639363044362D344446342D343946362D394244322D3234314243333846323333332F76657274696365732E62696E504B010214001400060808
310
00CC70623BF270F13306000000040000003600000000000000000000000000780E00006662782F36394639363044362D344446342D343946362D394244322D3234314243333846323333332F747269616E676C65732E62696E504B01021400140006080000CC70623B00000000000000000000000037000000000000000000
310
00000000D20E00006662782F36394639363044362D344446342D343946362D394244322D3234314243333846323333332F617474726962757465732E62696E504B01021400140006080800CC70623B08DA0BD190000000410100003600000000000000000000000000270F00006662782F36394639363044362D344446342D
310
343946362D394244322D3234314243333846323333332F6469726563746F72792E786D6C504B01021400140006080800CC70623BCA768048FE000000A00100003B000000000000000000000000000B1000006662782F36394639363044362D344446342D343946362D394244322D3234314243333846323333332F7265736F
310
75726365732F636F72652E786D6C504B0506000000000E000E0080040000621100000000
  0
XRECORD
  5
269B
102
{ACAD_REACTORS
330
1301
102
}
330
1301
100
AcDbXrecord
280
     1
102
DISPLAYNAME
  1
Metric50
102
FLAGS
 90
        0
  0
CELLSTYLEMAP
  5
269D
102
{ACAD_REACTORS
330
269C
102
}
330
269C
100
AcDbCellStyleMap
 90
        3
300
CELLSTYLE
  1
TABLEFORMAT_BEGIN
 90
        5
170
     1
 91
        0
 92
    32768
 62
   257
 93
        1
300
CONTENTFORMAT
  1
CONTENTFORMAT_BEGIN
 90
        0
 91
        0
 92
      512
 93
        0
300

 40
0.0
140
1.0
 94
        5
 62
     0
340
11
144
6.0
309
CONTENTFORMAT_END
171
     1
301
MARGIN
  1
CELLMARGIN_BEGIN
 40
1.5
 40
1.5
 40
1.5
 40
1.5
 40
4.5
 40
4.5
309
CELLMARGIN_END
 94
        6
 95
        1
302
GRIDFORMAT
  1
GRIDFORMAT_BEGIN
 90
        0
 91
        1
 62
     0
 92
       -2
340
14
 93
        0
 40
1.125
309
GRIDFORMAT_END
 95
        2
302
GRIDFORMAT
  1
GRIDFORMAT_BEGIN
 90
        0
 91
        1
 62
     0
 92
       -2
340
14
 93
        0
 40
1.125
309
GRIDFORMAT_END
 95
        4
302
GRIDFORMAT
  1
GRIDFORMAT_BEGIN
 90
        0
 91
        1
 62
     0
 92
       -2
340
14
 93
        0
 40
1.125
309
GRIDFORMAT_END
 95
        8
302
GRIDFORMAT
  1
GRIDFORMAT_BEGIN
 90
        0
 91
        1
 62
     0
 92
       -2
340
14
 93
        0
 40
1.125
309
GRIDFORMAT_END
 95
       16
302
GRIDFORMAT
  1
GRIDFORMAT_BEGIN
 90
        0
 91
        1
 62
     0
 92
       -2
340
14
 93
        0
 40
1.125
309
GRIDFORMAT_END
 95
       32
302
GRIDFORMAT
  1
GRIDFORMAT_BEGIN
 90
        0
 91
        1
 62
     0
 92
       -2
340
14
 93
        0
 40
1.125
309
GRIDFORMAT_END
309
TABLEFORMAT_END
  1
CELLSTYLE_BEGIN
 90
        1
 91
        1
300
_TITLE
309
CELLSTYLE_END
300
CELLSTYLE
  1
TABLEFORMAT_BEGIN
 90
        5
170
     1
 91
        0
 92
        0
 62
   257
 93
        1
300
CONTENTFORMAT
  1
CONTENTFORMAT_BEGIN
 90
        0
 91
        0
 92
      512
 93
        0
300

 40
0.0
140
1.0
 94
        5
 62
     0
340
11
144
4.5
309
CONTENTFORMAT_END
171
     1
301
MARGIN
  1
CELLMARGIN_BEGIN
 40
1.5
 40
1.5
 40
1.5
 40
1.5
 40
4.5
 40
4.5
309
CELLMARGIN_END
 94
        6
 95
        1
302
GRIDFORMAT
  1
GRIDFORMAT_BEGIN
 90
        0
 91
        1
 62
     0
 92
       -2
340
14
 93
        0
 40
1.125
309
GRIDFORMAT_END
 95
        2
302
GRIDFORMAT
  1
GRIDFORMAT_BEGIN
 90
        0
 91
        1
 62
     0
 92
       -2
340
14
 93
        0
 40
1.125
309
GRIDFORMAT_END
 95
        4
302
GRIDFORMAT
  1
GRIDFORMAT_BEGIN
 90
        0
 91
        1
 62
     0
 92
       -2
340
14
 93
        0
 40
1.125
309
GRIDFORMAT_END
 95
        8
302
GRIDFORMAT
  1
GRIDFORMAT_BEGIN
 90
        0
 91
        1
 62
     0
 92
       -2
340
14
 93
        0
 40
1.125
309
GRIDFORMAT_END
 95
       16
302
GRIDFORMAT
  1
GRIDFORMAT_BEGIN
 90
        0
 91
        1
 62
     0
 92
       -2
340
14
 93
        0
 40
1.125
309
GRIDFORMAT_END
 95
       32
302
GRIDFORMAT
  1
GRIDFORMAT_BEGIN
 90
        0
 91
        1
 62
     0
 92
       -2
340
14
 93
        0
 40
1.125
309
GRIDFORMAT_END
309
TABLEFORMAT_END
  1
CELLSTYLE_BEGIN
 90
        2
 91
        1
300
_HEADER
309
CELLSTYLE_END
300
CELLSTYLE
  1
TABLEFORMAT_BEGIN
 90
        5
170
     1
 91
        0
 92
        0
 62
   257
 93
        1
300
CONTENTFORMAT
  1
CONTENTFORMAT_BEGIN
 90
        0
 91
        0
 92
      512
 93
        0
300

 40
0.0
140
1.0
 94
        2
 62
     0
340
11
144
4.5
309
CONTENTFORMAT_END
171
     1
301
MARGIN
  1
CELLMARGIN_BEGIN
 40
1.5
 40
1.5
 40
1.5
 40
1.5
 40
4.5
 40
4.5
309
CELLMARGIN_END
 94
        6
 95
        1
302
GRIDFORMAT
  1
GRIDFORMAT_BEGIN
 90
        0
 91
        1
 62
     0
 92
       -2
340
14
 93
        0
 40
1.125
309
GRIDFORMAT_END
 95
        2
302
GRIDFORMAT
  1
GRIDFORMAT_BEGIN
 90
        0
 91
        1
 62
     0
 92
       -2
340
14
 93
        0
 40
1.125
309
GRIDFORMAT_END
 95
        4
302
GRIDFORMAT
  1
GRIDFORMAT_BEGIN
 90
        0
 91
        1
 62
     0
 92
       -2
340
14
 93
        0
 40
1.125
309
GRIDFORMAT_END
 95
        8
302
GRIDFORMAT
  1
GRIDFORMAT_BEGIN
 90
        0
 91
        1
 62
     0
 92
       -2
340
14
 93
        0
 40
1.125
309
GRIDFORMAT_END
 95
       16
302
GRIDFORMAT
  1
GRIDFORMAT_BEGIN
 90
        0
 91
        1
 62
     0
 92
       -2
340
14
 93
        0
 40
1.125
309
GRIDFORMAT_END
 95
       32
302
GRIDFORMAT
  1
GRIDFORMAT_BEGIN
 90
        0
 91
        1
 62
     0
 92
       -2
340
14
 93
        0
 40
1.125
309
GRIDFORMAT_END
309
TABLEFORMAT_END
  1
CELLSTYLE_BEGIN
 90
        3
 91
        2
300
_DATA
309
CELLSTYLE_END
  0
XRECORD
  5
269F
102
{ACAD_REACTORS
330
269E
102
}
330
269E
100
AcDbXrecord
280
     1
102
RTVSPost2010Prop28
280
     1
102
RTVSPost2010PropOp28
 70
     1
102
RTVSPost2010Prop29
280
     1
102
RTVSPost2010PropOp29
 70
     1
102
RTVSPost2010Prop30
280
     0
102
RTVSPost2010PropOp30
 70
     1
102
RTVSPost2010Prop31
280
     0
102
RTVSPost2010PropOp31
 70
     1
102
RTVSPost2010Prop32
280
     0
102
RTVSPost2010PropOp32
 70
     1
102
RTVSPost2010Prop33
280
     0
102
RTVSPost2010PropOp33
 70
     1
102
RTVSPost2010Prop34
280
     0
102
RTVSPost2010PropOp34
 70
     1
102
RTVSPost2010Prop35
280
     0
102
RTVSPost2010PropOp35
 70
     1
102
RTVSPost2010Prop36
280
     0
102
RTVSPost2010PropOp36
 70
     1
102
RTVSPost2010Prop37
 90
       50
102
RTVSPost2010PropOp37
 70
     1
102
RTVSPost2010Prop38
140
0.0
102
RTVSPost2010PropOp38
 70
     1
102
RTVSPost2010Prop39
140
1.0
102
RTVSPost2010PropOp39
 70
     1
102
RTVSPost2010Prop40
 90
        0
102
RTVSPost2010PropOp40
 70
     1
102
RTVSPost2010Prop41ColorIndex
 90
       18
102
RTVSPost2010Prop41ColorRGB
 90
        0
102
RTVSPost2010PropOp41
 70
     1
102
RTVSPost2010Prop42
 90
       50
102
RTVSPost2010PropOp42
 70
     1
102
RTVSPost2010Prop43
 90
        3
102
RTVSPost2010PropOp43
 70
     1
102
RTVSPost2010Prop44ColorIndex
 90
        5
102
RTVSPost2010Prop44ColorRGB
 90
      255
102
RTVSPost2010PropOp44
 70
     1
102
RTVSPost2010Prop45
280
     0
102
RTVSPost2010PropOp45
 70
     1
102
RTVSPost2010Prop46
 90
       50
102
RTVSPost2010PropOp46
 70
     1
102
RTVSPost2010Prop47
 90
       50
102
RTVSPost2010PropOp47
 70
     1
102
RTVSPost2010Prop48
 90
       50
102
RTVSPost2010PropOp48
 70
     1
102
RTVSPost2010Prop49
280
     0
102
RTVSPost2010PropOp49
 70
     1
102
RTVSPost2010Prop50
 90
       50
102
RTVSPost2010PropOp50
 70
     1
102
RTVSPost2010Prop51ColorIndex
 90
      256
102
RTVSPost2010Prop51ColorRGB
 90
-16777216
102
RTVSPost2010PropOp51
 70
     0
102
RTVSPost2010Prop52
140
1.0
102
RTVSPost2010PropOp52
 70
     0
102
RTVSPost2010Prop53
 90
        2
102
RTVSPost2010PropOp53
 70
     1
102
RTVSPost2010Prop54
  1
strokes_ogs.tif
102
RTVSPost2010PropOp54
 70
     1
102
RTVSPost2010Prop55
280
     0
102
RTVSPost2010PropOp55
 70
     1
102
RTVSPost2010Prop56
140
1.0
102
RTVSPost2010PropOp56
 70
     1
102
RTVSPost2010Prop57
140
1.0
102
RTVSPost2010PropOp57
 70
     1
  0
XRECORD
  5
26CE
102
{ACAD_REACTORS
330
1DF9
102
}
330
1DF9
100
AcDbXrecord
280
     1
102
RTVSPost2010Prop28
280
     0
102
RTVSPost2010PropOp28
 70
     1
102
RTVSPost2010Prop29
280
     1
102
RTVSPost2010PropOp29
 70
     1
102
RTVSPost2010Prop30
280
     1
102
RTVSPost2010PropOp30
 70
     1
102
RTVSPost2010Prop31
280
     0
102
RTVSPost2010PropOp31
 70
     1
102
RTVSPost2010Prop32
280
     0
102
RTVSPost2010PropOp32
 70
     1
102
RTVSPost2010Prop33
280
     0
102
RTVSPost2010PropOp33
 70
     1
102
RTVSPost2010Prop34
280
     0
102
RTVSPost2010PropOp34
 70
     1
102
RTVSPost2010Prop35
280
     0
102
RTVSPost2010PropOp35
 70
     1
102
RTVSPost2010Prop36
280
     0
102
RTVSPost2010PropOp36
 70
     1
102
RTVSPost2010Prop37
 90
       50
102
RTVSPost2010PropOp37
 70
     1
102
RTVSPost2010Prop38
140
0.0
102
RTVSPost2010PropOp38
 70
     1
102
RTVSPost2010Prop39
140
1.0
102
RTVSPost2010PropOp39
 70
     1
102
RTVSPost2010Prop40
 90
        0
102
RTVSPost2010PropOp40
 70
     1
102
RTVSPost2010Prop41ColorIndex
 90
       18
102
RTVSPost2010Prop41ColorRGB
 90
        0
102
RTVSPost2010PropOp41
 70
     1
102
RTVSPost2010Prop42
 90
       50
102
RTVSPost2010PropOp42
 70
     1
102
RTVSPost2010Prop43
 90
        3
102
RTVSPost2010PropOp43
 70
     1
102
RTVSPost2010Prop44ColorIndex
 90
        5
102
RTVSPost2010Prop44ColorRGB
 90
      255
102
RTVSPost2010PropOp44
 70
     1
102
RTVSPost2010Prop45
280
     0
102
RTVSPost2010PropOp45
 70
     1
102
RTVSPost2010Prop46
 90
       50
102
RTVSPost2010PropOp46
 70
     1
102
RTVSPost2010Prop47
 90
       50
102
RTVSPost2010PropOp47
 70
     1
102
RTVSPost2010Prop48
 90
       50
102
RTVSPost2010PropOp48
 70
     1
102
RTVSPost2010Prop49
280
     0
102
RTVSPost2010PropOp49
 70
     1
102
RTVSPost2010Prop50
 90
       50
102
RTVSPost2010PropOp50
 70
     1
102
RTVSPost2010Prop51ColorIndex
 90
      256
102
RTVSPost2010Prop51ColorRGB
 90
-16777216
102
RTVSPost2010PropOp51
 70
     0
102
RTVSPost2010Prop52
140
1.0
102
RTVSPost2010PropOp52
 70
     0
102
RTVSPost2010Prop53
 90
        2
102
RTVSPost2010PropOp53
 70
     1
102
RTVSPost2010Prop54
  1
strokes_ogs.tif
102
RTVSPost2010PropOp54
 70
     1
102
RTVSPost2010Prop55
280
     0
102
RTVSPost2010PropOp55
 70
     1
102
RTVSPost2010Prop56
140
1.0
102
RTVSPost2010PropOp56
 70
     1
102
RTVSPost2010Prop57
140
1.0
102
RTVSPost2010PropOp57
 70
     1
  0
XRECORD
  5
26CF
102
{ACAD_REACTORS
330
1DFB
102
}
330
1DFB
100
AcDbXrecord
280
     1
102
RTVSPost2010Prop28
280
     0
102
RTVSPost2010PropOp28
 70
     1
102
RTVSPost2010Prop29
280
     1
102
RTVSPost2010PropOp29
 70
     1
102
RTVSPost2010Prop30
280
     1
102
RTVSPost2010PropOp30
 70
     1
102
RTVSPost2010Prop31
280
     0
102
RTVSPost2010PropOp31
 70
     1
102
RTVSPost2010Prop32
280
     0
102
RTVSPost2010PropOp32
 70
     1
102
RTVSPost2010Prop33
280
     0
102
RTVSPost2010PropOp33
 70
     1
102
RTVSPost2010Prop34
280
     0
102
RTVSPost2010PropOp34
 70
     1
102
RTVSPost2010Prop35
280
     0
102
RTVSPost2010PropOp35
 70
     1
102
RTVSPost2010Prop36
280
     0
102
RTVSPost2010PropOp36
 70
     1
102
RTVSPost2010Prop37
 90
       50
102
RTVSPost2010PropOp37
 70
     1
102
RTVSPost2010Prop38
140
0.0
102
RTVSPost2010PropOp38
 70
     1
102
RTVSPost2010Prop39
140
1.0
102
RTVSPost2010PropOp39
 70
     1
102
RTVSPost2010Prop40
 90
        0
102
RTVSPost2010PropOp40
 70
     1
102
RTVSPost2010Prop41ColorIndex
 90
       18
102
RTVSPost2010Prop41ColorRGB
 90
        0
102
RTVSPost2010PropOp41
 70
     1
102
RTVSPost2010Prop42
 90
       50
102
RTVSPost2010PropOp42
 70
     1
102
RTVSPost2010Prop43
 90
        3
102
RTVSPost2010PropOp43
 70
     1
102
RTVSPost2010Prop44ColorIndex
 90
        5
102
RTVSPost2010Prop44ColorRGB
 90
      255
102
RTVSPost2010PropOp44
 70
     1
102
RTVSPost2010Prop45
280
     0
102
RTVSPost2010PropOp45
 70
     1
102
RTVSPost2010Prop46
 90
       50
102
RTVSPost2010PropOp46
 70
     1
102
RTVSPost2010Prop47
 90
       50
102
RTVSPost2010PropOp47
 70
     1
102
RTVSPost2010Prop48
 90
       50
102
RTVSPost2010PropOp48
 70
     1
102
RTVSPost2010Prop49
280
     0
102
RTVSPost2010PropOp49
 70
     1
102
RTVSPost2010Prop50
 90
       50
102
RTVSPost2010PropOp50
 70
     1
102
RTVSPost2010Prop51ColorIndex
 90
      256
102
RTVSPost2010Prop51ColorRGB
 90
-16777216
102
RTVSPost2010PropOp51
 70
     0
102
RTVSPost2010Prop52
140
1.0
102
RTVSPost2010PropOp52
 70
     0
102
RTVSPost2010Prop53
 90
        2
102
RTVSPost2010PropOp53
 70
     1
102
RTVSPost2010Prop54
  1
strokes_ogs.tif
102
RTVSPost2010PropOp54
 70
     1
102
RTVSPost2010Prop55
280
     0
102
RTVSPost2010PropOp55
 70
     1
102
RTVSPost2010Prop56
140
1.0
102
RTVSPost2010PropOp56
 70
     1
102
RTVSPost2010Prop57
140
1.0
102
RTVSPost2010PropOp57
 70
     1
  0
XRECORD
  5
26A1
102
{ACAD_REACTORS
330
26A0
102
}
330
26A0
100
AcDbXrecord
280
     1
102
RTVSPost2010Prop28
280
     0
102
RTVSPost2010PropOp28
 70
     1
102
RTVSPost2010Prop29
280
     1
102
RTVSPost2010PropOp29
 70
     1
102
RTVSPost2010Prop30
280
     1
102
RTVSPost2010PropOp30
 70
     1
102
RTVSPost2010Prop31
280
     0
102
RTVSPost2010PropOp31
 70
     1
102
RTVSPost2010Prop32
280
     0
102
RTVSPost2010PropOp32
 70
     1
102
RTVSPost2010Prop33
280
     0
102
RTVSPost2010PropOp33
 70
     1
102
RTVSPost2010Prop34
280
     0
102
RTVSPost2010PropOp34
 70
     1
102
RTVSPost2010Prop35
280
     0
102
RTVSPost2010PropOp35
 70
     1
102
RTVSPost2010Prop36
280
     0
102
RTVSPost2010PropOp36
 70
     1
102
RTVSPost2010Prop37
 90
       50
102
RTVSPost2010PropOp37
 70
     1
102
RTVSPost2010Prop38
140
0.0
102
RTVSPost2010PropOp38
 70
     1
102
RTVSPost2010Prop39
140
1.0
102
RTVSPost2010PropOp39
 70
     1
102
RTVSPost2010Prop40
 90
        0
102
RTVSPost2010PropOp40
 70
     1
102
RTVSPost2010Prop41ColorIndex
 90
       18
102
RTVSPost2010Prop41ColorRGB
 90
        0
102
RTVSPost2010PropOp41
 70
     1
102
RTVSPost2010Prop42
 90
       50
102
RTVSPost2010PropOp42
 70
     1
102
RTVSPost2010Prop43
 90
        3
102
RTVSPost2010PropOp43
 70
     1
102
RTVSPost2010Prop44ColorIndex
 90
        5
102
RTVSPost2010Prop44ColorRGB
 90
      255
102
RTVSPost2010PropOp44
 70
     1
102
RTVSPost2010Prop45
280
     0
102
RTVSPost2010PropOp45
 70
     1
102
RTVSPost2010Prop46
 90
       50
102
RTVSPost2010PropOp46
 70
     1
102
RTVSPost2010Prop47
 90
       50
102
RTVSPost2010PropOp47
 70
     1
102
RTVSPost2010Prop48
 90
       50
102
RTVSPost2010PropOp48
 70
     1
102
RTVSPost2010Prop49
280
     0
102
RTVSPost2010PropOp49
 70
     1
102
RTVSPost2010Prop50
 90
       50
102
RTVSPost2010PropOp50
 70
     1
102
RTVSPost2010Prop51ColorIndex
 90
      256
102
RTVSPost2010Prop51ColorRGB
 90
-16777216
102
RTVSPost2010PropOp51
 70
     0
102
RTVSPost2010Prop52
140
1.0
102
RTVSPost2010PropOp52
 70
     0
102
RTVSPost2010Prop53
 90
        2
102
RTVSPost2010PropOp53
 70
     1
102
RTVSPost2010Prop54
  1
strokes_ogs.tif
102
RTVSPost2010PropOp54
 70
     1
102
RTVSPost2010Prop55
280
     0
102
RTVSPost2010PropOp55
 70
     1
102
RTVSPost2010Prop56
140
1.0
102
RTVSPost2010PropOp56
 70
     1
102
RTVSPost2010Prop57
140
1.0
102
RTVSPost2010PropOp57
 70
     1
  0
XRECORD
  5
26A3
102
{ACAD_REACTORS
330
26A2
102
}
330
26A2
100
AcDbXrecord
280
     1
102
RTVSPost2010Prop28
280
     0
102
RTVSPost2010PropOp28
 70
     1
102
RTVSPost2010Prop29
280
     1
102
RTVSPost2010PropOp29
 70
     1
102
RTVSPost2010Prop30
280
     1
102
RTVSPost2010PropOp30
 70
     1
102
RTVSPost2010Prop31
280
     0
102
RTVSPost2010PropOp31
 70
     1
102
RTVSPost2010Prop32
280
     0
102
RTVSPost2010PropOp32
 70
     1
102
RTVSPost2010Prop33
280
     0
102
RTVSPost2010PropOp33
 70
     1
102
RTVSPost2010Prop34
280
     0
102
RTVSPost2010PropOp34
 70
     1
102
RTVSPost2010Prop35
280
     0
102
RTVSPost2010PropOp35
 70
     1
102
RTVSPost2010Prop36
280
     0
102
RTVSPost2010PropOp36
 70
     1
102
RTVSPost2010Prop37
 90
       50
102
RTVSPost2010PropOp37
 70
     1
102
RTVSPost2010Prop38
140
0.0
102
RTVSPost2010PropOp38
 70
     1
102
RTVSPost2010Prop39
140
1.0
102
RTVSPost2010PropOp39
 70
     1
102
RTVSPost2010Prop40
 90
        0
102
RTVSPost2010PropOp40
 70
     1
102
RTVSPost2010Prop41ColorIndex
 90
       18
102
RTVSPost2010Prop41ColorRGB
 90
        0
102
RTVSPost2010PropOp41
 70
     1
102
RTVSPost2010Prop42
 90
       50
102
RTVSPost2010PropOp42
 70
     1
102
RTVSPost2010Prop43
 90
        3
102
RTVSPost2010PropOp43
 70
     1
102
RTVSPost2010Prop44ColorIndex
 90
        5
102
RTVSPost2010Prop44ColorRGB
 90
      255
102
RTVSPost2010PropOp44
 70
     1
102
RTVSPost2010Prop45
280
     0
102
RTVSPost2010PropOp45
 70
     1
102
RTVSPost2010Prop46
 90
       50
102
RTVSPost2010PropOp46
 70
     1
102
RTVSPost2010Prop47
 90
       50
102
RTVSPost2010PropOp47
 70
     1
102
RTVSPost2010Prop48
 90
       50
102
RTVSPost2010PropOp48
 70
     1
102
RTVSPost2010Prop49
280
     0
102
RTVSPost2010PropOp49
 70
     1
102
RTVSPost2010Prop50
 90
       50
102
RTVSPost2010PropOp50
 70
     1
102
RTVSPost2010Prop51ColorIndex
 90
      256
102
RTVSPost2010Prop51ColorRGB
 90
-16777216
102
RTVSPost2010PropOp51
 70
     0
102
RTVSPost2010Prop52
140
1.0
102
RTVSPost2010PropOp52
 70
     0
102
RTVSPost2010Prop53
 90
        2
102
RTVSPost2010PropOp53
 70
     1
102
RTVSPost2010Prop54
  1
strokes_ogs.tif
102
RTVSPost2010PropOp54
 70
     1
102
RTVSPost2010Prop55
280
     0
102
RTVSPost2010PropOp55
 70
     1
102
RTVSPost2010Prop56
140
1.0
102
RTVSPost2010PropOp56
 70
     1
102
RTVSPost2010Prop57
140
1.0
102
RTVSPost2010PropOp57
 70
     1
  0
XRECORD
  5
26A5
102
{ACAD_REACTORS
330
26A4
102
}
330
26A4
100
AcDbXrecord
280
     1
102
RTVSPost2010Prop28
280
     0
102
RTVSPost2010PropOp28
 70
     1
102
RTVSPost2010Prop29
280
     1
102
RTVSPost2010PropOp29
 70
     1
102
RTVSPost2010Prop30
280
     1
102
RTVSPost2010PropOp30
 70
     1
102
RTVSPost2010Prop31
280
     0
102
RTVSPost2010PropOp31
 70
     1
102
RTVSPost2010Prop32
280
     0
102
RTVSPost2010PropOp32
 70
     1
102
RTVSPost2010Prop33
280
     0
102
RTVSPost2010PropOp33
 70
     1
102
RTVSPost2010Prop34
280
     0
102
RTVSPost2010PropOp34
 70
     1
102
RTVSPost2010Prop35
280
     0
102
RTVSPost2010PropOp35
 70
     1
102
RTVSPost2010Prop36
280
     0
102
RTVSPost2010PropOp36
 70
     1
102
RTVSPost2010Prop37
 90
       50
102
RTVSPost2010PropOp37
 70
     1
102
RTVSPost2010Prop38
140
0.0
102
RTVSPost2010PropOp38
 70
     1
102
RTVSPost2010Prop39
140
1.0
102
RTVSPost2010PropOp39
 70
     1
102
RTVSPost2010Prop40
 90
        0
102
RTVSPost2010PropOp40
 70
     1
102
RTVSPost2010Prop41ColorIndex
 90
       18
102
RTVSPost2010Prop41ColorRGB
 90
        0
102
RTVSPost2010PropOp41
 70
     1
102
RTVSPost2010Prop42
 90
       50
102
RTVSPost2010PropOp42
 70
     1
102
RTVSPost2010Prop43
 90
        3
102
RTVSPost2010PropOp43
 70
     1
102
RTVSPost2010Prop44ColorIndex
 90
        5
102
RTVSPost2010Prop44ColorRGB
 90
      255
102
RTVSPost2010PropOp44
 70
     1
102
RTVSPost2010Prop45
280
     0
102
RTVSPost2010PropOp45
 70
     1
102
RTVSPost2010Prop46
 90
       50
102
RTVSPost2010PropOp46
 70
     1
102
RTVSPost2010Prop47
 90
       50
102
RTVSPost2010PropOp47
 70
     1
102
RTVSPost2010Prop48
 90
       50
102
RTVSPost2010PropOp48
 70
     1
102
RTVSPost2010Prop49
280
     0
102
RTVSPost2010PropOp49
 70
     1
102
RTVSPost2010Prop50
 90
       50
102
RTVSPost2010PropOp50
 70
     1
102
RTVSPost2010Prop51ColorIndex
 90
      256
102
RTVSPost2010Prop51ColorRGB
 90
-16777216
102
RTVSPost2010PropOp51
 70
     0
102
RTVSPost2010Prop52
140
1.0
102
RTVSPost2010PropOp52
 70
     0
102
RTVSPost2010Prop53
 90
        2
102
RTVSPost2010PropOp53
 70
     1
102
RTVSPost2010Prop54
  1
strokes_ogs.tif
102
RTVSPost2010PropOp54
 70
     1
102
RTVSPost2010Prop55
280
     0
102
RTVSPost2010PropOp55
 70
     1
102
RTVSPost2010Prop56
140
1.0
102
RTVSPost2010PropOp56
 70
     1
102
RTVSPost2010Prop57
140
1.0
102
RTVSPost2010PropOp57
 70
     1
  0
XRECORD
  5
26A7
102
{ACAD_REACTORS
330
26A6
102
}
330
26A6
100
AcDbXrecord
280
     1
102
RTVSPost2010Prop28
280
     0
102
RTVSPost2010PropOp28
 70
     1
102
RTVSPost2010Prop29
280
     1
102
RTVSPost2010PropOp29
 70
     1
102
RTVSPost2010Prop30
280
     1
102
RTVSPost2010PropOp30
 70
     1
102
RTVSPost2010Prop31
280
     0
102
RTVSPost2010PropOp31
 70
     1
102
RTVSPost2010Prop32
280
     0
102
RTVSPost2010PropOp32
 70
     1
102
RTVSPost2010Prop33
280
     0
102
RTVSPost2010PropOp33
 70
     1
102
RTVSPost2010Prop34
280
     0
102
RTVSPost2010PropOp34
 70
     1
102
RTVSPost2010Prop35
280
     0
102
RTVSPost2010PropOp35
 70
     1
102
RTVSPost2010Prop36
280
     0
102
RTVSPost2010PropOp36
 70
     1
102
RTVSPost2010Prop37
 90
       50
102
RTVSPost2010PropOp37
 70
     1
102
RTVSPost2010Prop38
140
0.0
102
RTVSPost2010PropOp38
 70
     1
102
RTVSPost2010Prop39
140
1.0
102
RTVSPost2010PropOp39
 70
     1
102
RTVSPost2010Prop40
 90
        0
102
RTVSPost2010PropOp40
 70
     1
102
RTVSPost2010Prop41ColorIndex
 90
       18
102
RTVSPost2010Prop41ColorRGB
 90
        0
102
RTVSPost2010PropOp41
 70
     1
102
RTVSPost2010Prop42
 90
       50
102
RTVSPost2010PropOp42
 70
     1
102
RTVSPost2010Prop43
 90
        3
102
RTVSPost2010PropOp43
 70
     1
102
RTVSPost2010Prop44ColorIndex
 90
        5
102
RTVSPost2010Prop44ColorRGB
 90
      255
102
RTVSPost2010PropOp44
 70
     1
102
RTVSPost2010Prop45
280
     0
102
RTVSPost2010PropOp45
 70
     1
102
RTVSPost2010Prop46
 90
       50
102
RTVSPost2010PropOp46
 70
     1
102
RTVSPost2010Prop47
 90
       50
102
RTVSPost2010PropOp47
 70
     1
102
RTVSPost2010Prop48
 90
       50
102
RTVSPost2010PropOp48
 70
     1
102
RTVSPost2010Prop49
280
     0
102
RTVSPost2010PropOp49
 70
     1
102
RTVSPost2010Prop50
 90
       50
102
RTVSPost2010PropOp50
 70
     1
102
RTVSPost2010Prop51ColorIndex
 90
      256
102
RTVSPost2010Prop51ColorRGB
 90
-16777216
102
RTVSPost2010PropOp51
 70
     0
102
RTVSPost2010Prop52
140
1.0
102
RTVSPost2010PropOp52
 70
     0
102
RTVSPost2010Prop53
 90
        2
102
RTVSPost2010PropOp53
 70
     1
102
RTVSPost2010Prop54
  1
strokes_ogs.tif
102
RTVSPost2010PropOp54
 70
     1
102
RTVSPost2010Prop55
280
     0
102
RTVSPost2010PropOp55
 70
     1
102
RTVSPost2010Prop56
140
1.0
102
RTVSPost2010PropOp56
 70
     1
102
RTVSPost2010Prop57
140
1.0
102
RTVSPost2010PropOp57
 70
     1
  0
XRECORD
  5
26A9
102
{ACAD_REACTORS
330
26A8
102
}
330
26A8
100
AcDbXrecord
280
     1
102
RTVSPost2010Prop28
280
     0
102
RTVSPost2010PropOp28
 70
     1
102
RTVSPost2010Prop29
280
     1
102
RTVSPost2010PropOp29
 70
     1
102
RTVSPost2010Prop30
280
     1
102
RTVSPost2010PropOp30
 70
     1
102
RTVSPost2010Prop31
280
     0
102
RTVSPost2010PropOp31
 70
     1
102
RTVSPost2010Prop32
280
     0
102
RTVSPost2010PropOp32
 70
     1
102
RTVSPost2010Prop33
280
     0
102
RTVSPost2010PropOp33
 70
     1
102
RTVSPost2010Prop34
280
     0
102
RTVSPost2010PropOp34
 70
     1
102
RTVSPost2010Prop35
280
     0
102
RTVSPost2010PropOp35
 70
     1
102
RTVSPost2010Prop36
280
     0
102
RTVSPost2010PropOp36
 70
     1
102
RTVSPost2010Prop37
 90
       50
102
RTVSPost2010PropOp37
 70
     1
102
RTVSPost2010Prop38
140
0.0
102
RTVSPost2010PropOp38
 70
     1
102
RTVSPost2010Prop39
140
1.0
102
RTVSPost2010PropOp39
 70
     1
102
RTVSPost2010Prop40
 90
        0
102
RTVSPost2010PropOp40
 70
     1
102
RTVSPost2010Prop41ColorIndex
 90
       18
102
RTVSPost2010Prop41ColorRGB
 90
        0
102
RTVSPost2010PropOp41
 70
     1
102
RTVSPost2010Prop42
 90
       50
102
RTVSPost2010PropOp42
 70
     1
102
RTVSPost2010Prop43
 90
        3
102
RTVSPost2010PropOp43
 70
     1
102
RTVSPost2010Prop44ColorIndex
 90
        5
102
RTVSPost2010Prop44ColorRGB
 90
      255
102
RTVSPost2010PropOp44
 70
     1
102
RTVSPost2010Prop45
280
     0
102
RTVSPost2010PropOp45
 70
     1
102
RTVSPost2010Prop46
 90
       50
102
RTVSPost2010PropOp46
 70
     1
102
RTVSPost2010Prop47
 90
       50
102
RTVSPost2010PropOp47
 70
     1
102
RTVSPost2010Prop48
 90
       50
102
RTVSPost2010PropOp48
 70
     1
102
RTVSPost2010Prop49
280
     0
102
RTVSPost2010PropOp49
 70
     1
102
RTVSPost2010Prop50
 90
       50
102
RTVSPost2010PropOp50
 70
     1
102
RTVSPost2010Prop51ColorIndex
 90
      256
102
RTVSPost2010Prop51ColorRGB
 90
-16777216
102
RTVSPost2010PropOp51
 70
     0
102
RTVSPost2010Prop52
140
1.0
102
RTVSPost2010PropOp52
 70
     0
102
RTVSPost2010Prop53
 90
        2
102
RTVSPost2010PropOp53
 70
     1
102
RTVSPost2010Prop54
  1
strokes_ogs.tif
102
RTVSPost2010PropOp54
 70
     1
102
RTVSPost2010Prop55
280
     0
102
RTVSPost2010PropOp55
 70
     1
102
RTVSPost2010Prop56
140
1.0
102
RTVSPost2010PropOp56
 70
     1
102
RTVSPost2010Prop57
140
1.0
102
RTVSPost2010PropOp57
 70
     1
  0
XRECORD
  5
26AB
102
{ACAD_REACTORS
330
26AA
102
}
330
26AA
100
AcDbXrecord
280
     1
102
RTVSPost2010Prop28
280
     0
102
RTVSPost2010PropOp28
 70
     1
102
RTVSPost2010Prop29
280
     1
102
RTVSPost2010PropOp29
 70
     1
102
RTVSPost2010Prop30
280
     1
102
RTVSPost2010PropOp30
 70
     1
102
RTVSPost2010Prop31
280
     0
102
RTVSPost2010PropOp31
 70
     1
102
RTVSPost2010Prop32
280
     0
102
RTVSPost2010PropOp32
 70
     1
102
RTVSPost2010Prop33
280
     0
102
RTVSPost2010PropOp33
 70
     1
102
RTVSPost2010Prop34
280
     0
102
RTVSPost2010PropOp34
 70
     1
102
RTVSPost2010Prop35
280
     0
102
RTVSPost2010PropOp35
 70
     1
102
RTVSPost2010Prop36
280
     0
102
RTVSPost2010PropOp36
 70
     1
102
RTVSPost2010Prop37
 90
       50
102
RTVSPost2010PropOp37
 70
     1
102
RTVSPost2010Prop38
140
0.0
102
RTVSPost2010PropOp38
 70
     1
102
RTVSPost2010Prop39
140
1.0
102
RTVSPost2010PropOp39
 70
     1
102
RTVSPost2010Prop40
 90
        0
102
RTVSPost2010PropOp40
 70
     1
102
RTVSPost2010Prop41ColorIndex
 90
       18
102
RTVSPost2010Prop41ColorRGB
 90
        0
102
RTVSPost2010PropOp41
 70
     1
102
RTVSPost2010Prop42
 90
       50
102
RTVSPost2010PropOp42
 70
     1
102
RTVSPost2010Prop43
 90
        3
102
RTVSPost2010PropOp43
 70
     1
102
RTVSPost2010Prop44ColorIndex
 90
        5
102
RTVSPost2010Prop44ColorRGB
 90
      255
102
RTVSPost2010PropOp44
 70
     1
102
RTVSPost2010Prop45
280
     0
102
RTVSPost2010PropOp45
 70
     1
102
RTVSPost2010Prop46
 90
       50
102
RTVSPost2010PropOp46
 70
     1
102
RTVSPost2010Prop47
 90
       50
102
RTVSPost2010PropOp47
 70
     1
102
RTVSPost2010Prop48
 90
       50
102
RTVSPost2010PropOp48
 70
     1
102
RTVSPost2010Prop49
280
     0
102
RTVSPost2010PropOp49
 70
     1
102
RTVSPost2010Prop50
 90
       50
102
RTVSPost2010PropOp50
 70
     1
102
RTVSPost2010Prop51ColorIndex
 90
      256
102
RTVSPost2010Prop51ColorRGB
 90
-16777216
102
RTVSPost2010PropOp51
 70
     0
102
RTVSPost2010Prop52
140
1.0
102
RTVSPost2010PropOp52
 70
     0
102
RTVSPost2010Prop53
 90
        2
102
RTVSPost2010PropOp53
 70
     1
102
RTVSPost2010Prop54
  1
strokes_ogs.tif
102
RTVSPost2010PropOp54
 70
     1
102
RTVSPost2010Prop55
280
     0
102
RTVSPost2010PropOp55
 70
     1
102
RTVSPost2010Prop56
140
1.0
102
RTVSPost2010PropOp56
 70
     1
102
RTVSPost2010Prop57
140
1.0
102
RTVSPost2010PropOp57
 70
     1
  0
XRECORD
  5
26AD
102
{ACAD_REACTORS
330
26AC
102
}
330
26AC
100
AcDbXrecord
280
     1
102
RTVSPost2010Prop28
280
     0
102
RTVSPost2010PropOp28
 70
     1
102
RTVSPost2010Prop29
280
     1
102
RTVSPost2010PropOp29
 70
     1
102
RTVSPost2010Prop30
280
     1
102
RTVSPost2010PropOp30
 70
     1
102
RTVSPost2010Prop31
280
     0
102
RTVSPost2010PropOp31
 70
     1
102
RTVSPost2010Prop32
280
     0
102
RTVSPost2010PropOp32
 70
     1
102
RTVSPost2010Prop33
280
     0
102
RTVSPost2010PropOp33
 70
     1
102
RTVSPost2010Prop34
280
     0
102
RTVSPost2010PropOp34
 70
     1
102
RTVSPost2010Prop35
280
     0
102
RTVSPost2010PropOp35
 70
     1
102
RTVSPost2010Prop36
280
     0
102
RTVSPost2010PropOp36
 70
     1
102
RTVSPost2010Prop37
 90
       50
102
RTVSPost2010PropOp37
 70
     1
102
RTVSPost2010Prop38
140
0.0
102
RTVSPost2010PropOp38
 70
     1
102
RTVSPost2010Prop39
140
1.0
102
RTVSPost2010PropOp39
 70
     1
102
RTVSPost2010Prop40
 90
        0
102
RTVSPost2010PropOp40
 70
     1
102
RTVSPost2010Prop41ColorIndex
 90
       18
102
RTVSPost2010Prop41ColorRGB
 90
        0
102
RTVSPost2010PropOp41
 70
     1
102
RTVSPost2010Prop42
 90
       50
102
RTVSPost2010PropOp42
 70
     1
102
RTVSPost2010Prop43
 90
        3
102
RTVSPost2010PropOp43
 70
     1
102
RTVSPost2010Prop44ColorIndex
 90
        5
102
RTVSPost2010Prop44ColorRGB
 90
      255
102
RTVSPost2010PropOp44
 70
     1
102
RTVSPost2010Prop45
280
     0
102
RTVSPost2010PropOp45
 70
     1
102
RTVSPost2010Prop46
 90
       50
102
RTVSPost2010PropOp46
 70
     1
102
RTVSPost2010Prop47
 90
       50
102
RTVSPost2010PropOp47
 70
     1
102
RTVSPost2010Prop48
 90
       50
102
RTVSPost2010PropOp48
 70
     1
102
RTVSPost2010Prop49
280
     0
102
RTVSPost2010PropOp49
 70
     1
102
RTVSPost2010Prop50
 90
       50
102
RTVSPost2010PropOp50
 70
     1
102
RTVSPost2010Prop51ColorIndex
 90
      256
102
RTVSPost2010Prop51ColorRGB
 90
-16777216
102
RTVSPost2010PropOp51
 70
     0
102
RTVSPost2010Prop52
140
1.0
102
RTVSPost2010PropOp52
 70
     0
102
RTVSPost2010Prop53
 90
        2
102
RTVSPost2010PropOp53
 70
     1
102
RTVSPost2010Prop54
  1
strokes_ogs.tif
102
RTVSPost2010PropOp54
 70
     1
102
RTVSPost2010Prop55
280
     0
102
RTVSPost2010PropOp55
 70
     1
102
RTVSPost2010Prop56
140
1.0
102
RTVSPost2010PropOp56
 70
     1
102
RTVSPost2010Prop57
140
1.0
102
RTVSPost2010PropOp57
 70
     1
  0
XRECORD
  5
26AF
102
{ACAD_REACTORS
330
26AE
102
}
330
26AE
100
AcDbXrecord
280
     1
102
RTVSPost2010Prop28
280
     0
102
RTVSPost2010PropOp28
 70
     1
102
RTVSPost2010Prop29
280
     1
102
RTVSPost2010PropOp29
 70
     1
102
RTVSPost2010Prop30
280
     1
102
RTVSPost2010PropOp30
 70
     1
102
RTVSPost2010Prop31
280
     0
102
RTVSPost2010PropOp31
 70
     1
102
RTVSPost2010Prop32
280
     0
102
RTVSPost2010PropOp32
 70
     1
102
RTVSPost2010Prop33
280
     0
102
RTVSPost2010PropOp33
 70
     1
102
RTVSPost2010Prop34
280
     0
102
RTVSPost2010PropOp34
 70
     1
102
RTVSPost2010Prop35
280
     0
102
RTVSPost2010PropOp35
 70
     1
102
RTVSPost2010Prop36
280
     0
102
RTVSPost2010PropOp36
 70
     1
102
RTVSPost2010Prop37
 90
       50
102
RTVSPost2010PropOp37
 70
     1
102
RTVSPost2010Prop38
140
0.0
102
RTVSPost2010PropOp38
 70
     1
102
RTVSPost2010Prop39
140
1.0
102
RTVSPost2010PropOp39
 70
     1
102
RTVSPost2010Prop40
 90
        0
102
RTVSPost2010PropOp40
 70
     1
102
RTVSPost2010Prop41ColorIndex
 90
       18
102
RTVSPost2010Prop41ColorRGB
 90
        0
102
RTVSPost2010PropOp41
 70
     1
102
RTVSPost2010Prop42
 90
       50
102
RTVSPost2010PropOp42
 70
     1
102
RTVSPost2010Prop43
 90
        3
102
RTVSPost2010PropOp43
 70
     1
102
RTVSPost2010Prop44ColorIndex
 90
        5
102
RTVSPost2010Prop44ColorRGB
 90
      255
102
RTVSPost2010PropOp44
 70
     1
102
RTVSPost2010Prop45
280
     0
102
RTVSPost2010PropOp45
 70
     1
102
RTVSPost2010Prop46
 90
       50
102
RTVSPost2010PropOp46
 70
     1
102
RTVSPost2010Prop47
 90
       50
102
RTVSPost2010PropOp47
 70
     1
102
RTVSPost2010Prop48
 90
       50
102
RTVSPost2010PropOp48
 70
     1
102
RTVSPost2010Prop49
280
     0
102
RTVSPost2010PropOp49
 70
     1
102
RTVSPost2010Prop50
 90
       50
102
RTVSPost2010PropOp50
 70
     1
102
RTVSPost2010Prop51ColorIndex
 90
      256
102
RTVSPost2010Prop51ColorRGB
 90
-16777216
102
RTVSPost2010PropOp51
 70
     0
102
RTVSPost2010Prop52
140
1.0
102
RTVSPost2010PropOp52
 70
     0
102
RTVSPost2010Prop53
 90
        2
102
RTVSPost2010PropOp53
 70
     1
102
RTVSPost2010Prop54
  1
strokes_ogs.tif
102
RTVSPost2010PropOp54
 70
     1
102
RTVSPost2010Prop55
280
     0
102
RTVSPost2010PropOp55
 70
     1
102
RTVSPost2010Prop56
140
1.0
102
RTVSPost2010PropOp56
 70
     1
102
RTVSPost2010Prop57
140
1.0
102
RTVSPost2010PropOp57
 70
     1
  0
XRECORD
  5
26B1
102
{ACAD_REACTORS
330
26B0
102
}
330
26B0
100
AcDbXrecord
280
     1
102
RTVSPost2010Prop28
280
     0
102
RTVSPost2010PropOp28
 70
     1
102
RTVSPost2010Prop29
280
     1
102
RTVSPost2010PropOp29
 70
     1
102
RTVSPost2010Prop30
280
     1
102
RTVSPost2010PropOp30
 70
     1
102
RTVSPost2010Prop31
280
     0
102
RTVSPost2010PropOp31
 70
     1
102
RTVSPost2010Prop32
280
     0
102
RTVSPost2010PropOp32
 70
     1
102
RTVSPost2010Prop33
280
     0
102
RTVSPost2010PropOp33
 70
     1
102
RTVSPost2010Prop34
280
     0
102
RTVSPost2010PropOp34
 70
     1
102
RTVSPost2010Prop35
280
     0
102
RTVSPost2010PropOp35
 70
     1
102
RTVSPost2010Prop36
280
     0
102
RTVSPost2010PropOp36
 70
     1
102
RTVSPost2010Prop37
 90
       50
102
RTVSPost2010PropOp37
 70
     1
102
RTVSPost2010Prop38
140
0.0
102
RTVSPost2010PropOp38
 70
     1
102
RTVSPost2010Prop39
140
1.0
102
RTVSPost2010PropOp39
 70
     1
102
RTVSPost2010Prop40
 90
        0
102
RTVSPost2010PropOp40
 70
     1
102
RTVSPost2010Prop41ColorIndex
 90
       18
102
RTVSPost2010Prop41ColorRGB
 90
        0
102
RTVSPost2010PropOp41
 70
     1
102
RTVSPost2010Prop42
 90
       50
102
RTVSPost2010PropOp42
 70
     1
102
RTVSPost2010Prop43
 90
        3
102
RTVSPost2010PropOp43
 70
     1
102
RTVSPost2010Prop44ColorIndex
 90
        5
102
RTVSPost2010Prop44ColorRGB
 90
      255
102
RTVSPost2010PropOp44
 70
     1
102
RTVSPost2010Prop45
280
     0
102
RTVSPost2010PropOp45
 70
     1
102
RTVSPost2010Prop46
 90
       50
102
RTVSPost2010PropOp46
 70
     1
102
RTVSPost2010Prop47
 90
       50
102
RTVSPost2010PropOp47
 70
     1
102
RTVSPost2010Prop48
 90
       50
102
RTVSPost2010PropOp48
 70
     1
102
RTVSPost2010Prop49
280
     0
102
RTVSPost2010PropOp49
 70
     1
102
RTVSPost2010Prop50
 90
       50
102
RTVSPost2010PropOp50
 70
     1
102
RTVSPost2010Prop51ColorIndex
 90
      256
102
RTVSPost2010Prop51ColorRGB
 90
-16777216
102
RTVSPost2010PropOp51
 70
     0
102
RTVSPost2010Prop52
140
1.0
102
RTVSPost2010PropOp52
 70
     0
102
RTVSPost2010Prop53
 90
        2
102
RTVSPost2010PropOp53
 70
     1
102
RTVSPost2010Prop54
  1
strokes_ogs.tif
102
RTVSPost2010PropOp54
 70
     1
102
RTVSPost2010Prop55
280
     0
102
RTVSPost2010PropOp55
 70
     1
102
RTVSPost2010Prop56
140
1.0
102
RTVSPost2010PropOp56
 70
     1
102
RTVSPost2010Prop57
140
1.0
102
RTVSPost2010PropOp57
 70
     1
  0
XRECORD
  5
26B3
102
{ACAD_REACTORS
330
26B2
102
}
330
26B2
100
AcDbXrecord
280
     1
102
RTVSPost2010Prop28
280
     0
102
RTVSPost2010PropOp28
 70
     1
102
RTVSPost2010Prop29
280
     1
102
RTVSPost2010PropOp29
 70
     1
102
RTVSPost2010Prop30
280
     1
102
RTVSPost2010PropOp30
 70
     1
102
RTVSPost2010Prop31
280
     0
102
RTVSPost2010PropOp31
 70
     1
102
RTVSPost2010Prop32
280
     0
102
RTVSPost2010PropOp32
 70
     1
102
RTVSPost2010Prop33
280
     0
102
RTVSPost2010PropOp33
 70
     1
102
RTVSPost2010Prop34
280
     0
102
RTVSPost2010PropOp34
 70
     1
102
RTVSPost2010Prop35
280
     0
102
RTVSPost2010PropOp35
 70
     1
102
RTVSPost2010Prop36
280
     0
102
RTVSPost2010PropOp36
 70
     1
102
RTVSPost2010Prop37
 90
       50
102
RTVSPost2010PropOp37
 70
     1
102
RTVSPost2010Prop38
140
0.0
102
RTVSPost2010PropOp38
 70
     1
102
RTVSPost2010Prop39
140
1.0
102
RTVSPost2010PropOp39
 70
     1
102
RTVSPost2010Prop40
 90
        0
102
RTVSPost2010PropOp40
 70
     1
102
RTVSPost2010Prop41ColorIndex
 90
       18
102
RTVSPost2010Prop41ColorRGB
 90
        0
102
RTVSPost2010PropOp41
 70
     1
102
RTVSPost2010Prop42
 90
       50
102
RTVSPost2010PropOp42
 70
     1
102
RTVSPost2010Prop43
 90
        3
102
RTVSPost2010PropOp43
 70
     1
102
RTVSPost2010Prop44ColorIndex
 90
        5
102
RTVSPost2010Prop44ColorRGB
 90
      255
102
RTVSPost2010PropOp44
 70
     1
102
RTVSPost2010Prop45
280
     0
102
RTVSPost2010PropOp45
 70
     1
102
RTVSPost2010Prop46
 90
       50
102
RTVSPost2010PropOp46
 70
     1
102
RTVSPost2010Prop47
 90
       50
102
RTVSPost2010PropOp47
 70
     1
102
RTVSPost2010Prop48
 90
       50
102
RTVSPost2010PropOp48
 70
     1
102
RTVSPost2010Prop49
280
     0
102
RTVSPost2010PropOp49
 70
     1
102
RTVSPost2010Prop50
 90
       50
102
RTVSPost2010PropOp50
 70
     1
102
RTVSPost2010Prop51ColorIndex
 90
      256
102
RTVSPost2010Prop51ColorRGB
 90
-16777216
102
RTVSPost2010PropOp51
 70
     0
102
RTVSPost2010Prop52
140
1.0
102
RTVSPost2010PropOp52
 70
     0
102
RTVSPost2010Prop53
 90
        2
102
RTVSPost2010PropOp53
 70
     1
102
RTVSPost2010Prop54
  1
strokes_ogs.tif
102
RTVSPost2010PropOp54
 70
     1
102
RTVSPost2010Prop55
280
     0
102
RTVSPost2010PropOp55
 70
     1
102
RTVSPost2010Prop56
140
1.0
102
RTVSPost2010PropOp56
 70
     1
102
RTVSPost2010Prop57
140
1.0
102
RTVSPost2010PropOp57
 70
     1
  0
XRECORD
  5
26B5
102
{ACAD_REACTORS
330
26B4
102
}
330
26B4
100
AcDbXrecord
280
     1
102
RTVSPost2010Prop28
280
     0
102
RTVSPost2010PropOp28
 70
     1
102
RTVSPost2010Prop29
280
     1
102
RTVSPost2010PropOp29
 70
     1
102
RTVSPost2010Prop30
280
     1
102
RTVSPost2010PropOp30
 70
     1
102
RTVSPost2010Prop31
280
     0
102
RTVSPost2010PropOp31
 70
     1
102
RTVSPost2010Prop32
280
     0
102
RTVSPost2010PropOp32
 70
     1
102
RTVSPost2010Prop33
280
     0
102
RTVSPost2010PropOp33
 70
     1
102
RTVSPost2010Prop34
280
     0
102
RTVSPost2010PropOp34
 70
     1
102
RTVSPost2010Prop35
280
     0
102
RTVSPost2010PropOp35
 70
     1
102
RTVSPost2010Prop36
280
     0
102
RTVSPost2010PropOp36
 70
     1
102
RTVSPost2010Prop37
 90
       50
102
RTVSPost2010PropOp37
 70
     1
102
RTVSPost2010Prop38
140
0.0
102
RTVSPost2010PropOp38
 70
     1
102
RTVSPost2010Prop39
140
1.0
102
RTVSPost2010PropOp39
 70
     1
102
RTVSPost2010Prop40
 90
        0
102
RTVSPost2010PropOp40
 70
     1
102
RTVSPost2010Prop41ColorIndex
 90
       18
102
RTVSPost2010Prop41ColorRGB
 90
        0
102
RTVSPost2010PropOp41
 70
     1
102
RTVSPost2010Prop42
 90
       50
102
RTVSPost2010PropOp42
 70
     1
102
RTVSPost2010Prop43
 90
        3
102
RTVSPost2010PropOp43
 70
     1
102
RTVSPost2010Prop44ColorIndex
 90
        5
102
RTVSPost2010Prop44ColorRGB
 90
      255
102
RTVSPost2010PropOp44
 70
     1
102
RTVSPost2010Prop45
280
     0
102
RTVSPost2010PropOp45
 70
     1
102
RTVSPost2010Prop46
 90
       50
102
RTVSPost2010PropOp46
 70
     1
102
RTVSPost2010Prop47
 90
       50
102
RTVSPost2010PropOp47
 70
     1
102
RTVSPost2010Prop48
 90
       50
102
RTVSPost2010PropOp48
 70
     1
102
RTVSPost2010Prop49
280
     0
102
RTVSPost2010PropOp49
 70
     1
102
RTVSPost2010Prop50
 90
       50
102
RTVSPost2010PropOp50
 70
     1
102
RTVSPost2010Prop51ColorIndex
 90
      256
102
RTVSPost2010Prop51ColorRGB
 90
-16777216
102
RTVSPost2010PropOp51
 70
     0
102
RTVSPost2010Prop52
140
1.0
102
RTVSPost2010PropOp52
 70
     0
102
RTVSPost2010Prop53
 90
        2
102
RTVSPost2010PropOp53
 70
     1
102
RTVSPost2010Prop54
  1
strokes_ogs.tif
102
RTVSPost2010PropOp54
 70
     1
102
RTVSPost2010Prop55
280
     0
102
RTVSPost2010PropOp55
 70
     1
102
RTVSPost2010Prop56
140
1.0
102
RTVSPost2010PropOp56
 70
     1
102
RTVSPost2010Prop57
140
1.0
102
RTVSPost2010PropOp57
 70
     1
  0
XRECORD
  5
26B7
102
{ACAD_REACTORS
330
26B6
102
}
330
26B6
100
AcDbXrecord
280
     1
102
RTVSPost2010Prop28
280
     0
102
RTVSPost2010PropOp28
 70
     1
102
RTVSPost2010Prop29
280
     1
102
RTVSPost2010PropOp29
 70
     1
102
RTVSPost2010Prop30
280
     1
102
RTVSPost2010PropOp30
 70
     1
102
RTVSPost2010Prop31
280
     0
102
RTVSPost2010PropOp31
 70
     1
102
RTVSPost2010Prop32
280
     0
102
RTVSPost2010PropOp32
 70
     1
102
RTVSPost2010Prop33
280
     0
102
RTVSPost2010PropOp33
 70
     1
102
RTVSPost2010Prop34
280
     0
102
RTVSPost2010PropOp34
 70
     1
102
RTVSPost2010Prop35
280
     0
102
RTVSPost2010PropOp35
 70
     1
102
RTVSPost2010Prop36
280
     0
102
RTVSPost2010PropOp36
 70
     1
102
RTVSPost2010Prop37
 90
       50
102
RTVSPost2010PropOp37
 70
     1
102
RTVSPost2010Prop38
140
0.0
102
RTVSPost2010PropOp38
 70
     1
102
RTVSPost2010Prop39
140
1.0
102
RTVSPost2010PropOp39
 70
     1
102
RTVSPost2010Prop40
 90
        0
102
RTVSPost2010PropOp40
 70
     1
102
RTVSPost2010Prop41ColorIndex
 90
       18
102
RTVSPost2010Prop41ColorRGB
 90
        0
102
RTVSPost2010PropOp41
 70
     1
102
RTVSPost2010Prop42
 90
       50
102
RTVSPost2010PropOp42
 70
     1
102
RTVSPost2010Prop43
 90
        3
102
RTVSPost2010PropOp43
 70
     1
102
RTVSPost2010Prop44ColorIndex
 90
        5
102
RTVSPost2010Prop44ColorRGB
 90
      255
102
RTVSPost2010PropOp44
 70
     1
102
RTVSPost2010Prop45
280
     0
102
RTVSPost2010PropOp45
 70
     1
102
RTVSPost2010Prop46
 90
       50
102
RTVSPost2010PropOp46
 70
     1
102
RTVSPost2010Prop47
 90
       50
102
RTVSPost2010PropOp47
 70
     1
102
RTVSPost2010Prop48
 90
       50
102
RTVSPost2010PropOp48
 70
     1
102
RTVSPost2010Prop49
280
     0
102
RTVSPost2010PropOp49
 70
     1
102
RTVSPost2010Prop50
 90
       50
102
RTVSPost2010PropOp50
 70
     1
102
RTVSPost2010Prop51ColorIndex
 90
      256
102
RTVSPost2010Prop51ColorRGB
 90
-16777216
102
RTVSPost2010PropOp51
 70
     0
102
RTVSPost2010Prop52
140
1.0
102
RTVSPost2010PropOp52
 70
     0
102
RTVSPost2010Prop53
 90
        2
102
RTVSPost2010PropOp53
 70
     1
102
RTVSPost2010Prop54
  1
strokes_ogs.tif
102
RTVSPost2010PropOp54
 70
     1
102
RTVSPost2010Prop55
280
     0
102
RTVSPost2010PropOp55
 70
     1
102
RTVSPost2010Prop56
140
1.0
102
RTVSPost2010PropOp56
 70
     1
102
RTVSPost2010Prop57
140
1.0
102
RTVSPost2010PropOp57
 70
     1
  0
XRECORD
  5
26B9
102
{ACAD_REACTORS
330
26B8
102
}
330
26B8
100
AcDbXrecord
280
     1
102
RTVSPost2010Prop28
280
     0
102
RTVSPost2010PropOp28
 70
     1
102
RTVSPost2010Prop29
280
     1
102
RTVSPost2010PropOp29
 70
     1
102
RTVSPost2010Prop30
280
     1
102
RTVSPost2010PropOp30
 70
     1
102
RTVSPost2010Prop31
280
     0
102
RTVSPost2010PropOp31
 70
     1
102
RTVSPost2010Prop32
280
     0
102
RTVSPost2010PropOp32
 70
     1
102
RTVSPost2010Prop33
280
     0
102
RTVSPost2010PropOp33
 70
     1
102
RTVSPost2010Prop34
280
     0
102
RTVSPost2010PropOp34
 70
     1
102
RTVSPost2010Prop35
280
     0
102
RTVSPost2010PropOp35
 70
     1
102
RTVSPost2010Prop36
280
     0
102
RTVSPost2010PropOp36
 70
     1
102
RTVSPost2010Prop37
 90
       50
102
RTVSPost2010PropOp37
 70
     1
102
RTVSPost2010Prop38
140
0.0
102
RTVSPost2010PropOp38
 70
     1
102
RTVSPost2010Prop39
140
1.0
102
RTVSPost2010PropOp39
 70
     1
102
RTVSPost2010Prop40
 90
        0
102
RTVSPost2010PropOp40
 70
     1
102
RTVSPost2010Prop41ColorIndex
 90
       18
102
RTVSPost2010Prop41ColorRGB
 90
        0
102
RTVSPost2010PropOp41
 70
     1
102
RTVSPost2010Prop42
 90
       50
102
RTVSPost2010PropOp42
 70
     1
102
RTVSPost2010Prop43
 90
        3
102
RTVSPost2010PropOp43
 70
     1
102
RTVSPost2010Prop44ColorIndex
 90
        5
102
RTVSPost2010Prop44ColorRGB
 90
      255
102
RTVSPost2010PropOp44
 70
     1
102
RTVSPost2010Prop45
280
     0
102
RTVSPost2010PropOp45
 70
     1
102
RTVSPost2010Prop46
 90
       50
102
RTVSPost2010PropOp46
 70
     1
102
RTVSPost2010Prop47
 90
       50
102
RTVSPost2010PropOp47
 70
     1
102
RTVSPost2010Prop48
 90
       50
102
RTVSPost2010PropOp48
 70
     1
102
RTVSPost2010Prop49
280
     0
102
RTVSPost2010PropOp49
 70
     1
102
RTVSPost2010Prop50
 90
       50
102
RTVSPost2010PropOp50
 70
     1
102
RTVSPost2010Prop51ColorIndex
 90
      256
102
RTVSPost2010Prop51ColorRGB
 90
-16777216
102
RTVSPost2010PropOp51
 70
     0
102
RTVSPost2010Prop52
140
1.0
102
RTVSPost2010PropOp52
 70
     0
102
RTVSPost2010Prop53
 90
        2
102
RTVSPost2010PropOp53
 70
     1
102
RTVSPost2010Prop54
  1
strokes_ogs.tif
102
RTVSPost2010PropOp54
 70
     1
102
RTVSPost2010Prop55
280
     0
102
RTVSPost2010PropOp55
 70
     1
102
RTVSPost2010Prop56
140
1.0
102
RTVSPost2010PropOp56
 70
     1
102
RTVSPost2010Prop57
140
1.0
102
RTVSPost2010PropOp57
 70
     1
  0
XRECORD
  5
26BB
102
{ACAD_REACTORS
330
26BA
102
}
330
26BA
100
AcDbXrecord
280
     1
102
RTVSPost2010Prop28
280
     0
102
RTVSPost2010PropOp28
 70
     1
102
RTVSPost2010Prop29
280
     1
102
RTVSPost2010PropOp29
 70
     1
102
RTVSPost2010Prop30
280
     1
102
RTVSPost2010PropOp30
 70
     1
102
RTVSPost2010Prop31
280
     0
102
RTVSPost2010PropOp31
 70
     1
102
RTVSPost2010Prop32
280
     0
102
RTVSPost2010PropOp32
 70
     1
102
RTVSPost2010Prop33
280
     0
102
RTVSPost2010PropOp33
 70
     1
102
RTVSPost2010Prop34
280
     0
102
RTVSPost2010PropOp34
 70
     1
102
RTVSPost2010Prop35
280
     0
102
RTVSPost2010PropOp35
 70
     1
102
RTVSPost2010Prop36
280
     0
102
RTVSPost2010PropOp36
 70
     1
102
RTVSPost2010Prop37
 90
       50
102
RTVSPost2010PropOp37
 70
     1
102
RTVSPost2010Prop38
140
0.0
102
RTVSPost2010PropOp38
 70
     1
102
RTVSPost2010Prop39
140
1.0
102
RTVSPost2010PropOp39
 70
     1
102
RTVSPost2010Prop40
 90
        0
102
RTVSPost2010PropOp40
 70
     1
102
RTVSPost2010Prop41ColorIndex
 90
       18
102
RTVSPost2010Prop41ColorRGB
 90
        0
102
RTVSPost2010PropOp41
 70
     1
102
RTVSPost2010Prop42
 90
       50
102
RTVSPost2010PropOp42
 70
     1
102
RTVSPost2010Prop43
 90
        3
102
RTVSPost2010PropOp43
 70
     1
102
RTVSPost2010Prop44ColorIndex
 90
        5
102
RTVSPost2010Prop44ColorRGB
 90
      255
102
RTVSPost2010PropOp44
 70
     1
102
RTVSPost2010Prop45
280
     0
102
RTVSPost2010PropOp45
 70
     1
102
RTVSPost2010Prop46
 90
       50
102
RTVSPost2010PropOp46
 70
     1
102
RTVSPost2010Prop47
 90
       50
102
RTVSPost2010PropOp47
 70
     1
102
RTVSPost2010Prop48
 90
       50
102
RTVSPost2010PropOp48
 70
     1
102
RTVSPost2010Prop49
280
     0
102
RTVSPost2010PropOp49
 70
     1
102
RTVSPost2010Prop50
 90
       50
102
RTVSPost2010PropOp50
 70
     1
102
RTVSPost2010Prop51ColorIndex
 90
      256
102
RTVSPost2010Prop51ColorRGB
 90
-16777216
102
RTVSPost2010PropOp51
 70
     0
102
RTVSPost2010Prop52
140
1.0
102
RTVSPost2010PropOp52
 70
     0
102
RTVSPost2010Prop53
 90
        2
102
RTVSPost2010PropOp53
 70
     1
102
RTVSPost2010Prop54
  1
strokes_ogs.tif
102
RTVSPost2010PropOp54
 70
     1
102
RTVSPost2010Prop55
280
     0
102
RTVSPost2010PropOp55
 70
     1
102
RTVSPost2010Prop56
140
1.0
102
RTVSPost2010PropOp56
 70
     1
102
RTVSPost2010Prop57
140
1.0
102
RTVSPost2010PropOp57
 70
     1
  0
XRECORD
  5
26BD
102
{ACAD_REACTORS
330
26BC
102
}
330
26BC
100
AcDbXrecord
280
     1
102
RTVSPost2010Prop28
280
     0
102
RTVSPost2010PropOp28
 70
     1
102
RTVSPost2010Prop29
280
     1
102
RTVSPost2010PropOp29
 70
     1
102
RTVSPost2010Prop30
280
     1
102
RTVSPost2010PropOp30
 70
     1
102
RTVSPost2010Prop31
280
     0
102
RTVSPost2010PropOp31
 70
     1
102
RTVSPost2010Prop32
280
     0
102
RTVSPost2010PropOp32
 70
     1
102
RTVSPost2010Prop33
280
     0
102
RTVSPost2010PropOp33
 70
     1
102
RTVSPost2010Prop34
280
     0
102
RTVSPost2010PropOp34
 70
     1
102
RTVSPost2010Prop35
280
     0
102
RTVSPost2010PropOp35
 70
     1
102
RTVSPost2010Prop36
280
     0
102
RTVSPost2010PropOp36
 70
     1
102
RTVSPost2010Prop37
 90
       50
102
RTVSPost2010PropOp37
 70
     1
102
RTVSPost2010Prop38
140
0.0
102
RTVSPost2010PropOp38
 70
     1
102
RTVSPost2010Prop39
140
1.0
102
RTVSPost2010PropOp39
 70
     1
102
RTVSPost2010Prop40
 90
        0
102
RTVSPost2010PropOp40
 70
     1
102
RTVSPost2010Prop41ColorIndex
 90
       18
102
RTVSPost2010Prop41ColorRGB
 90
        0
102
RTVSPost2010PropOp41
 70
     1
102
RTVSPost2010Prop42
 90
       50
102
RTVSPost2010PropOp42
 70
     1
102
RTVSPost2010Prop43
 90
        3
102
RTVSPost2010PropOp43
 70
     1
102
RTVSPost2010Prop44ColorIndex
 90
        5
102
RTVSPost2010Prop44ColorRGB
 90
      255
102
RTVSPost2010PropOp44
 70
     1
102
RTVSPost2010Prop45
280
     0
102
RTVSPost2010PropOp45
 70
     1
102
RTVSPost2010Prop46
 90
       50
102
RTVSPost2010PropOp46
 70
     1
102
RTVSPost2010Prop47
 90
       50
102
RTVSPost2010PropOp47
 70
     1
102
RTVSPost2010Prop48
 90
       50
102
RTVSPost2010PropOp48
 70
     1
102
RTVSPost2010Prop49
280
     0
102
RTVSPost2010PropOp49
 70
     1
102
RTVSPost2010Prop50
 90
       50
102
RTVSPost2010PropOp50
 70
     1
102
RTVSPost2010Prop51ColorIndex
 90
      256
102
RTVSPost2010Prop51ColorRGB
 90
-16777216
102
RTVSPost2010PropOp51
 70
     0
102
RTVSPost2010Prop52
140
1.0
102
RTVSPost2010PropOp52
 70
     0
102
RTVSPost2010Prop53
 90
        2
102
RTVSPost2010PropOp53
 70
     1
102
RTVSPost2010Prop54
  1
strokes_ogs.tif
102
RTVSPost2010PropOp54
 70
     1
102
RTVSPost2010Prop55
280
     0
102
RTVSPost2010PropOp55
 70
     1
102
RTVSPost2010Prop56
140
1.0
102
RTVSPost2010PropOp56
 70
     1
102
RTVSPost2010Prop57
140
1.0
102
RTVSPost2010PropOp57
 70
     1
  0
XRECORD
  5
26BF
102
{ACAD_REACTORS
330
26BE
102
}
330
26BE
100
AcDbXrecord
280
     1
102
RTVSPost2010Prop28
280
     0
102
RTVSPost2010PropOp28
 70
     1
102
RTVSPost2010Prop29
280
     1
102
RTVSPost2010PropOp29
 70
     1
102
RTVSPost2010Prop30
280
     1
102
RTVSPost2010PropOp30
 70
     1
102
RTVSPost2010Prop31
280
     0
102
RTVSPost2010PropOp31
 70
     1
102
RTVSPost2010Prop32
280
     0
102
RTVSPost2010PropOp32
 70
     1
102
RTVSPost2010Prop33
280
     0
102
RTVSPost2010PropOp33
 70
     1
102
RTVSPost2010Prop34
280
     0
102
RTVSPost2010PropOp34
 70
     1
102
RTVSPost2010Prop35
280
     0
102
RTVSPost2010PropOp35
 70
     1
102
RTVSPost2010Prop36
280
     0
102
RTVSPost2010PropOp36
 70
     1
102
RTVSPost2010Prop37
 90
       50
102
RTVSPost2010PropOp37
 70
     1
102
RTVSPost2010Prop38
140
0.0
102
RTVSPost2010PropOp38
 70
     1
102
RTVSPost2010Prop39
140
1.0
102
RTVSPost2010PropOp39
 70
     1
102
RTVSPost2010Prop40
 90
        0
102
RTVSPost2010PropOp40
 70
     1
102
RTVSPost2010Prop41ColorIndex
 90
       18
102
RTVSPost2010Prop41ColorRGB
 90
        0
102
RTVSPost2010PropOp41
 70
     1
102
RTVSPost2010Prop42
 90
       50
102
RTVSPost2010PropOp42
 70
     1
102
RTVSPost2010Prop43
 90
        3
102
RTVSPost2010PropOp43
 70
     1
102
RTVSPost2010Prop44ColorIndex
 90
        5
102
RTVSPost2010Prop44ColorRGB
 90
      255
102
RTVSPost2010PropOp44
 70
     1
102
RTVSPost2010Prop45
280
     0
102
RTVSPost2010PropOp45
 70
     1
102
RTVSPost2010Prop46
 90
       50
102
RTVSPost2010PropOp46
 70
     1
102
RTVSPost2010Prop47
 90
       50
102
RTVSPost2010PropOp47
 70
     1
102
RTVSPost2010Prop48
 90
       50
102
RTVSPost2010PropOp48
 70
     1
102
RTVSPost2010Prop49
280
     0
102
RTVSPost2010PropOp49
 70
     1
102
RTVSPost2010Prop50
 90
       50
102
RTVSPost2010PropOp50
 70
     1
102
RTVSPost2010Prop51ColorIndex
 90
      256
102
RTVSPost2010Prop51ColorRGB
 90
-16777216
102
RTVSPost2010PropOp51
 70
     0
102
RTVSPost2010Prop52
140
1.0
102
RTVSPost2010PropOp52
 70
     0
102
RTVSPost2010Prop53
 90
        2
102
RTVSPost2010PropOp53
 70
     1
102
RTVSPost2010Prop54
  1
strokes_ogs.tif
102
RTVSPost2010PropOp54
 70
     1
102
RTVSPost2010Prop55
280
     0
102
RTVSPost2010PropOp55
 70
     1
102
RTVSPost2010Prop56
140
1.0
102
RTVSPost2010PropOp56
 70
     1
102
RTVSPost2010Prop57
140
1.0
102
RTVSPost2010PropOp57
 70
     1
  0
XRECORD
  5
26C1
102
{ACAD_REACTORS
330
26C0
102
}
330
26C0
100
AcDbXrecord
280
     1
102
RTVSPost2010Prop28
280
     0
102
RTVSPost2010PropOp28
 70
     1
102
RTVSPost2010Prop29
280
     1
102
RTVSPost2010PropOp29
 70
     1
102
RTVSPost2010Prop30
280
     1
102
RTVSPost2010PropOp30
 70
     1
102
RTVSPost2010Prop31
280
     0
102
RTVSPost2010PropOp31
 70
     1
102
RTVSPost2010Prop32
280
     0
102
RTVSPost2010PropOp32
 70
     1
102
RTVSPost2010Prop33
280
     0
102
RTVSPost2010PropOp33
 70
     1
102
RTVSPost2010Prop34
280
     0
102
RTVSPost2010PropOp34
 70
     1
102
RTVSPost2010Prop35
280
     0
102
RTVSPost2010PropOp35
 70
     1
102
RTVSPost2010Prop36
280
     0
102
RTVSPost2010PropOp36
 70
     1
102
RTVSPost2010Prop37
 90
       50
102
RTVSPost2010PropOp37
 70
     1
102
RTVSPost2010Prop38
140
0.0
102
RTVSPost2010PropOp38
 70
     1
102
RTVSPost2010Prop39
140
1.0
102
RTVSPost2010PropOp39
 70
     1
102
RTVSPost2010Prop40
 90
        0
102
RTVSPost2010PropOp40
 70
     1
102
RTVSPost2010Prop41ColorIndex
 90
       18
102
RTVSPost2010Prop41ColorRGB
 90
        0
102
RTVSPost2010PropOp41
 70
     1
102
RTVSPost2010Prop42
 90
       50
102
RTVSPost2010PropOp42
 70
     1
102
RTVSPost2010Prop43
 90
        3
102
RTVSPost2010PropOp43
 70
     1
102
RTVSPost2010Prop44ColorIndex
 90
        5
102
RTVSPost2010Prop44ColorRGB
 90
      255
102
RTVSPost2010PropOp44
 70
     1
102
RTVSPost2010Prop45
280
     0
102
RTVSPost2010PropOp45
 70
     1
102
RTVSPost2010Prop46
 90
       50
102
RTVSPost2010PropOp46
 70
     1
102
RTVSPost2010Prop47
 90
       50
102
RTVSPost2010PropOp47
 70
     1
102
RTVSPost2010Prop48
 90
       50
102
RTVSPost2010PropOp48
 70
     1
102
RTVSPost2010Prop49
280
     0
102
RTVSPost2010PropOp49
 70
     1
102
RTVSPost2010Prop50
 90
       50
102
RTVSPost2010PropOp50
 70
     1
102
RTVSPost2010Prop51ColorIndex
 90
      256
102
RTVSPost2010Prop51ColorRGB
 90
-16777216
102
RTVSPost2010PropOp51
 70
     0
102
RTVSPost2010Prop52
140
1.0
102
RTVSPost2010PropOp52
 70
     0
102
RTVSPost2010Prop53
 90
        2
102
RTVSPost2010PropOp53
 70
     1
102
RTVSPost2010Prop54
  1
strokes_ogs.tif
102
RTVSPost2010PropOp54
 70
     1
102
RTVSPost2010Prop55
280
     0
102
RTVSPost2010PropOp55
 70
     1
102
RTVSPost2010Prop56
140
1.0
102
RTVSPost2010PropOp56
 70
     1
102
RTVSPost2010Prop57
140
1.0
102
RTVSPost2010PropOp57
 70
     1
  0
XRECORD
  5
26C3
102
{ACAD_REACTORS
330
26C2
102
}
330
26C2
100
AcDbXrecord
280
     1
102
RTVSPost2010Prop28
280
     0
102
RTVSPost2010PropOp28
 70
     1
102
RTVSPost2010Prop29
280
     1
102
RTVSPost2010PropOp29
 70
     1
102
RTVSPost2010Prop30
280
     1
102
RTVSPost2010PropOp30
 70
     1
102
RTVSPost2010Prop31
280
     0
102
RTVSPost2010PropOp31
 70
     1
102
RTVSPost2010Prop32
280
     0
102
RTVSPost2010PropOp32
 70
     1
102
RTVSPost2010Prop33
280
     0
102
RTVSPost2010PropOp33
 70
     1
102
RTVSPost2010Prop34
280
     0
102
RTVSPost2010PropOp34
 70
     1
102
RTVSPost2010Prop35
280
     0
102
RTVSPost2010PropOp35
 70
     1
102
RTVSPost2010Prop36
280
     0
102
RTVSPost2010PropOp36
 70
     1
102
RTVSPost2010Prop37
 90
       50
102
RTVSPost2010PropOp37
 70
     1
102
RTVSPost2010Prop38
140
0.0
102
RTVSPost2010PropOp38
 70
     1
102
RTVSPost2010Prop39
140
1.0
102
RTVSPost2010PropOp39
 70
     1
102
RTVSPost2010Prop40
 90
        0
102
RTVSPost2010PropOp40
 70
     1
102
RTVSPost2010Prop41ColorIndex
 90
       18
102
RTVSPost2010Prop41ColorRGB
 90
        0
102
RTVSPost2010PropOp41
 70
     1
102
RTVSPost2010Prop42
 90
       50
102
RTVSPost2010PropOp42
 70
     1
102
RTVSPost2010Prop43
 90
        3
102
RTVSPost2010PropOp43
 70
     1
102
RTVSPost2010Prop44ColorIndex
 90
        5
102
RTVSPost2010Prop44ColorRGB
 90
      255
102
RTVSPost2010PropOp44
 70
     1
102
RTVSPost2010Prop45
280
     0
102
RTVSPost2010PropOp45
 70
     1
102
RTVSPost2010Prop46
 90
       50
102
RTVSPost2010PropOp46
 70
     1
102
RTVSPost2010Prop47
 90
       50
102
RTVSPost2010PropOp47
 70
     1
102
RTVSPost2010Prop48
 90
       50
102
RTVSPost2010PropOp48
 70
     1
102
RTVSPost2010Prop49
280
     0
102
RTVSPost2010PropOp49
 70
     1
102
RTVSPost2010Prop50
 90
       50
102
RTVSPost2010PropOp50
 70
     1
102
RTVSPost2010Prop51ColorIndex
 90
      256
102
RTVSPost2010Prop51ColorRGB
 90
-16777216
102
RTVSPost2010PropOp51
 70
     0
102
RTVSPost2010Prop52
140
1.0
102
RTVSPost2010PropOp52
 70
     0
102
RTVSPost2010Prop53
 90
        2
102
RTVSPost2010PropOp53
 70
     1
102
RTVSPost2010Prop54
  1
strokes_ogs.tif
102
RTVSPost2010PropOp54
 70
     1
102
RTVSPost2010Prop55
280
     0
102
RTVSPost2010PropOp55
 70
     1
102
RTVSPost2010Prop56
140
1.0
102
RTVSPost2010PropOp56
 70
     1
102
RTVSPost2010Prop57
140
1.0
102
RTVSPost2010PropOp57
 70
     1
  0
XRECORD
  5
26C5
102
{ACAD_REACTORS
330
26C4
102
}
330
26C4
100
AcDbXrecord
280
     1
102
RTVSPost2010Prop28
280
     0
102
RTVSPost2010PropOp28
 70
     1
102
RTVSPost2010Prop29
280
     1
102
RTVSPost2010PropOp29
 70
     1
102
RTVSPost2010Prop30
280
     1
102
RTVSPost2010PropOp30
 70
     1
102
RTVSPost2010Prop31
280
     0
102
RTVSPost2010PropOp31
 70
     1
102
RTVSPost2010Prop32
280
     0
102
RTVSPost2010PropOp32
 70
     1
102
RTVSPost2010Prop33
280
     0
102
RTVSPost2010PropOp33
 70
     1
102
RTVSPost2010Prop34
280
     0
102
RTVSPost2010PropOp34
 70
     1
102
RTVSPost2010Prop35
280
     0
102
RTVSPost2010PropOp35
 70
     1
102
RTVSPost2010Prop36
280
     0
102
RTVSPost2010PropOp36
 70
     1
102
RTVSPost2010Prop37
 90
       50
102
RTVSPost2010PropOp37
 70
     1
102
RTVSPost2010Prop38
140
0.0
102
RTVSPost2010PropOp38
 70
     1
102
RTVSPost2010Prop39
140
1.0
102
RTVSPost2010PropOp39
 70
     1
102
RTVSPost2010Prop40
 90
        0
102
RTVSPost2010PropOp40
 70
     1
102
RTVSPost2010Prop41ColorIndex
 90
       18
102
RTVSPost2010Prop41ColorRGB
 90
        0
102
RTVSPost2010PropOp41
 70
     1
102
RTVSPost2010Prop42
 90
       50
102
RTVSPost2010PropOp42
 70
     1
102
RTVSPost2010Prop43
 90
        3
102
RTVSPost2010PropOp43
 70
     1
102
RTVSPost2010Prop44ColorIndex
 90
        5
102
RTVSPost2010Prop44ColorRGB
 90
      255
102
RTVSPost2010PropOp44
 70
     1
102
RTVSPost2010Prop45
280
     0
102
RTVSPost2010PropOp45
 70
     1
102
RTVSPost2010Prop46
 90
       50
102
RTVSPost2010PropOp46
 70
     1
102
RTVSPost2010Prop47
 90
       50
102
RTVSPost2010PropOp47
 70
     1
102
RTVSPost2010Prop48
 90
       50
102
RTVSPost2010PropOp48
 70
     1
102
RTVSPost2010Prop49
280
     0
102
RTVSPost2010PropOp49
 70
     1
102
RTVSPost2010Prop50
 90
       50
102
RTVSPost2010PropOp50
 70
     1
102
RTVSPost2010Prop51ColorIndex
 90
      256
102
RTVSPost2010Prop51ColorRGB
 90
-16777216
102
RTVSPost2010PropOp51
 70
     0
102
RTVSPost2010Prop52
140
1.0
102
RTVSPost2010PropOp52
 70
     0
102
RTVSPost2010Prop53
 90
        2
102
RTVSPost2010PropOp53
 70
     1
102
RTVSPost2010Prop54
  1
strokes_ogs.tif
102
RTVSPost2010PropOp54
 70
     1
102
RTVSPost2010Prop55
280
     0
102
RTVSPost2010PropOp55
 70
     1
102
RTVSPost2010Prop56
140
1.0
102
RTVSPost2010PropOp56
 70
     1
102
RTVSPost2010Prop57
140
1.0
102
RTVSPost2010PropOp57
 70
     1
  0
XRECORD
  5
26C7
102
{ACAD_REACTORS
330
26C6
102
}
330
26C6
100
AcDbXrecord
280
     1
102
RTVSPost2010Prop28
280
     0
102
RTVSPost2010PropOp28
 70
     1
102
RTVSPost2010Prop29
280
     1
102
RTVSPost2010PropOp29
 70
     1
102
RTVSPost2010Prop30
280
     1
102
RTVSPost2010PropOp30
 70
     1
102
RTVSPost2010Prop31
280
     0
102
RTVSPost2010PropOp31
 70
     1
102
RTVSPost2010Prop32
280
     0
102
RTVSPost2010PropOp32
 70
     1
102
RTVSPost2010Prop33
280
     0
102
RTVSPost2010PropOp33
 70
     1
102
RTVSPost2010Prop34
280
     0
102
RTVSPost2010PropOp34
 70
     1
102
RTVSPost2010Prop35
280
     0
102
RTVSPost2010PropOp35
 70
     1
102
RTVSPost2010Prop36
280
     0
102
RTVSPost2010PropOp36
 70
     1
102
RTVSPost2010Prop37
 90
       50
102
RTVSPost2010PropOp37
 70
     1
102
RTVSPost2010Prop38
140
0.0
102
RTVSPost2010PropOp38
 70
     1
102
RTVSPost2010Prop39
140
1.0
102
RTVSPost2010PropOp39
 70
     1
102
RTVSPost2010Prop40
 90
        0
102
RTVSPost2010PropOp40
 70
     1
102
RTVSPost2010Prop41ColorIndex
 90
       18
102
RTVSPost2010Prop41ColorRGB
 90
        0
102
RTVSPost2010PropOp41
 70
     1
102
RTVSPost2010Prop42
 90
       50
102
RTVSPost2010PropOp42
 70
     1
102
RTVSPost2010Prop43
 90
        3
102
RTVSPost2010PropOp43
 70
     1
102
RTVSPost2010Prop44ColorIndex
 90
        5
102
RTVSPost2010Prop44ColorRGB
 90
      255
102
RTVSPost2010PropOp44
 70
     1
102
RTVSPost2010Prop45
280
     0
102
RTVSPost2010PropOp45
 70
     1
102
RTVSPost2010Prop46
 90
       50
102
RTVSPost2010PropOp46
 70
     1
102
RTVSPost2010Prop47
 90
       50
102
RTVSPost2010PropOp47
 70
     1
102
RTVSPost2010Prop48
 90
       50
102
RTVSPost2010PropOp48
 70
     1
102
RTVSPost2010Prop49
280
     0
102
RTVSPost2010PropOp49
 70
     1
102
RTVSPost2010Prop50
 90
       50
102
RTVSPost2010PropOp50
 70
     1
102
RTVSPost2010Prop51ColorIndex
 90
      256
102
RTVSPost2010Prop51ColorRGB
 90
-16777216
102
RTVSPost2010PropOp51
 70
     0
102
RTVSPost2010Prop52
140
1.0
102
RTVSPost2010PropOp52
 70
     0
102
RTVSPost2010Prop53
 90
        2
102
RTVSPost2010PropOp53
 70
     1
102
RTVSPost2010Prop54
  1
strokes_ogs.tif
102
RTVSPost2010PropOp54
 70
     1
102
RTVSPost2010Prop55
280
     0
102
RTVSPost2010PropOp55
 70
     1
102
RTVSPost2010Prop56
140
1.0
102
RTVSPost2010PropOp56
 70
     1
102
RTVSPost2010Prop57
140
1.0
102
RTVSPost2010PropOp57
 70
     1
  0
XRECORD
  5
26C9
102
{ACAD_REACTORS
330
26C8
102
}
330
26C8
100
AcDbXrecord
280
     1
102
RTVSPost2010Prop28
280
     0
102
RTVSPost2010PropOp28
 70
     1
102
RTVSPost2010Prop29
280
     1
102
RTVSPost2010PropOp29
 70
     1
102
RTVSPost2010Prop30
280
     1
102
RTVSPost2010PropOp30
 70
     1
102
RTVSPost2010Prop31
280
     0
102
RTVSPost2010PropOp31
 70
     1
102
RTVSPost2010Prop32
280
     0
102
RTVSPost2010PropOp32
 70
     1
102
RTVSPost2010Prop33
280
     0
102
RTVSPost2010PropOp33
 70
     1
102
RTVSPost2010Prop34
280
     0
102
RTVSPost2010PropOp34
 70
     1
102
RTVSPost2010Prop35
280
     0
102
RTVSPost2010PropOp35
 70
     1
102
RTVSPost2010Prop36
280
     0
102
RTVSPost2010PropOp36
 70
     1
102
RTVSPost2010Prop37
 90
       50
102
RTVSPost2010PropOp37
 70
     1
102
RTVSPost2010Prop38
140
0.0
102
RTVSPost2010PropOp38
 70
     1
102
RTVSPost2010Prop39
140
1.0
102
RTVSPost2010PropOp39
 70
     1
102
RTVSPost2010Prop40
 90
        0
102
RTVSPost2010PropOp40
 70
     1
102
RTVSPost2010Prop41ColorIndex
 90
       18
102
RTVSPost2010Prop41ColorRGB
 90
        0
102
RTVSPost2010PropOp41
 70
     1
102
RTVSPost2010Prop42
 90
       50
102
RTVSPost2010PropOp42
 70
     1
102
RTVSPost2010Prop43
 90
        3
102
RTVSPost2010PropOp43
 70
     1
102
RTVSPost2010Prop44ColorIndex
 90
        5
102
RTVSPost2010Prop44ColorRGB
 90
      255
102
RTVSPost2010PropOp44
 70
     1
102
RTVSPost2010Prop45
280
     0
102
RTVSPost2010PropOp45
 70
     1
102
RTVSPost2010Prop46
 90
       50
102
RTVSPost2010PropOp46
 70
     1
102
RTVSPost2010Prop47
 90
       50
102
RTVSPost2010PropOp47
 70
     1
102
RTVSPost2010Prop48
 90
       50
102
RTVSPost2010PropOp48
 70
     1
102
RTVSPost2010Prop49
280
     0
102
RTVSPost2010PropOp49
 70
     1
102
RTVSPost2010Prop50
 90
       50
102
RTVSPost2010PropOp50
 70
     1
102
RTVSPost2010Prop51ColorIndex
 90
      256
102
RTVSPost2010Prop51ColorRGB
 90
-16777216
102
RTVSPost2010PropOp51
 70
     0
102
RTVSPost2010Prop52
140
1.0
102
RTVSPost2010PropOp52
 70
     0
102
RTVSPost2010Prop53
 90
        2
102
RTVSPost2010PropOp53
 70
     1
102
RTVSPost2010Prop54
  1
strokes_ogs.tif
102
RTVSPost2010PropOp54
 70
     1
102
RTVSPost2010Prop55
280
     0
102
RTVSPost2010PropOp55
 70
     1
102
RTVSPost2010Prop56
140
1.0
102
RTVSPost2010PropOp56
 70
     1
102
RTVSPost2010Prop57
140
1.0
102
RTVSPost2010PropOp57
 70
     1
  0
XRECORD
  5
26CB
102
{ACAD_REACTORS
330
26CA
102
}
330
26CA
100
AcDbXrecord
280
     1
102
RTVSPost2010Prop28
280
     0
102
RTVSPost2010PropOp28
 70
     1
102
RTVSPost2010Prop29
280
     1
102
RTVSPost2010PropOp29
 70
     1
102
RTVSPost2010Prop30
280
     1
102
RTVSPost2010PropOp30
 70
     1
102
RTVSPost2010Prop31
280
     0
102
RTVSPost2010PropOp31
 70
     1
102
RTVSPost2010Prop32
280
     0
102
RTVSPost2010PropOp32
 70
     1
102
RTVSPost2010Prop33
280
     0
102
RTVSPost2010PropOp33
 70
     1
102
RTVSPost2010Prop34
280
     0
102
RTVSPost2010PropOp34
 70
     1
102
RTVSPost2010Prop35
280
     0
102
RTVSPost2010PropOp35
 70
     1
102
RTVSPost2010Prop36
280
     0
102
RTVSPost2010PropOp36
 70
     1
102
RTVSPost2010Prop37
 90
       50
102
RTVSPost2010PropOp37
 70
     1
102
RTVSPost2010Prop38
140
0.0
102
RTVSPost2010PropOp38
 70
     1
102
RTVSPost2010Prop39
140
1.0
102
RTVSPost2010PropOp39
 70
     1
102
RTVSPost2010Prop40
 90
        0
102
RTVSPost2010PropOp40
 70
     1
102
RTVSPost2010Prop41ColorIndex
 90
       18
102
RTVSPost2010Prop41ColorRGB
 90
        0
102
RTVSPost2010PropOp41
 70
     1
102
RTVSPost2010Prop42
 90
       50
102
RTVSPost2010PropOp42
 70
     1
102
RTVSPost2010Prop43
 90
        3
102
RTVSPost2010PropOp43
 70
     1
102
RTVSPost2010Prop44ColorIndex
 90
        5
102
RTVSPost2010Prop44ColorRGB
 90
      255
102
RTVSPost2010PropOp44
 70
     1
102
RTVSPost2010Prop45
280
     0
102
RTVSPost2010PropOp45
 70
     1
102
RTVSPost2010Prop46
 90
       50
102
RTVSPost2010PropOp46
 70
     1
102
RTVSPost2010Prop47
 90
       50
102
RTVSPost2010PropOp47
 70
     1
102
RTVSPost2010Prop48
 90
       50
102
RTVSPost2010PropOp48
 70
     1
102
RTVSPost2010Prop49
280
     0
102
RTVSPost2010PropOp49
 70
     1
102
RTVSPost2010Prop50
 90
       50
102
RTVSPost2010PropOp50
 70
     1
102
RTVSPost2010Prop51ColorIndex
 90
      256
102
RTVSPost2010Prop51ColorRGB
 90
-16777216
102
RTVSPost2010PropOp51
 70
     0
102
RTVSPost2010Prop52
140
1.0
102
RTVSPost2010PropOp52
 70
     0
102
RTVSPost2010Prop53
 90
        2
102
RTVSPost2010PropOp53
 70
     1
102
RTVSPost2010Prop54
  1
strokes_ogs.tif
102
RTVSPost2010PropOp54
 70
     1
102
RTVSPost2010Prop55
280
     0
102
RTVSPost2010PropOp55
 70
     1
102
RTVSPost2010Prop56
140
1.0
102
RTVSPost2010PropOp56
 70
     1
102
RTVSPost2010Prop57
140
1.0
102
RTVSPost2010PropOp57
 70
     1
  0
XRECORD
  5
26CD
102
{ACAD_REACTORS
330
26CC
102
}
330
26CC
100
AcDbXrecord
280
     1
102
RTVSPost2010Prop28
280
     0
102
RTVSPost2010PropOp28
 70
     1
102
RTVSPost2010Prop29
280
     1
102
RTVSPost2010PropOp29
 70
     1
102
RTVSPost2010Prop30
280
     1
102
RTVSPost2010PropOp30
 70
     1
102
RTVSPost2010Prop31
280
     0
102
RTVSPost2010PropOp31
 70
     1
102
RTVSPost2010Prop32
280
     0
102
RTVSPost2010PropOp32
 70
     1
102
RTVSPost2010Prop33
280
     0
102
RTVSPost2010PropOp33
 70
     1
102
RTVSPost2010Prop34
280
     0
102
RTVSPost2010PropOp34
 70
     1
102
RTVSPost2010Prop35
280
     0
102
RTVSPost2010PropOp35
 70
     1
102
RTVSPost2010Prop36
280
     0
102
RTVSPost2010PropOp36
 70
     1
102
RTVSPost2010Prop37
 90
       50
102
RTVSPost2010PropOp37
 70
     1
102
RTVSPost2010Prop38
140
0.0
102
RTVSPost2010PropOp38
 70
     1
102
RTVSPost2010Prop39
140
1.0
102
RTVSPost2010PropOp39
 70
     1
102
RTVSPost2010Prop40
 90
        0
102
RTVSPost2010PropOp40
 70
     1
102
RTVSPost2010Prop41ColorIndex
 90
       18
102
RTVSPost2010Prop41ColorRGB
 90
        0
102
RTVSPost2010PropOp41
 70
     1
102
RTVSPost2010Prop42
 90
       50
102
RTVSPost2010PropOp42
 70
     1
102
RTVSPost2010Prop43
 90
        3
102
RTVSPost2010PropOp43
 70
     1
102
RTVSPost2010Prop44ColorIndex
 90
        5
102
RTVSPost2010Prop44ColorRGB
 90
      255
102
RTVSPost2010PropOp44
 70
     1
102
RTVSPost2010Prop45
280
     0
102
RTVSPost2010PropOp45
 70
     1
102
RTVSPost2010Prop46
 90
       50
102
RTVSPost2010PropOp46
 70
     1
102
RTVSPost2010Prop47
 90
       50
102
RTVSPost2010PropOp47
 70
     1
102
RTVSPost2010Prop48
 90
       50
102
RTVSPost2010PropOp48
 70
     1
102
RTVSPost2010Prop49
280
     0
102
RTVSPost2010PropOp49
 70
     1
102
RTVSPost2010Prop50
 90
       50
102
RTVSPost2010PropOp50
 70
     1
102
RTVSPost2010Prop51ColorIndex
 90
      256
102
RTVSPost2010Prop51ColorRGB
 90
-16777216
102
RTVSPost2010PropOp51
 70
     0
102
RTVSPost2010Prop52
140
1.0
102
RTVSPost2010PropOp52
 70
     0
102
RTVSPost2010Prop53
 90
        2
102
RTVSPost2010PropOp53
 70
     1
102
RTVSPost2010Prop54
  1
strokes_ogs.tif
102
RTVSPost2010PropOp54
 70
     1
102
RTVSPost2010Prop55
280
     0
102
RTVSPost2010PropOp55
 70
     1
102
RTVSPost2010Prop56
140
1.0
102
RTVSPost2010PropOp56
 70
     1
102
RTVSPost2010Prop57
140
1.0
102
RTVSPost2010PropOp57
 70
     1
  0
DICTIONARY
  5
F44
102
{ACAD_REACTORS
330
F43
102
}
330
F43
100
AcDbDictionary
281
     1
1001
ACAD
1000
All
  0
ENDSEC
  0
SECTION
  2
Thumbnail_Data
 90
    16364
310
28000000B4000000550000000100080000000000C43B000000000000000000000000000000000000FFFFFF000000FF0000FFFF0000FF0000FFFF0000FF000000FF00FF000000000080808000C0C0C0000000FF007F7FFF000000A5005252A50000007F003F3F7F0000004C0026264C000000260013132600003FFF007F9FFF
310
000029A5005267A500001F7F003F4F7F0000134C00262F4C000009260013172600007FFF007FBFFF000052A500527CA500003F7F003F5F7F0000264C0026394C0000132600131C260000BFFF007FDFFF00007CA5005291A500005F7F003F6F7F0000394C0026424C00001C26001321260000FFFF007FFFFF0000A5A50052A5
310
A500007F7F003F7F7F00004C4C00264C4C00002626001326260000FFBF007FFFDF0000A57C0052A59100007F5F003F7F6F00004C3900264C420000261C001326210000FF7F007FFFBF0000A5520052A57C00007F3F003F7F5F00004C2600264C39000026130013261C0000FF3F007FFF9F0000A5290052A56700007F1F003F
310
7F4F00004C1300264C2F00002609001326170000FF00007FFF7F0000A5000052A55200007F00003F7F3F00004C0000264C260000260000132613003FFF00009FFF7F0029A5000067A552001F7F00004F7F3F00134C00002F4C260009260000172613007FFF0000BFFF7F0052A500007CA552003F7F00005F7F3F00264C0000
310
394C2600132600001C261300BFFF0000DFFF7F007CA5000091A552005F7F00006F7F3F00394C0000424C26001C26000021261300FFFF0000FFFF7F00A5A50000A5A552007F7F00007F7F3F004C4C00004C4C26002626000026261300FFBF0000FFDF7F00A57C0000A59152007F5F00007F6F3F004C3900004C422600261C00
310
0026211300FF7F0000FFBF7F00A5520000A57C52007F3F00007F5F3F004C2600004C39260026130000261C1300FF3F0000FF9F7F00A5290000A56752007F1F00007F4F3F004C1300004C2F26002609000026171300FF000000FF7F7F00A5000000A55252007F0000007F3F3F004C0000004C2626002600000026131300FF00
310
3F00FF7F9F00A5002900A55267007F001F007F3F4F004C0013004C262F002600090026131700FF007F00FF7FBF00A5005200A5527C007F003F007F3F5F004C0026004C2639002600130026131C00FF00BF00FF7FDF00A5007C00A55291007F005F007F3F6F004C0039004C26420026001C0026132100FF00FF00FF7FFF00A5
310
00A500A552A5007F007F007F3F7F004C004C004C264C002600260026132600BF00FF00DF7FFF007C00A5009152A5005F007F006F3F7F0039004C0042264C001C002600211326007F00FF00BF7FFF005200A5007C52A5003F007F005F3F7F0026004C0039264C00130026001C1326003F00FF009F7FFF002900A5006752A500
310
1F007F004F3F7F0013004C002F264C000900260017132600000000002D2D2D005B5B5B0089898900B7B7B700B3B3B30000000000000000000000000000000000000000000000000000000000000000000000000000000000000000000000000000000000000000000000000000000000000000000000000000000000000000
310
00000000000000000000000000000000000000000000000000000000000000000000000000000000000000000000000000000000000000000000000000000000000000000000000000000000000000000000000000000000000000000000000000000000000000000000000000000000000000000000000000000000000000
310
00000000000000000000000000000000000000000000000000000000000000000000000000000000000000000000000000000000000000000000000000000000000000000000000000000000000000000000000000000000000000000000000000000000000000000000000000000000000000000000000000000000000000
310
00000000000000000000000000000000000000000000000000000000000000000000000000000000000000000000000000000000000000000000000000000000000000000000000000000000000000000000000000000000000000000000000000000000000000000000000000000000000000000000000000000000000000
310
00000000000000000000000000000000000000000000000000000000000000000000000000000000000000000000000000000000000000000000000000000000000000000000000000000000000000000000000000000000000000000000000000000000000000000000000000000000000000000000000000000000000000
310
00000000000000000000000000000000000000000000000000000000000000000000000000000000000000000000000000000000000000000000000000000000000000000000000000000000000000000000000000000000000000000000000000000000000000000000000000000000000000000000000000000000000000
310
00000000000000000000000000000000000000000000000000000000000000000000000000000000000000000000000000000000000000000000000000000000000000000000000000000000000000000000000000000000000000000000000000000000000000000000000000000000000000000000000000000000000000
310
00000000000000000000000000000000000000000000000000000000000000000000000000000000000000000000000000000000000000000000000000000000000000000000000000000000000000000000000000000000000000000000000000000000000000000000000000000000000000000000000000000000000000
310
00000000000000000000000000000000000000000000000000000000000000000000000000000000000000000000000000000000000000000000000000000000000000000000000000000000000000000000000000000000000000000000000000000000000000000000000000000000000000000000000000000000000000
310
00000000000000000000000000000000000000000000000000000000000000000000000000000000000000000000000000000000000000000000000000000000000000000000000000000000000000000000000000000000000000000000000000000000000000000000000000000000000000000000000000000000000000
310
00000000000000000000000000000000000000000000000000000000000000000000000000000000000000000000000000000000000000000000000000000000000000000000000000000000000000000000000000000000000000000000000000000000000000000000000000000000000000000000000000000000000000
310
00000000000000000000000000000000000000000000000000000000000000000000000000000000000000000000000000000000000000000000000000000000000000000000000000000000000000000000000000000000000000000000000000000000000000000000000000000000000000000000000000000000000000
310
00000000000000000000000000000000000000000000000000000000000000000000000000000000000000000000000000000000000000000000000000000000000000000000000000000000000000000000000000000000000000000000000000000000000000000000000000000000000000000000000000000000000000
310
00000000000000000000000000000000000000000000000000000000000000000000000000000000000000000000000000000000000000000000000000000000000000000000000000000000000000000000000000000000000000000000000000000000000000000000000000000000000000000000000000000000000000
310
00000000000000000000000000000000000000000000000000000000000000000000000000000000000000000000000000000000000000000000000000000000000000000000000000000000000000000000000000000000000000000000000000000000000000000000000000000000000000000000000000000000000000
310
00000000000000000000000000000000000000000000000000000000000000000000000000000000000000000000000000000000000000000000000000000000000000000000000000000000000000000000000000000000000000000000000000000000000000000000000000000000000000000000000000000000000000
310
00000000000000000000000000000000000000000000000000000000000000000000000000000000000000000000000000000000000000000000000000000000000000000000000000000000000000000000000000000000000000000000000000000000000000000000000000000000000000000000000000000000000000
310
00000000000000000000000000000000000000000000000000000000000000000000000000000000000000000000000000000000000000000000000000000000000000000000000000000000000000000000000000000000000000000000000000000000000000000000000000000000000000000000000000000000000000
310
00000000000000000000000000000000000000000000000000000000000000000000000000000000000000000000000000000000000000000000000000000000000000000000000000000000000000000000000000000000000000000000000000000000000000000000000000000000000000000000000000000000000000
310
00000000000000000000000000000000000000000000000000000000000000000000000000000000000000000000000000000000000000000000000000000000000000000000000000000000000000000000000000000000000000000000000000000000000000000000000000000000000000000000000000000000000000
310
00000000000000000000000000000000000000000000000000000000000000000000000000000000000000000000000000000000000000000000000000000000000000000000000000000000000000000000000000000000000000000000000000000000000000000000000000000000000000000000000000000000000000
310
00000000000000000000000000000000000000000000000000000000000000000000000000000000000000000000000000000000000000000000000000000000000000000000000000000000000000000000000000000000000000000000000000000000000000000000000000000000000000000000000000000000000000
310
00000000000000000000000000000000000000000000000000000000000000000000000000000000000000000000000000000000000000000000000000000000000000000000000000000000000000000000000000000000000000000000000000000000000000000000000000000000000000000000000000000000000000
310
00000000000000000000000000000000000000000000000000000000000000000000000000000000000000000000000000000000000000000000000000000000000000000000000000000000000000000000000000000000000000000000000000000000000000000000000000000000000000000000000000000000000000
310
00000000000000000000000000000000000000000000000000000000000000000000000000000000000000000000000000000000000000000000000000000000000000000000000000000000000000000000000000000000000000000000000000000000000000000000000000000000000000000000000000000000000000
310
00000000000000000000000000000000000000000000000000000000000000000000000000000000000000000000000000000000000000000000000000000000000000000000000000000000000000000000000000000000000000000000000000000000000000000000000000000000000000000000000000000000000000
310
00000000000000000000000000000000000000000000000000000000000000000000000000000000000000000000000000000000000000000000000000000000000000000000000000000000000000000000000000000000000000000000000000000000000000000000000000000000000000000000000000000000000000
310
00000000000000000000000000000000000000000000000000000000000000000000000000000000000000000000000000000000000000000000000000000000000000000000000000000000000000000000000000000000000000000000000000000000000000000000000000000000000000000000000000000000000000
310
00000000000000000000000000000000000000000000000000000000000000000000000000000000000000000000000000000000000000000000000000000000000000000000000000000000000000000000000000000000000000000000000000000000000000000000000000000000000000000000000000000000000000
310
00000000000000000000000000000000000000000000000000000000000000000000000000000000000000000000000000000000000000000000000000000000000000000000000000000000000000000000000000000000000000000000000000000000000000000000000000000000000000000000000000000000000000
310
00000000000000000000000000000000000000000000000000000000000000000000000000000000000000000000000000000000000000000000000000000000000000000000000000000000000000000000000000000000000000000000000000000000000000000000000000000000000000000000000000000000000000
310
00000000000000000000000000000000000000000000000000000000000000000000000000000000000000000000000000000000000000000000000000000000000000000000000000000000000000000000000000000000000000000000000000000000000000000000000000000000000000000000000000000000000000
310
00000000000000000000000000000000000000000000000000000000000000000000000000000000000000000000000000000000000000000000000000000000000000000000000000000000000000000000000000000000000000000000000000000000000000000000000000000000000000000000000000000000000000
310
00000000000000000000000000000000000000000000000000000000000000000000000000000000000000000000000000000000000000000000000000000000000000000000000000000000000000000000000000000000000000000000000000000000000000000000000000000000000000000000000000000000000000
310
00000000000000000000000000000000000000000000000000000000000000000000000000000000000000000000000000000000000000000000000000000000000000000000000000000000000000000000000000000000000000000000000000000000000000000000000000000000000000000000000000000000000000
310
00000000000000000000000000000000000000000000000000000000000000000000000000000000000000000000000000000000000000000000000000000000000000000000000000000000000000000000000000000000000000000000000000000000000000070707070707070707070707070707070707070707070707
310
07070707070707070707070707070707070707070707070707070707070707070707070707070707070707070707070707070707070707070707070707070707070707070707070707070707070707070707070707070707070707070700000000000000000000000000000000000000000000000000000000000000000000
310
00000000000000000000000000000000000000000000000000000000000000000000000000000000000000000000000000000000000000000000000000000000000000000000000000000000000000000000000000000000000000000000000000000000000000000000000000000000000000000000000000000000000000
310
00000000000000000000000000000000000707000000000000000000000000000000000000000000000000000000000000000000000000000000000000000000000000000000000000000000000000000000000000000000000000000000000000000000000000000000000000000000000000000000000000000000000000
310
00000000000000000000000000000000000000000000000000000000000000000000000000000000000000000000000000000000000000000000000000000000000000000000070700000000000000000000000000000000000000000000000000000000000000000000000000000000000000000000000000000000000000
310
00000000000000000707070707070707070707070707070707070707070707070707070707070707070707070707070707070707070707070707070707070707070707070707070707070707070707070707070707070707070707070707070707070707070707070707070707070707070707070707070707070707070000
310
00000000000000000000000000000000000000000000000000000000000000000000000000000000000000000000000000000000000000000000000000070707070707070707070707070707070707070707070707070707070707070707070707070707070707070707070707070707070707070707070707070707070707
310
07070707070707070707070707070707070707070707070707070707070707070707070707070707070707070707070707070700000000000000000000000000000000000000000000000000000000000000000000000000000000000000000000000000000000000000000000000000000000000000000000000000000000
310
00000000000000000000000000000000000000000000000000000000000000000000000000000000000000000000000000000000000000000000000000000007070700000000000000000000070707000000000000000000000000070707000000000707070707070000000000000000000000000000000000000000000000
310
00000000000000000000000000000000000000000000000000000000000000000000000000000000000000000000000000000000000000000000000000000000000000000000000000000000000000000000000000000000000000000000000000000000000000000000000000000000000000000707070707070707070707
310
07070707070707070707070707070707070707070707070707070707070700000000000000000000000000000000000000000000000000000000000000000000000000000000000000000000000000000000000000000000000000000000000000000000000000000000000000000000000000000000000000000000000000
310
00000000000000000000000000000000000000000000000000000000000000000000000000000000000007070707070707070707070707070707070707070707070707070707070707070707070707070707070000000000000000000000000000000000000000000000000000000000000000000000000000000000000000
310
00000000000000000000000000000000000000000000000000000000000000000000000000000000000000000000000000000000000000000000000000000000000000000000000000000000000000000000000000000000000000000000000707070707070707070707070707070707070707070707070707070707070707
310
07070707070707070700000000000000000000000000000000000000000000000000000000000000000000000000000000000000000000000000000000000000000000000000000000000000000000000000000000000000000000000000000000000000000000000000000000000000000000000000000000000000000000
310
00000000000000000000000000000000000000000007070707070707070707070707070707070707070707070707070707070707070707070707070707070000000000000000000000000000000000000000000000000000000000000000000000000000000000000000000000000000000000000000000000000000000000
310
00000000000000000000000000000000000000000000000000000000000000000000000000000000000000000000000000000000000000000000000000000000000000000000000000000707070707070707070707070707070707070707070707070700000007070700000000070707070707000000000000000000000000
310
00000000000000000000000000000000000000000000000000000000000000000000000000000000000000000000000000000000000000000000000000000000000000000000000000000000000000000000000000000000000000000000000000000000000000000000000000000000000000000000000000000000000000
310
0707070707070707070700000007FD07070707070700000000000000070707070000000707070707070000000000000000000000000000000000000000000000000000000000000000000000000000000000000000000000000000000000000000000000000000000000000000000000000000000000000000000000000000
310
00000000000000000000000000000000000000000000000000000000000000000000000000000000000000000000000000000000000707070707070707070707070707FD0707070707070707070707070707070707070707070707070707000000000000000000000000000000000000000000000000000000000000000000
310
00000000000000000000000000000000000000000000000000000000000000000000000000000000000000000000000000000000000000000000000000000000000000000000000000000000000000000000000000000000000000000000000000000000000000000000070707070707070707070707070707070707070707
310
07070707070707070707070707070707070707070000000000000000000000000000000000000000000000000000000000000000000000000000000000000000000000000000000000000000000000000000000000000000000000000000000000000000000000000000000000000000000000000000000000000000000000
310
00000000000000000000000000000000000000000000000000000000000000000707070707070707070707070707070707000000000000000000000007070700000000070707070707000000000000000000000000000000000000000000000000000000000000000000000000000000000000000000000000000000000000
310
00000000000000000000000000000000000000000000000000000000000000000000000000000000000000000000000000000000000000000000000000000000000000000000000000000000000000000000000000070707000000000000000000000000000000000000000000000000000707070000000007070707070700
310
00000000000000000000000000000000000000000000000000000000000000000000000000000000000000000000000000000000000000000000000000000000000000000000000000000000000000000000000000000000000000000000000000000000000000000000000000000000000000000000000000000000000000
310
00000000000000000000000707070707070000000000000000000000000000000000000000000007070707070000070707070707000000000000000000000000000000000000000000000000000000000000000000000000000000000000000000000000000000000000000000000000000000000000000000000000000000
310
00000000000000000000000000000000000000000000000000000000000000000000000000000000000000000000000000000000000000000000000000000000070707070707070707070707070707070707070707070707070707070707070707070707070707070700000000000000000000000000000000000000000000
310
00000000000000000000000000000000000000000000000000000000000000000000000000000000000000000000000000000000000000000000000000000000000000000000000000000000000000000000000000000000000000000000000000000000000000000000000000000000000000000007070707070707070707
310
07070707070707070707070707070707070707070707070707070707070707000000000000000000000000000000000000000000000000000000000000000000000000000000000000000000000000000000000000000000000000000000000000000000000000000000000000000000000000000000000000000000000000
310
00000000000000000000000000000000000000000000000000000000000000000000000000000000000000070707070707070707070707070707070707070000000000000000000000000000000007070707070700000000000000000000000000000000000000000000000000000000000000000000000000000000000000
310
00000000000000000000000000000000000000000000000000000000000000000000000000000000000000000000000000000000000000000000000000000000000000000000000000000000000000000000000000000000000000000000000007070707070707070707070707070707070707070707070707070707070707
310
07070707070707070707000000000000000000000000000000000000000000000000000000000000000000000000000000000000000000000000000000000000000000000000000000000000000000000000000000000000000000000000000000000000000000000000000000000000000000000000000000000000000000
310
00000000000000000000000000000000000000000000070707070707070707070707070707070707070707070707070707070707070707070707070707070700000000000000000000000000000000000000000000000000000000000000000000000000000000000000000000000000000000000000000000000000000000
310
00000000000000000000000000000000000000000000000000000000000000000000000000000000000000000000000000000000000000000000000000000000000000000000000000000007070707070707070707070707070707070707070707070707070707070707070707070707070707070000000000000000000000
310
00000000000000000000000000000000000000000000000000000000000000000000000000000000000000000000000000000000000000000000000000000000000000000000000000000000000000000000000000000000000000000000000000000000000000000000000000000000000000000000000000000000000000
310
00070707070707070707070707070707070707070707070707070707070707070707070707070707070700000000000000000000000000000000000000000000000000000000000000000000000000000000000000000000000000000000000000000000000000000000000000000000000000000000000000000000000000
310
00000000000000000000000000000000000000000000000000000000000000000000000000000000000000000000000000000000000007070700000000000000000000070707070707070707070707070000000000000000000707070707070000000000000000000000000000000000000000000000000000000000000000
310
00000000000000000000000000000000000000000000000000000000000000000000000000000000000000000000000000000000000000000000000000000000000000000000000000000000000000000000000000000000000000000000000000000000000000000000000707070000000000000000000000000000000000
310
00000000000000000000000000000007070707070700000000000000000000000000000000000000000000000000000000000000000000000000000000000000000000000000000000000000000000000000000000000000000000000000000000000000000000000000000000000000000000000000000000000000000000
310
00000000000000000000000000000000000000000000000000000000000000000007070707070707070707070707070707070707070707070707070707070707070707070707070707070000000000000000000000000000000000000000000000000000000000000000000000000000000000000000000000000000000000
310
00000000000000000000000000000000000000000000000000000000000000000000000000000000000000000000000000000000000000000000000000000000000000000000000000000000000000000000000000000707070707070707070707070707070707070707070707070707070707070707070707070707070707
310
00000000000000000000000000000000000000000000000000000000000000000000000000000000000000000000000000000000000000000000000000000000000000000000000000000000000000000000000000000000000000000000000000000000000000000000000000000000000000000000000000000000000000
310
00000000000000000000000007070707070707070707070707070707070707070707070707070707070707070707070707070707070000000000000000000000000000000000000000000000000000000000000000000000000000000000000000000000000000000000000000000000000000000000000000000000000000
310
00000000000000000000000000000000000000000000000000000000000000000000000000000000000000000000000000000000000000000000000000000000000707070707070707070707070707070707070707070707070707070707070707070707070707070707000000000000000000000000000000000000000000
310
00000000000000000000000000000000000000000000000000000000000000000000000000000000000000000000000000000000000000000000000000000000000000000000000000000000000000000000000000000000000000000000000000000000000000000000000000000000000000000000000000000000000000
310
00000000000000000000000000000000000000000000000000000007070707070000000000000000000000000000000000000000000000000000000000000000000000000000000000000000000000000000000000000000000000000000000000000000000000000000000000000000000000000000000000000000000000
310
00000000000000000000000000000000000000000000000000000000000000000000000000000000000000000000000000000000000000000000000000000000000000000000000000000000000000000707070707000000000000000000000000000000000000000000000000000000000000000000000000000000000000
310
00000000000000000000000000000000000000000000000000000000000000000000000000000000000000000000000000000000000000000000000000000000000000000000000000000000000000000000000000000000000000000000000000000000000000000000000000000000000000000000000000000000000000
310
00000000000007070707070000000000000000000000000000000000000000000000000000000000000000000000000000000000000000000000000000000000000000000000000000000000000000000000000000000000000000000000000000000000000000000000000000000000000000000000000000000000000000
310
00000000000000000000000000000000000000000000000000000000000000000000000000000000000000000000000000000000000000000000000707070707000000000000000000000000000000000000000000000000000000000000000000000000000000000000000000000000000000000000000000000000000000
310
00000000000000000000000000000000000000000000000000000000000000000000000000000000000000000000000000000000000000000000000000000000000000000000000000000000000000000000000000000000000000000000000000000000000000000000000000000000070707070700000000000000000000
310
00000000000000000000000000000000000000000000000000000000000000000000000000000000000000000000000000000000000000000000000000000000000000000000000000000000000000000000000000000000000000000000000000000000000000000000000000000000000000000000000000000000000000
310
00000000000000000000000000000000000000000000000000000000000000000000000000000707070707000000000000000000000000000000000000000000000000000000000000000000000000000000000000000000000000000000000000000000000000000000000000000000000000000000000000000000000000
310
00000000000000000000000000000000000000000000000000000000000000000000000000000000000000000000000000000000000000000000000000000000000000000000000000000000000000000000000000000000000000070707070700000000000000000000000000000000000000000000000000000000000000
310
00000000000000000000000000000000000000000000000000000000000000000000000000000000000000000000000000000000000000000000000000000000000000000000000000000000000000000000000000000000000000000000000000000000000000000000000000000000000000000000000000000000000000
310
00000000000000000000000000000000000707070707000000000000000000000000000000000000000000000000000000000000000000000000000000000000000000000000000000000000000000000000000000000000000000000000000000000000000000000000000000000000000000000000000000000000000000
310
00000000000000000000000000000000000000000000000000000000000000000000000000000000000000000000000000000000000000000000000000000000000000000000070707070700000000000000000000000000000000000000000000000000000000000000000000000000000000000000000000000000000000
310
00000000000000000000000000000000000000000000000000000000000000000000000000000000000000000000000000000000000000000000000000000000000000000000000000000000000000000000000000000000000000000000000000000000000000000000000000000000000000000000000000000007070707
310
07000000000000000000000000000000000000000000000000000000000000000000000000000000000000000000000000000000000000000000000000000000000000000000000000000000000000000000000000000000000000000000000000000000000000000000000000000000000000000000000000000000000000
310
00000000000000000000000000000000000000000000000000000000000000000000000000000000000000000000000000070707070700000000000000000000000000000000000000000000000000000000000000000000000000000000000000000000000000000000000000000000000000000000000000000000000000
310
00000000000000000000000000000000000000000000000000000000000000000000000000000000000000000000000000000000000000000000000000000000000000000000000000000000000000000000000000000000000000000000000000000000000007070707070000000000000000000000000000000000000000
310
00000000000000000000000000000000000000000000000000000000000000000000000000000000000000000000000000000000000000000000000000000000000000000000000000000000000000000000000000000000000000000000000000000000000000000000000000000000000000000000000000000000000000
310
00000000000000000000000000000000000000000000000000000000070707070700000000000000000000000000000000000000000000000000000000000000000000000000000000000000000000000000000000000000000000000000000000000000000000000000000000000000000000000000000000000000000000
310
00000000000000000000000000000000000000000000000000000000000000000000000000000000000000000000000000000000000000000000000000000000000000000000000000000000000000000007070707070000000000000000000000000000000000000000000000000000000000000000000000000000000000
310
00000000000000000000000000000000000000000000000000000000000000000000000000000000000000000000000000000000000000000000000000000000000000000000000000000000000000000000000000000000000000000000000000000000000000000000000000000000000000000000000000000000000000
310
00000000000000070707070700000000000000000000000000000000000000000000000000000000000000000000000000000000000000000000000000000000000000000000000000000000000000000000000000000000000000000000000000000000000000000000000000000000000000000000000000000000000000
310
00000000000000000000000000000000000000000000000000000000000000000000000000000000000000000000000000000000000000000000000007070707070000000000000000000000000000000000000000000000000000000000000000000000000000000000000000000000000000000000000000000000000000
310
00000000000000000000000000000000000000000000000000000000000000000000000000000000000000000000000000000000000000000000000000000000000000000000000000000000000000000000000000000000000000000000000000000000000000000000000000000000000707070707000000000000000000
310
00000000000000000000000000000000000000000000000000000000000000000000000000000000000000000000000000000000000000000000000000000000000000000000000000000000000000000000000000000000000000000000000000000000000000000000000000000000000000000000000000000000000000
310
00000000000000000000000000000000000000000000000000000000000000000000000000000007070707070000000000000000000000000000000000000000000000000000000000000000000000000000000000000000000000000000000000000000000000000000000000000000000000000000000000000000000000
310
00000000000000000000000000000000000000000000000000000000000000000000000000000000000000000000000000000000000000000000000000000000000000000000000000000000000000000000000000000000000000000707070707000000000000000000000000000000000000000000000000000000000000
310
00000000000000000000000000000000000000000000000000000000000000000000000000000000000000000000000000000000000000000000000000000000000000000000000000000000000000000000000000000000000000000000000000000000000000000000000000000000000000000000000000000000000000
310
00000000000000000000000000000000000007070707070000000000000000000000000000000000000000000000000000000000000000000000000000000000000000000000000000000000000000000000000000000000000000000000000000000000000000000000000000000000000000000000000000000000000000
310
00000000000000000000000000000000000000000000000000000000000000000000000000000000000000000000000000000000000000000000000000000000000000000000000707070707000000000000000000000000000000000000000000000000000000000000000000000000000000000000000000000000000000
310
00000000000000000000000000000000000000000000000000000000000000000000000000000000000000000000000000000000000000000000000000000000000000000000000000000000000000000000000000000000000000000000000000000000000000000000000000000000000000000000000000000000070707
310
07070000000000000000000000000000000000000000000000000000000000000000000000000000000000000000000000000000000000000000000000000000000000000000000000000000000000000000000000000000000000000000000000000000000000000000000000000000000000000000000000000000000000
310
00000000000000000000000000000000000000000000000000000000000000000000000000000000000000000000000000000707070707000000000000000000000000000000000000000000000000000000000000000000000000000000000000000000000000000000000000000000000000000000000000000000000000
310
00000000000000000000000000000000000000000000000000000000000000000000000000000000000000000000000000000000000000000000000000000000000000000000000000000000000000000000000000000000000000000000000000000000000000070707070700000000000000000000000000000000000000
310
00000000000000000000000000000000000000000000000000000000000000000000000000000000000000000000000000000000000000000000000000000000000000000000000000000000000000000000000000000000000000000000000000000000000000000000000000000000000000000000000000000000000000
310
00000000000000000000000000000000000000000000000000000000000707070707000000000000000000000000000000000000000000000000000000000000000000000000000000000000000000000000000000000000000000000000000000000000000000000000000000000000000000000000000000000000000000
310
00000000000000000000000000000000000000000000000000000000000000000000000000000000000000000000000000000000000000000000000000000000000000000000000000000000000000000000070707070700000000000000000000000000000000000000000000000000000000000000000000000000000000
310
00000000000000000000000000000000000000000000000000000000000000000000000000000000000000000000000000000000000000000000000000000000000000000000000000000000000000000000000000000000000000000000000000000000000000000000000000000000000000000000000000000000000000
310
00000000000000000707070707000000000000000000000000000000000000000000000000000000000000000000000000000000000000000000000000000000000000000000000000000000000000000000000000000000000000000000000000000000000000000000000000000000000000000000000000000000000000
310
00000000000000000000000000000000000000000000000000000000000000000000000000000000000000000000000000000000000000000000000000070707070700000000000000000000000000000000000000000000000000000000000000000000000000000000000000000000000000000000000000000000000000
310
00000000000000000000000000000000000000000000000000000000000000000000000000000000000000000000000000000000000000000000000000000000000000000000000000000000000000000000000000000000000000000000000000000000000000000000000000000000000007070707070000000000000000
310
00000000000000000000000000000000000000000000000000000000000000000000000000000000000000000000000000000000000000000000000000000000000000000000000000000000000000000000000000000000000000000000000000000000000000000000000000000000000000000000000000000000000000
310
000000000000000000000000000000000000000000000000000000000000000000000000000000000707070707000000000000000000000000000000000000000000000000000000000000000000000000000000000000000000000000000000000000000000000000000000
  0
ENDSEC
  0
EOF
